0,1
0,2
0,4
0,5
0,7
0,8
0,31
0,38
0,51
0,66
0,90
0,135
0,286
0,308
0,396
0,773
0,898
0,1233
0,1248
0,1380
0,2013
0,2426
0,5343
0,6852
0,8519
1,2
1,3
1,6
1,11
1,17
1,18
1,20
1,21
1,37
1,38
1,114
1,201
1,203
1,284
1,424
1,437
1,443
1,509
1,1360
1,1474
1,3141
1,3657
1,3817
1,4326
1,5091
1,9381
1,9740
2,3
2,7
2,19
2,24
2,40
2,49
2,112
2,122
2,169
2,175
2,220
2,483
2,593
2,603
2,1037
2,1508
2,1766
2,1962
2,4428
2,4889
2,6774
2,9698
3,4
3,5
3,6
3,9
3,12
3,16
3,30
3,54
3,234
3,260
3,261
3,383
3,425
3,536
3,702
3,921
3,1575
3,3506
3,4515
3,5494
3,6006
3,7063
3,7614
4,5
4,11
4,14
4,18
4,20
4,21
4,23
4,33
4,51
4,71
4,101
4,190
4,272
4,279
4,312
4,334
4,519
4,560
4,614
4,1940
4,4384
5,6
5,8
5,9
5,14
5,15
5,43
5,65
5,70
5,75
5,83
5,127
5,211
5,379
5,419
5,481
5,501
5,569
5,649
5,656
5,1279
5,1492
5,1514
5,1776
5,1841
5,1913
5,2161
5,2821
5,2837
5,3875
5,4514
5,6697
5,6738
6,10
6,12
6,13
6,19
6,22
6,48
6,53
6,72
6,225
6,226
6,365
6,386
6,449
6,868
6,4278
6,8313
6,8475
6,8525
6,9841
7,11
7,34
7,79
7,86
7,98
7,154
7,292
7,332
7,354
7,487
7,819
7,1147
7,1249
7,1832
7,1945
7,5312
8,9
8,12
8,14
8,15
8,19
8,21
8,23
8,61
8,116
8,122
8,249
8,307
8,747
8,3416
8,3733
8,3975
8,4224
8,7309
8,9131
9,10
9,16
9,35
9,43
9,74
9,97
9,108
9,278
9,695
9,758
9,3376
9,4392
9,5884
10,42
10,58
10,62
10,90
10,126
10,159
10,417
10,606
10,1098
10,1104
10,1510
10,2040
10,2149
10,4003
11,13
11,25
11,26
11,133
11,158
11,431
11,502
11,521
11,601
11,695
11,809
11,1142
11,2157
11,3085
11,5816
11,6590
11,9408
12,13
12,22
12,25
12,27
12,29
12,44
12,45
12,64
12,68
12,71
12,76
12,91
12,99
12,135
12,282
12,405
12,451
12,836
12,873
12,1092
12,1117
12,1883
12,4228
12,5342
12,8889
12,9842
13,17
13,28
13,68
13,106
13,124
13,167
13,381
13,559
13,605
13,641
13,858
13,1034
13,1052
13,1126
13,1405
13,2616
13,3145
13,4406
13,5227
13,5695
13,5718
14,16
14,17
14,22
14,28
14,41
14,52
14,81
14,189
14,225
14,320
14,338
14,347
14,443
14,478
14,789
14,2196
14,2572
14,4271
14,5612
15,18
15,20
15,24
15,36
15,56
15,61
15,79
15,143
15,221
15,942
15,1422
15,1968
15,2014
15,2960
15,4336
15,4507
15,9354
16,26
16,34
16,119
16,195
16,197
16,219
16,337
16,416
16,457
16,458
16,562
16,591
16,716
16,1559
16,2394
16,3421
16,4138
16,4196
16,9101
17,41
17,47
17,56
17,104
17,118
17,414
17,460
17,927
17,1606
17,2928
17,3128
17,3455
17,3652
17,5527
18,46
18,51
18,58
18,112
18,156
18,444
18,539
18,541
18,609
18,865
18,946
18,1274
18,6585
18,7119
18,7584
19,36
19,39
19,49
19,57
19,88
19,109
19,370
19,394
19,632
19,639
19,920
19,1102
19,2144
19,4523
19,5071
19,7585
19,7772
20,27
20,29
20,50
20,54
20,107
20,128
20,229
20,269
20,1387
20,1425
20,1717
20,3002
20,3106
20,3520
21,23
21,29
21,30
21,67
21,701
21,722
21,1012
21,3161
21,3487
21,3673
21,3953
21,4801
21,6280
21,6372
21,7579
21,9051
21,9112
21,9586
22,24
22,28
22,37
22,111
22,256
22,265
22,337
22,369
22,403
22,441
22,666
22,955
22,1504
22,1685
22,3527
22,5828
22,6073
22,7804
22,8026
23,25
23,42
23,54
23,123
23,132
23,137
23,150
23,189
23,203
23,479
23,832
23,1217
23,3060
23,4032
23,4811
23,6305
24,44
24,63
24,77
24,128
24,142
24,205
24,317
24,330
24,341
24,397
24,450
24,501
24,515
24,556
24,624
24,686
24,737
24,1000
24,1631
24,1889
24,3882
24,4430
24,5109
24,6405
24,8699
24,9191
25,26
25,27
25,44
25,45
25,47
25,113
25,153
25,175
25,196
25,214
25,298
25,315
25,333
25,339
25,485
25,716
25,824
25,1085
25,2231
25,3229
25,3955
25,6620
25,8109
25,9954
26,55
26,182
26,502
26,682
26,903
26,1110
26,1148
26,2455
26,3247
26,5427
27,30
27,32
27,34
27,37
27,38
27,71
27,84
27,134
27,179
27,495
27,611
27,804
27,1604
27,1690
27,2721
27,9177
27,9335
28,31
28,35
28,46
28,48
28,72
28,88
28,96
28,116
28,120
28,148
28,188
28,208
28,222
28,309
28,555
28,1261
28,1348
28,1475
28,2107
28,3327
28,3807
28,4146
28,4516
28,4922
29,33
29,39
29,57
29,106
29,125
29,156
29,207
29,240
29,241
29,260
29,411
29,660
29,864
29,1700
29,1927
29,2080
29,2652
29,4318
29,4331
29,4538
29,9557
30,31
30,32
30,155
30,158
30,169
30,250
30,480
30,1332
30,8997
30,9583
30,9960
31,32
31,122
31,141
31,174
31,188
31,190
31,348
31,372
31,387
31,417
31,678
31,768
31,1838
31,2486
31,3139
31,6493
31,6555
32,33
32,35
32,84
32,89
32,243
32,340
32,643
32,722
32,727
32,774
32,848
32,1128
32,1612
32,1641
32,1812
32,3160
32,3597
32,6664
33,36
33,40
33,52
33,64
33,147
33,315
33,1121
33,1585
33,2946
33,3278
33,4360
33,4598
33,6291
33,8646
33,9180
34,65
34,70
34,73
34,157
34,209
34,229
34,252
34,276
34,725
34,824
34,1155
34,1402
34,1725
34,2500
34,7083
34,7250
35,63
35,78
35,109
35,136
35,179
35,180
35,231
35,276
35,328
35,368
35,407
35,432
35,436
35,503
35,664
35,837
35,1789
35,2011
35,3688
35,3924
35,5832
35,8227
35,9669
36,39
36,45
36,52
36,86
36,90
36,104
36,110
36,380
36,441
36,466
36,698
36,984
36,1120
36,1153
36,1208
36,1308
36,1836
36,2139
36,2447
36,2714
36,2813
36,4188
36,7062
37,46
37,64
37,66
37,76
37,89
37,97
37,119
37,204
37,218
37,601
37,646
37,717
37,751
37,805
37,1093
37,2997
37,5272
37,7329
38,43
38,150
38,343
38,350
38,440
38,527
38,597
38,612
38,985
38,1013
38,1138
38,1242
38,1289
38,3372
38,5659
38,6606
38,7304
38,8844
39,41
39,59
39,67
39,69
39,78
39,80
39,82
39,93
39,110
39,212
39,254
39,318
39,322
39,353
39,367
39,510
39,649
39,684
39,4115
39,6946
39,7304
40,48
40,104
40,216
40,384
40,668
40,843
40,913
40,1336
40,1924
40,2096
40,2742
40,8572
40,8977
41,50
41,62
41,69
41,85
41,98
41,99
41,120
41,146
41,191
41,260
41,493
41,760
41,1816
41,2652
41,3935
41,5788
41,8793
42,55
42,172
42,185
42,192
42,242
42,1871
42,2134
42,2583
42,4271
42,8581
43,135
43,168
43,2407
43,5453
44,49
44,60
44,62
44,126
44,160
44,377
44,426
44,429
44,488
44,1240
44,1299
44,1844
44,2343
44,3111
44,3164
44,3257
44,3642
44,3712
44,3858
44,6337
44,7805
44,9643
45,47
45,53
45,68
45,79
45,95
45,247
45,357
45,671
45,1331
45,2267
45,3294
45,3523
45,4097
45,4181
45,4187
45,4552
45,8922
46,98
46,105
46,117
46,178
46,236
46,343
46,931
46,1473
46,2185
46,2902
46,3983
46,4343
46,4708
46,5410
46,6657
46,8190
47,59
47,94
47,160
47,206
47,213
47,236
47,366
47,508
47,563
47,608
47,1623
47,1829
47,1984
47,2052
47,4346
47,5331
47,6425
47,8453
48,56
48,76
48,89
48,124
48,358
48,496
48,607
48,837
48,1528
48,1767
48,2107
48,2399
48,2560
48,3390
48,4502
48,8414
48,9104
49,82
49,140
49,164
49,186
49,226
49,248
49,271
49,576
49,603
49,1003
49,1625
49,1653
49,1972
49,2593
49,3228
49,8574
50,53
50,57
50,66
50,129
50,186
50,257
50,279
50,313
50,339
50,381
50,771
50,778
50,1893
50,1995
50,2096
50,5067
50,6028
50,7371
50,7674
50,8755
51,59
51,77
51,174
51,183
51,212
51,268
51,478
51,602
51,1063
51,1684
51,5481
51,6094
52,61
52,70
52,72
52,108
52,214
52,231
52,303
52,368
52,400
52,461
52,572
52,669
52,700
52,1225
52,2013
52,2807
52,3261
52,8496
53,55
53,134
53,200
53,259
53,280
53,288
53,299
53,361
53,1264
53,2358
53,6185
53,8280
53,9262
54,77
54,83
54,103
54,127
54,192
54,223
54,333
54,370
54,667
54,705
54,795
54,839
54,1168
54,1247
54,1892
54,2391
54,3042
54,3721
54,6106
54,6548
54,6611
54,9128
55,60
55,97
55,164
55,323
55,442
55,544
55,952
55,976
55,1119
55,1224
55,1545
55,6411
55,7147
56,74
56,111
56,124
56,133
56,152
56,185
56,228
56,266
56,418
56,452
56,675
56,843
56,1129
56,1180
56,1282
56,1298
56,1347
56,1439
56,1888
56,1902
56,2319
56,6041
56,6184
57,58
57,60
57,63
57,121
57,162
57,176
57,181
57,211
57,926
57,1074
57,2582
57,2754
57,3159
57,5548
57,6740
58,99
58,101
58,102
58,161
58,276
58,615
58,712
58,1364
58,1884
58,2674
58,2921
58,2975
58,3702
58,3870
58,4968
59,144
59,153
59,1181
59,1564
59,1648
59,4339
59,5986
59,6204
59,6708
60,107
60,130
60,287
60,393
60,435
60,541
60,546
60,797
60,882
60,901
60,1095
60,2126
60,2584
60,2913
60,3678
61,78
61,87
61,105
61,432
61,517
61,539
61,624
61,627
61,634
61,812
61,901
61,1214
61,1233
61,1492
61,3147
61,3557
61,3776
61,5874
61,5980
62,113
62,251
62,262
62,278
62,338
62,449
62,780
62,888
62,990
62,1209
62,1259
62,1999
62,2186
62,2396
62,2823
62,3066
62,3881
62,5062
63,65
63,73
63,114
63,160
63,163
63,166
63,197
63,200
63,232
63,373
63,386
63,418
63,455
63,482
63,580
63,711
63,781
63,862
63,1603
63,1630
63,1892
63,2111
63,5627
63,8469
64,80
64,81
64,92
64,220
64,250
64,549
64,583
64,655
64,785
64,1760
64,2007
64,2165
64,3096
64,4982
64,5080
64,7320
64,7393
64,8355
65,67
65,75
65,223
65,241
65,348
65,548
65,675
65,693
65,732
65,804
65,2269
65,2434
65,3151
65,4446
65,5752
65,6484
65,9917
66,69
66,73
66,82
66,85
66,116
66,127
66,407
66,442
66,595
66,655
66,678
66,740
66,1132
66,1415
66,1709
66,2260
66,3282
66,3843
66,4158
66,5123
66,5274
66,6704
66,9193
67,74
67,91
67,96
67,146
67,247
67,608
67,1333
67,1403
67,5636
67,6303
67,9753
68,87
68,100
68,192
68,217
68,470
68,651
68,743
68,846
68,996
68,1328
68,4485
68,4899
68,8239
68,8260
69,87
69,118
69,275
69,487
69,718
69,828
69,1953
69,2575
69,2931
69,3524
69,5551
69,5631
69,6166
69,6857
69,9670
70,84
70,88
70,94
70,115
70,121
70,262
70,291
70,400
70,640
70,723
70,849
70,1146
70,1203
70,1369
70,1424
70,1622
70,2182
70,4182
70,4374
71,123
71,150
71,167
71,191
71,790
71,910
71,1116
71,1160
71,3396
71,5866
72,102
72,149
72,287
72,324
72,578
72,599
72,837
72,866
72,1410
72,1542
72,1649
72,2005
72,2216
72,3492
72,3612
72,3792
72,4516
72,5537
72,5666
72,9715
72,9731
73,96
73,255
73,637
73,922
73,1179
73,1252
73,1311
73,1768
73,1976
73,2470
73,2874
73,2912
73,3334
73,5796
73,6727
74,110
74,115
74,141
74,184
74,193
74,210
74,309
74,372
74,474
74,484
74,860
74,1210
74,1328
74,3522
74,3715
74,4680
74,4741
74,4957
74,5070
75,83
75,86
75,92
75,109
75,146
75,175
75,227
75,257
75,834
75,936
75,1286
75,1853
75,2456
75,3211
75,3864
75,5542
75,5809
75,6763
75,8202
76,106
76,142
76,173
76,543
76,718
76,1571
76,1870
76,2168
76,3273
76,3842
76,3950
76,9466
77,91
77,179
77,204
77,206
77,360
77,448
77,520
77,530
77,709
77,1404
77,2363
77,3054
77,5866
77,5892
77,7244
78,81
78,93
78,264
78,514
78,648
78,831
78,1436
78,1691
78,2727
78,2787
78,7091
78,7900
78,8665
78,9523
79,80
79,105
79,138
79,149
79,157
79,1283
79,1850
79,2139
79,4024
79,8738
80,125
80,137
80,193
80,389
80,489
80,644
80,663
80,1330
80,1650
80,2801
80,3656
80,3667
81,114
81,142
81,169
81,217
81,222
81,254
81,413
81,424
81,545
81,573
81,1161
81,1640
81,3270
81,5039
81,5332
81,6287
81,7479
81,9458
82,95
82,100
82,115
82,118
82,184
82,253
82,281
82,847
82,1464
82,2169
82,2310
82,2546
82,3247
82,3462
82,5939
82,9331
83,103
83,354
83,626
83,919
83,1053
83,1172
83,1710
83,1851
83,3567
83,8864
84,85
84,102
84,145
84,161
84,223
84,516
84,1466
84,5416
84,6093
84,7069
85,119
85,152
85,177
85,204
85,351
85,1607
85,4075
85,4384
85,6816
85,8390
86,95
86,173
86,286
86,298
86,311
86,472
86,592
86,980
86,1379
86,2023
86,2923
86,5803
87,152
87,158
87,205
87,530
87,564
87,904
87,2133
87,7005
87,8320
88,130
88,140
88,144
88,171
88,220
88,270
88,304
88,346
88,398
88,428
88,1069
88,1243
88,1597
88,2247
88,2529
88,2876
88,2917
88,4640
88,8030
89,113
89,144
89,208
89,336
89,337
89,417
89,1541
89,1556
89,1597
89,5881
89,7084
90,92
90,101
90,131
90,163
90,165
90,191
90,272
90,305
90,329
90,369
90,699
90,1099
90,1109
90,2193
90,2422
90,2911
90,3302
90,3810
90,4489
90,6696
90,8234
91,93
91,94
91,126
91,181
91,198
91,258
91,313
91,673
91,698
91,751
91,1495
91,2868
91,2889
91,3764
91,4273
91,5192
91,7696
92,107
92,161
92,180
92,261
92,263
92,491
92,749
92,781
92,1511
92,1887
92,2108
92,8078
92,9242
93,100
93,125
93,166
93,198
93,235
93,242
93,285
93,353
93,451
93,481
93,1698
93,3026
93,5088
94,156
94,224
94,366
94,487
94,546
94,699
94,702
94,2635
94,4068
94,4720
94,9047
95,329
95,404
95,1027
95,1081
95,1348
95,2450
95,7456
95,7542
96,143
96,199
96,215
96,244
96,264
96,360
96,513
96,568
96,1582
96,1759
96,2066
96,3894
96,3908
96,3919
96,5571
97,108
97,164
97,336
97,508
97,565
97,944
97,1090
97,1107
97,1355
97,1833
97,3873
97,4837
97,4914
97,5531
97,7342
97,8570
97,9931
98,112
98,138
98,155
98,213
98,262
98,399
98,441
98,629
98,979
98,1108
98,1299
98,1717
98,1898
98,2199
98,2545
98,5936
98,8662
99,121
99,131
99,133
99,148
99,174
99,266
99,590
99,1043
99,1394
99,2533
99,4221
99,9917
100,145
100,165
100,189
100,234
100,272
100,498
100,720
100,1923
100,3137
100,4229
100,5332
100,7941
100,9692
101,163
101,165
101,233
101,302
101,553
101,777
101,1468
101,1742
101,2414
101,2756
101,7974
102,103
102,147
102,151
102,218
102,224
102,246
102,269
102,393
102,577
102,654
102,988
102,998
102,1788
102,2910
102,4118
103,162
103,171
103,183
103,246
103,350
103,431
103,618
103,657
103,2160
103,4235
104,111
104,231
104,307
104,365
104,440
104,447
104,600
104,768
104,892
104,1117
104,1405
104,1865
104,2009
104,3243
104,3288
104,4028
104,4452
104,5883
105,222
105,443
105,534
105,891
105,1034
105,1658
105,2291
105,2443
105,2465
105,2630
105,2841
105,3303
105,3917
105,4287
105,4427
105,5426
105,7127
106,129
106,145
106,187
106,346
106,395
106,753
106,782
106,834
106,856
106,1164
106,1433
106,2104
106,3394
107,130
107,151
107,217
107,511
107,612
107,1264
107,1948
107,2244
107,2718
107,2728
107,2757
107,2935
107,8156
107,9877
108,117
108,120
108,132
108,139
108,143
108,176
108,182
108,228
108,266
108,297
108,306
108,444
108,522
108,896
108,1337
108,1389
108,1596
108,2084
108,3112
108,4565
109,129
109,131
109,141
109,162
109,421
109,480
109,807
109,1027
109,1043
109,1169
109,1368
109,1526
109,1577
109,1949
109,2257
109,2383
109,2690
109,2741
109,4433
109,4710
109,7474
109,8526
110,273
110,294
110,408
110,616
110,1153
110,1271
110,1587
110,3864
110,7388
111,238
111,277
111,326
111,388
111,413
111,510
111,672
111,687
111,688
111,1019
111,1239
111,1392
111,1430
111,4806
112,136
112,172
112,213
112,316
112,551
112,611
112,681
112,689
112,1101
112,1323
112,2099
112,3240
112,3370
112,4156
112,8686
113,195
113,244
113,263
113,364
113,1525
113,2140
113,2310
113,2649
113,2961
113,3746
113,3776
113,5163
113,6279
113,8535
113,9910
114,331
114,635
114,660
114,800
114,836
114,967
114,1351
114,1409
114,1565
114,2236
114,2290
114,2357
114,4279
114,5872
115,196
115,460
115,622
115,877
115,971
115,1287
115,1959
115,2144
115,2156
115,2399
115,3747
115,3942
115,5059
115,5142
116,117
116,139
116,274
116,348
116,522
116,548
116,801
116,828
116,1531
116,4882
116,7869
116,9430
117,187
117,230
117,235
117,267
117,303
117,822
117,1520
117,1625
117,1654
117,2102
117,4850
117,5301
117,7481
117,7655
117,8650
118,194
118,202
118,253
118,319
118,367
118,403
118,562
118,653
118,1046
118,1107
118,1655
118,1715
118,2003
118,3571
118,3691
118,5403
118,7723
118,7795
118,8909
119,123
119,273
119,455
119,779
119,2830
119,2942
119,5659
119,7018
119,8199
119,9460
120,128
120,132
120,185
120,292
120,310
120,327
120,520
120,1157
120,1273
120,1558
121,362
121,738
121,829
121,1183
121,1907
121,2790
121,3502
121,4610
122,155
122,159
122,549
122,622
122,658
122,729
122,878
122,1429
122,1918
122,3822
122,4945
123,363
123,401
123,613
123,756
123,996
123,2296
123,2526
123,2597
123,3509
123,3520
123,4226
123,4987
123,5826
123,9336
124,140
124,238
124,355
124,408
124,469
124,530
124,707
124,916
124,1086
124,1208
124,1372
124,1561
124,1652
124,1745
124,1802
124,2092
124,2390
124,3446
124,3451
124,5027
125,134
125,149
125,187
125,243
125,547
125,733
125,1167
125,1446
125,2937
125,5696
125,8047
126,177
126,334
126,392
126,512
126,567
126,633
126,730
126,939
126,1438
126,1823
126,1961
126,3817
127,151
127,205
127,271
127,318
127,333
127,402
127,848
127,853
127,896
127,1054
127,1060
127,1431
127,1529
127,2770
127,3669
127,6060
127,6636
128,157
128,194
128,282
128,518
128,617
128,999
128,1058
128,1111
128,1739
128,3038
128,3110
128,4792
128,5337
128,6374
128,9318
129,216
129,693
129,904
129,1002
129,1018
129,1532
129,1663
129,1921
129,2240
129,2265
129,2802
129,3531
129,5155
129,6222
129,6711
129,7346
129,7668
129,8658
129,8720
129,8906
130,159
130,227
130,290
130,305
130,345
130,377
130,468
130,709
130,799
130,1386
130,1461
130,1557
130,2870
130,3362
130,3726
130,5711
130,8268
131,137
131,182
131,439
131,804
131,1975
131,2303
131,2468
131,2503
131,3342
131,4305
131,8258
131,8424
132,202
132,361
132,396
132,410
132,897
132,2201
132,2858
132,3900
132,4256
132,7760
133,173
133,183
133,237
133,298
133,373
133,390
133,547
133,1023
133,1444
133,1730
133,2001
133,2193
133,3054
133,3457
133,4838
133,6113
133,6702
133,6884
133,7423
133,7610
134,136
134,176
134,281
134,342
134,406
134,420
134,542
134,681
134,884
134,1480
134,2372
134,2912
134,2924
134,3975
134,7140
134,7213
135,138
135,154
135,201
135,203
135,436
135,552
135,568
135,977
135,1403
135,7992
136,139
136,600
136,1257
136,1425
136,2277
136,5213
137,154
137,312
137,690
137,2217
137,2691
137,5125
137,5271
137,5339
137,8226
138,178
138,202
138,207
138,208
138,245
138,486
138,527
138,1306
139,306
139,639
139,989
139,1041
139,1149
139,1269
139,1421
139,1682
139,5661
139,6067
140,167
140,180
140,248
140,283
140,429
140,491
140,636
140,883
140,1869
140,2463
140,5190
140,5831
140,7041
140,8076
140,9237
141,199
141,237
141,356
141,406
141,643
141,740
141,1153
141,1474
141,1489
141,2597
141,2932
141,3132
141,4349
141,5493
141,6225
141,6584
141,9397
142,171
142,300
142,342
142,385
142,411
142,419
142,599
142,792
142,884
142,896
142,966
142,995
142,1160
142,1785
142,2741
142,3096
142,5203
142,5849
142,7452
142,7714
143,148
143,153
143,195
143,288
143,653
143,912
143,1149
143,2192
143,3499
143,6647
143,7454
143,7813
143,8176
143,8642
144,201
144,209
144,754
144,784
144,1125
144,1296
144,1792
144,1895
144,2012
144,2996
144,6218
144,7116
144,9823
145,206
145,375
145,395
145,587
145,3098
145,3481
145,4690
146,335
146,416
146,438
146,526
146,743
146,814
146,838
146,961
146,1089
146,1129
146,1357
146,1696
146,1734
146,1919
146,2026
146,2772
146,7242
146,9550
146,9569
147,168
147,178
147,371
147,384
147,499
147,683
147,995
147,1011
147,2329
147,2786
147,3043
147,3104
147,3369
147,8571
147,9815
148,241
148,308
148,596
148,651
148,665
148,1526
148,4683
148,6542
148,8465
148,8660
148,9763
149,297
149,376
149,450
149,760
149,993
149,1667
149,2883
149,2947
149,3374
149,3732
149,5255
149,9608
150,199
150,226
150,232
150,401
150,434
150,700
150,752
150,1296
150,1856
150,2128
150,2174
150,2281
150,2294
150,5674
150,7384
151,583
151,647
151,1169
151,1257
151,1467
151,1735
151,1943
151,3692
151,4257
151,4360
151,4388
151,6095
151,6811
151,7514
151,8932
151,9264
151,9390
152,170
152,296
152,352
152,477
152,514
152,1301
152,2333
152,3102
152,8164
153,190
153,258
153,259
153,296
153,347
153,423
153,558
153,570
153,983
153,1044
153,1202
153,1255
153,1855
153,2119
153,2497
153,2740
154,270
154,281
154,459
154,477
154,485
154,774
154,916
154,1373
154,2462
154,2673
154,4289
154,4676
154,6081
154,7439
154,8751
155,196
155,207
155,212
155,513
155,707
155,776
155,1555
155,2068
155,4544
155,4638
155,8298
156,209
156,293
156,741
156,1221
156,1624
156,1719
156,1879
156,2147
156,3086
156,3827
156,4362
156,7910
157,181
157,210
157,274
157,280
157,299
157,319
157,876
157,1191
157,1472
157,1529
157,1691
157,2265
157,3173
157,4131
157,4508
157,5588
157,5664
157,7613
157,7780
158,168
158,259
158,289
158,476
158,495
158,604
158,894
158,994
158,1291
158,1856
158,2111
158,2528
158,4526
158,5628
158,5667
158,7516
158,7732
159,316
159,350
159,1322
159,2285
159,2663
159,4064
159,8218
160,172
160,186
160,248
160,503
160,542
160,2006
160,2177
160,3058
160,3173
160,5315
160,8029
161,214
161,440
161,475
161,581
161,635
161,703
161,861
161,1271
161,1430
161,1611
161,1837
161,2613
161,2648
161,2737
161,4298
161,5239
161,6597
162,437
162,1200
162,6985
163,166
163,170
163,357
163,586
163,634
163,1091
163,2023
163,3185
163,3424
163,4584
164,363
164,442
164,1001
164,1339
164,2050
164,2178
164,4519
164,5569
164,6034
165,170
165,184
165,228
165,301
165,598
165,677
165,1065
165,2206
165,4166
165,5107
165,5377
165,8166
165,8182
166,268
166,335
166,512
166,597
166,911
166,973
166,1117
166,1181
166,1554
166,2134
166,3425
166,3679
166,3740
166,5905
167,303
167,320
167,447
167,454
167,554
167,632
167,721
167,755
167,1390
167,1569
167,1747
167,1854
167,3687
167,3853
167,3859
167,3912
168,188
168,229
168,235
168,631
168,747
168,759
168,1024
168,1969
168,2046
168,2327
168,2520
168,3138
168,3493
168,4279
168,5248
168,6103
168,7847
168,8849
169,311
169,362
169,855
169,1441
169,2345
169,3733
169,8285
169,8898
170,216
170,295
170,321
170,526
170,579
170,626
170,810
170,2125
170,2965
170,3120
170,3605
170,3624
170,3812
170,7954
170,9868
171,239
171,633
171,655
171,1528
171,3889
171,4404
171,4765
171,4776
171,5098
171,6602
171,6992
171,7839
171,8825
172,221
172,415
172,775
172,1407
172,1631
172,2264
172,4459
172,6903
173,215
173,306
173,345
173,445
173,560
173,587
173,1001
173,1990
173,2059
173,3584
173,3744
173,4433
173,6106
173,7193
173,9538
174,265
174,300
174,351
174,448
174,474
174,518
174,531
174,1228
174,1506
174,1915
174,2294
174,2921
175,374
175,414
175,670
175,928
175,964
175,1131
175,1759
175,2463
175,3051
175,3642
175,7145
176,177
176,233
176,270
176,391
176,446
176,910
176,1303
176,1552
176,1997
176,3446
176,3450
176,6436
176,8816
177,198
177,200
177,275
177,367
177,528
177,856
177,1225
177,1292
177,1798
177,2014
177,3970
177,4049
177,5194
178,193
178,344
178,490
178,556
178,1629
178,7243
178,7532
179,218
179,245
179,316
179,343
179,351
179,409
179,1554
179,1591
179,1604
179,1744
179,2300
179,2860
179,4192
179,5091
179,6462
179,7851
179,8368
180,227
180,286
180,287
180,288
180,551
180,564
180,959
180,1003
180,1030
180,1211
180,1467
180,2774
180,2892
180,4061
180,4088
181,322
181,325
181,1024
181,1297
181,1456
181,2094
181,2168
181,3682
181,5274
181,7016
181,7737
181,9297
182,197
182,621
182,696
182,924
182,940
182,945
182,1304
182,3009
182,4365
182,5707
182,5804
182,7439
182,8553
182,9540
183,307
183,620
183,1324
183,1395
183,2263
183,2567
183,2755
183,3856
183,6924
183,6985
183,8449
184,242
184,268
184,373
184,581
184,663
184,1109
184,1309
184,1417
184,1764
184,1891
184,1933
184,2205
184,4119
184,4468
184,8792
185,253
185,331
185,642
185,766
185,920
185,1204
185,1236
185,1773
185,2632
185,6796
185,8606
186,219
186,332
186,338
186,359
186,492
186,668
186,679
186,986
186,1599
187,308
187,1048
187,1071
187,1397
187,1501
187,2097
187,2459
187,2590
187,2985
187,3113
187,3782
187,3932
187,5738
187,6845
188,215
188,252
188,463
188,540
188,621
188,1038
188,1162
188,1807
188,2241
188,2674
188,3121
188,3543
188,4075
188,5215
188,5775
188,8171
188,9896
189,258
189,265
189,284
189,606
189,641
189,683
189,1358
189,1372
189,1527
189,1709
189,2123
189,2495
189,2795
189,3293
189,4837
189,8892
190,251
190,468
190,631
190,678
190,1015
190,1071
190,1871
190,3092
190,7381
191,504
191,579
191,1411
191,1478
191,2101
191,2877
191,3205
191,3965
191,8411
192,210
192,240
192,244
192,292
192,341
192,400
192,577
192,1300
192,1662
192,1861
192,2429
192,2935
192,3850
192,4253
192,4460
192,7631
192,9377
193,247
193,251
193,465
193,500
193,591
193,802
193,932
193,1014
193,1608
193,2472
193,2717
193,3347
193,4568
193,8819
194,219
194,346
194,517
194,596
194,631
194,844
194,845
194,850
194,1214
194,1245
194,2369
194,4051
194,4157
195,234
195,304
195,344
195,560
195,575
195,1182
195,2534
195,3967
196,828
196,1407
196,2241
196,2557
196,2695
196,8039
197,211
197,230
197,232
197,238
197,483
197,757
197,2702
197,3296
197,5810
198,317
198,413
198,430
198,985
198,1849
198,2340
198,2988
198,4044
198,9834
198,9847
199,257
199,436
199,558
199,740
199,1009
199,1130
199,1960
199,2084
199,2547
199,3313
199,4991
199,4997
200,582
200,618
200,816
200,1055
200,1879
200,2683
201,295
201,335
201,612
201,829
201,1224
201,1383
201,2118
201,3621
201,4670
201,6821
201,8330
202,388
202,406
202,452
202,511
202,1611
202,1737
202,2542
202,3501
202,3645
202,3781
202,4136
202,4357
202,4932
202,8575
203,237
203,249
203,324
203,561
203,1066
203,1562
203,1805
203,1983
203,2050
203,3233
203,3323
203,4017
203,9097
204,230
204,269
204,290
204,312
204,463
204,505
204,580
204,618
204,960
204,1203
204,1790
204,1827
204,2646
204,2951
204,5728
204,7521
204,8333
205,439
205,486
205,1858
205,2373
205,5049
205,5566
206,322
206,349
206,383
206,508
206,524
206,532
206,1417
206,2027
207,243
207,374
207,421
207,453
207,840
207,1000
207,3662
207,3737
207,4153
207,4355
207,4497
207,5159
207,5359
207,5653
207,6937
208,256
208,294
208,368
208,386
208,671
208,782
208,823
208,1458
208,1640
208,1643
208,2203
208,3152
208,4107
208,4981
208,6316
209,294
209,483
209,490
209,623
209,680
209,710
209,972
209,1223
209,1651
209,2183
209,3763
209,5235
209,5908
210,344
210,385
210,634
210,844
210,1499
210,2148
210,2408
210,3320
210,5764
210,6817
210,8721
210,9187
210,9489
211,250
211,660
211,974
211,1007
211,1140
211,1171
211,2016
211,7302
211,7720
212,283
212,331
212,402
212,900
212,1009
212,3902
212,4467
213,225
213,252
213,313
213,314
213,326
213,588
213,723
213,734
213,1295
213,2138
213,2627
213,5671
213,7141
214,221
214,254
214,280
214,319
214,527
214,667
214,1477
214,2834
214,3126
214,3618
214,4194
214,5235
214,8508
215,224
215,279
215,578
215,611
215,905
215,1642
215,2512
215,2657
215,7881
215,9387
215,9854
216,318
216,361
216,569
216,708
216,785
216,1038
216,1133
216,2665
217,239
217,398
217,456
217,1042
217,1193
217,1706
217,4033
217,5187
218,285
218,981
218,1353
218,1363
218,2268
218,2515
218,3632
218,4709
218,5440
219,236
219,311
219,323
219,495
219,1237
219,1993
219,2105
219,3386
219,4012
219,9576
219,9751
220,404
220,415
220,543
220,894
220,1380
220,1431
220,1482
220,3159
221,314
221,411
221,461
221,584
221,585
221,765
221,1137
222,291
222,370
222,604
222,791
222,1093
222,1669
222,1774
222,1984
222,2020
222,3596
222,4675
222,4752
222,6293
222,6904
222,7870
222,7948
223,327
223,546
223,665
223,881
223,1972
223,2175
223,2481
223,2710
223,2711
223,3590
223,3713
223,5910
223,7300
223,9609
224,680
224,1006
224,1342
224,1817
224,3219
224,3301
224,3485
224,3895
224,5452
224,5520
224,7313
224,9169
225,330
225,437
225,454
225,763
225,1527
225,2475
225,7044
226,240
226,275
226,340
226,1441
226,1838
226,1994
226,2917
226,3353
226,4289
226,4493
226,4532
226,5467
226,6250
227,277
227,383
227,1141
227,1731
227,3076
227,3256
227,3544
227,4465
227,4898
227,5042
227,7690
227,8811
228,233
228,239
228,282
228,379
228,427
228,733
228,743
228,1033
228,3860
228,5730
228,5877
228,6002
228,7824
228,8437
229,267
229,447
229,613
229,672
229,901
229,1226
229,1639
230,300
230,302
230,423
230,656
230,791
230,814
230,898
230,2621
230,2686
230,9276
231,325
231,349
231,606
231,652
231,899
231,1023
231,1073
231,6560
231,6840
231,7879
232,290
232,412
232,494
232,525
232,670
232,687
232,813
232,1216
232,1556
232,3722
232,3941
232,4687
232,5211
232,6376
233,256
233,385
233,759
233,772
233,1198
233,1217
233,2980
233,3514
233,3584
233,4595
234,255
234,1202
234,1380
234,1921
234,3797
234,4945
234,6079
234,8939
235,622
235,742
235,851
235,1213
235,1307
235,2157
235,2504
235,8025
235,8915
236,387
236,452
236,525
236,589
236,595
236,658
236,1248
236,1316
236,1819
236,1834
236,2029
236,2159
236,2987
236,3554
236,5845
236,6122
236,7678
236,7679
236,8610
236,9132
237,273
237,468
237,471
237,507
237,693
237,5023
237,7520
237,9003
238,321
238,349
238,797
238,1059
238,1227
238,1306
238,1794
238,1844
238,2569
238,3067
238,4321
238,9477
239,245
239,284
239,523
239,681
239,697
239,964
239,984
239,2029
239,2238
239,2991
239,3218
239,4116
239,4384
239,5211
239,6936
239,7149
239,7970
239,9711
240,414
240,543
240,2551
240,3542
240,3580
240,4977
240,6070
240,6933
241,274
241,314
241,1738
241,4497
241,7937
241,8482
241,9066
242,246
242,261
242,291
242,887
242,1955
242,2344
242,3120
242,4825
243,431
243,536
243,831
243,851
243,874
243,1250
243,1366
243,1651
243,5396
244,285
244,317
244,397
244,587
244,746
244,1369
244,1710
244,2505
244,2779
244,2936
244,3393
244,5055
244,7246
245,249
245,405
245,445
245,670
245,2173
245,2981
245,4363
245,4929
245,7519
246,387
246,550
246,780
246,807
246,1151
246,1196
246,1645
246,3617
246,6447
246,8284
247,263
247,341
247,575
247,609
247,882
247,1448
247,1535
247,1818
247,2525
247,3155
247,4632
247,6938
248,278
248,295
248,309
248,433
248,451
248,629
248,928
248,1031
248,1309
248,1510
248,1673
248,2471
248,3268
248,3782
248,3874
248,3949
248,4302
248,4388
248,9385
249,439
249,595
249,691
249,1444
249,2132
249,2209
249,2799
249,4263
249,5273
250,297
250,325
250,429
250,535
250,594
250,602
250,645
250,1047
250,1246
250,2685
250,2818
250,8841
251,277
251,293
251,450
251,927
251,1010
251,1686
251,2091
251,2555
251,2722
251,3007
251,4720
251,7240
252,255
252,310
252,426
252,435
252,1038
252,1050
252,1053
252,1134
252,1308
252,1338
252,2004
252,4335
252,5577
252,7676
253,426
253,540
253,552
253,565
253,2348
253,3201
253,8039
254,394
254,538
254,1580
254,2763
254,6970
254,8001
255,289
255,299
255,410
255,526
255,570
255,1334
255,1790
255,3232
256,283
256,289
256,932
256,1703
256,1752
256,5563
256,8060
257,264
257,376
257,484
257,529
257,602
257,682
257,903
257,1080
257,1931
257,2022
257,5158
257,6499
258,375
258,918
258,1283
258,1705
258,2020
258,3194
258,4557
258,4805
259,329
259,826
259,1461
259,1867
259,1895
259,1963
259,1992
259,2419
259,2448
259,2691
259,2888
259,3482
259,7296
260,310
260,928
260,1249
260,1672
260,1846
260,2861
260,3000
260,3604
260,3725
260,4780
261,378
261,402
261,1190
261,2511
261,2735
261,3533
261,4719
261,6590
262,293
262,382
262,408
262,425
262,517
262,561
262,1052
262,1066
262,1079
262,1298
262,1650
262,2388
262,7286
262,8605
263,296
263,321
263,330
263,539
263,848
263,923
263,1179
263,1485
263,1908
263,1943
263,2267
263,2321
263,2445
263,2970
263,3320
263,8472
264,692
264,895
264,1384
264,1661
264,1995
264,2280
264,2884
264,4775
264,5541
264,5927
264,6714
264,7395
265,267
265,378
265,701
265,890
265,1413
265,1419
265,1579
265,2150
265,2602
265,4819
265,4840
265,5210
266,323
266,359
266,405
266,744
266,1866
266,3590
266,4513
266,4926
266,5269
267,516
267,521
267,1397
267,1854
267,2487
267,3290
267,9921
268,271
268,617
268,1178
268,1266
268,1596
268,1660
268,1690
268,1957
268,2061
268,2410
268,3107
268,4959
268,5459
268,7196
268,8019
269,315
269,566
269,752
269,756
269,1088
269,2789
269,5296
269,7703
269,8938
270,628
270,912
270,3184
270,4348
270,8089
271,328
271,626
271,1201
271,1558
271,3236
271,3793
271,3801
271,5644
271,6007
272,354
272,463
272,1025
272,1411
272,1612
272,1797
272,2064
272,2420
272,5037
273,389
273,415
273,494
273,625
273,796
273,1360
273,2364
273,2524
273,2891
273,2923
273,4798
273,6384
273,7779
273,8814
273,8879
273,9425
274,464
274,497
274,506
274,735
274,849
274,902
274,4313
274,4364
274,4901
274,5890
274,6968
274,7695
274,8666
274,9356
275,347
275,364
275,674
275,818
275,934
275,954
275,1029
275,3297
275,3575
275,4362
275,6768
275,8023
276,334
276,372
276,662
276,686
276,750
276,767
276,1082
276,1128
276,1280
276,1973
276,2282
276,2851
276,4756
276,6580
277,301
277,305
277,482
277,567
277,639
277,706
277,726
277,827
277,861
277,1361
277,1787
277,2523
277,2728
277,5347
278,401
278,423
278,445
278,474
278,720
278,2127
278,2293
278,2915
278,4645
278,5814
278,7132
279,398
279,755
279,1059
279,1143
279,1499
279,1636
279,1810
279,2336
279,2371
279,4714
279,5713
279,6070
280,328
280,365
280,572
280,772
280,787
280,805
280,1223
280,1576
280,1791
280,1815
280,2205
280,2815
280,4071
280,4142
280,5111
280,5934
280,9283
281,430
281,1682
281,2420
281,4850
282,591
282,939
282,1137
282,1649
282,2093
282,2315
282,2368
282,3038
282,3655
282,3934
282,4143
282,4876
282,5091
282,5794
282,8032
283,301
283,375
283,638
283,899
283,1197
283,1447
283,1977
283,2148
283,2675
283,4545
283,5255
283,7558
283,8915
283,9005
284,332
284,356
284,409
284,535
284,621
284,1015
284,1105
284,1868
284,3634
284,4927
284,6180
284,6879
284,7046
285,336
285,541
285,911
285,934
285,1143
285,1459
285,2348
285,4111
285,4466
285,5333
285,6455
286,790
286,1698
286,2024
286,2176
286,2520
286,4779
286,5244
287,342
287,427
287,502
287,745
287,1567
287,7058
287,9208
288,382
288,409
288,544
288,679
288,690
288,941
288,1201
288,1328
288,1514
288,2078
288,2830
288,3076
288,3394
288,4132
288,6173
288,6782
289,498
289,507
289,649
289,718
289,1147
289,2277
289,2304
289,3345
289,3382
289,3579
289,5054
289,7809
289,8114
289,9446
290,352
290,376
290,438
290,1571
290,1610
290,2440
290,3536
290,4785
290,5445
290,7234
290,8803
291,925
291,991
291,1263
291,2845
291,3390
291,4943
291,5108
292,358
292,859
292,862
292,865
292,1336
292,1476
292,1615
292,1907
292,5958
292,7499
292,7630
292,7723
292,7764
292,8135
293,304
293,731
293,794
293,818
293,1012
293,1226
293,1281
293,1643
293,1929
293,4357
293,5921
293,6541
293,7041
294,394
294,422
294,561
294,1236
294,3778
294,3944
294,4258
294,5472
294,7141
294,8260
295,369
295,424
295,642
295,1136
295,1331
295,2625
295,2651
295,3164
295,3441
295,5435
295,9725
296,496
296,1721
296,2343
296,2574
296,3470
296,8961
297,327
297,352
297,844
297,872
297,1035
297,1204
297,1252
297,1285
297,1345
297,1539
297,1588
297,1626
297,2565
297,3606
297,6832
297,8242
298,596
298,632
298,821
298,1021
298,1121
298,1122
298,1302
298,1852
298,4533
298,4663
298,6617
298,7682
299,363
299,609
299,610
299,1035
299,4781
299,5129
299,7996
299,8359
300,384
300,696
300,725
300,1000
300,1258
300,2140
300,2337
300,2609
300,9317
300,9365
301,826
301,1207
301,1819
301,1851
301,2038
301,2405
301,2707
301,4764
301,5755
301,6395
301,8566
301,9683
302,345
302,528
302,615
302,798
302,979
302,1342
302,2147
302,5118
302,8103
302,8136
303,428
303,448
303,745
303,831
303,1004
303,2297
303,2519
303,3896
303,5111
303,5185
303,8204
304,324
304,326
304,573
304,885
304,900
304,927
304,948
304,1216
304,1560
304,1944
304,2849
304,3479
304,5274
305,358
305,360
305,459
305,753
305,869
305,1346
305,2002
305,2476
305,7326
305,8755
306,357
306,421
306,657
306,747
306,921
306,1057
306,1272
306,1912
306,2318
306,2833
306,3095
306,3664
306,5563
306,6082
306,8100
306,9480
307,473
307,497
307,703
307,781
307,787
307,1014
307,1586
307,1750
307,2101
307,3724
307,3742
307,6021
307,6154
308,320
308,371
308,377
308,391
308,661
308,851
308,897
308,1934
308,1937
308,3535
308,4179
308,6148
308,8146
308,8728
309,355
309,469
309,544
309,713
309,983
309,1082
309,1413
309,1584
309,1835
309,1923
309,2058
309,6555
310,339
310,362
310,880
310,1190
310,4483
310,6348
310,7107
310,8952
310,9302
311,359
311,374
311,489
311,741
311,764
311,886
311,1736
311,2398
311,5196
311,7491
312,559
312,630
312,1535
312,2217
312,6086
313,629
313,630
313,847
313,1702
313,2053
313,8787
314,479
314,689
314,744
314,825
314,921
314,1182
314,1828
314,1935
314,2308
314,6727
315,392
315,703
315,711
315,715
315,797
315,1961
315,4555
315,5388
315,7303
316,403
316,566
316,855
316,1203
316,1344
316,2229
316,3106
316,3237
316,3717
316,4172
316,7168
317,381
317,525
317,712
317,745
317,1125
317,2012
317,7398
317,7652
317,9168
318,366
318,686
318,1484
318,1571
318,1753
318,2039
318,4942
319,453
319,533
319,534
319,704
319,730
319,2723
319,3422
319,5227
319,8120
319,9964
320,555
320,586
320,762
320,801
320,1275
320,2218
320,2570
320,3778
320,4096
320,4641
320,5383
321,371
321,390
321,464
321,1474
321,3110
322,412
322,1523
322,7561
323,427
323,688
323,806
323,1060
323,1416
323,1438
323,1468
323,1615
323,2074
323,2997
323,3055
323,3671
323,3901
323,4634
323,7519
323,9246
324,492
324,735
324,973
324,1702
324,2421
324,4818
324,5021
324,5582
324,6730
324,9348
325,504
325,1395
325,1399
325,1550
325,1726
325,2482
325,3943
325,4338
325,4801
325,5189
325,6353
325,8649
325,9122
326,388
326,399
326,683
326,1551
326,1642
326,2017
326,2182
326,2412
326,3463
326,4475
326,5786
326,7574
327,446
327,551
327,619
327,948
327,1490
327,2289
327,2654
327,2682
327,3171
327,4501
327,6062
327,6426
328,501
328,2104
328,2561
328,2968
328,3418
328,3538
328,4121
328,4445
328,4782
328,5907
329,434
329,466
329,484
329,486
329,750
329,2847
329,4927
329,5217
330,340
330,356
330,422
330,571
330,1094
330,1212
330,1701
330,5432
330,5734
330,8842
331,355
331,380
331,461
331,685
331,728
331,1453
331,4318
331,5143
331,8747
332,353
332,418
332,2763
332,2865
332,3719
332,3892
332,4125
332,4333
332,4888
332,5491
332,5763
333,425
333,724
333,792
333,929
333,1044
333,8838
334,395
334,583
334,997
334,1630
334,1673
334,2909
334,3367
334,4660
334,4720
334,6273
335,433
335,478
335,488
335,557
335,601
335,854
335,949
335,1213
335,5505
335,5520
335,6520
335,8098
335,9704
336,799
336,937
336,1130
336,1283
336,2146
336,3055
336,3574
336,4836
336,5131
336,5753
337,518
337,737
337,778
337,864
337,987
337,1188
337,1534
337,1706
337,2656
337,3936
337,4409
337,6081
337,7902
337,8607
338,702
338,722
338,932
338,1993
338,2675
338,3448
338,4025
338,5505
338,6876
338,7920
339,457
339,476
339,511
339,536
339,671
339,775
339,1046
339,1158
339,1541
339,1635
339,2466
339,2803
339,3127
339,3618
339,4815
340,506
340,5773
340,7780
340,9207
341,563
341,769
341,882
341,1100
341,1368
341,1540
341,1848
341,2386
341,5719
341,6986
342,410
342,569
342,580
342,600
342,789
342,935
342,2846
342,4339
342,7656
342,8118
343,379
343,399
343,475
343,499
343,547
343,663
343,691
343,1033
343,1177
343,1228
343,2027
343,3264
343,4719
343,5167
343,5439
343,6062
343,7916
343,8005
344,625
344,627
344,770
344,820
344,976
344,1263
344,1318
344,1672
344,3105
344,3767
344,4650
344,4804
344,4933
345,364
345,712
345,842
345,1310
345,1420
345,2571
345,2585
345,4004
346,510
346,542
346,978
346,3235
346,3606
346,3658
346,6204
346,7581
347,505
347,589
347,607
347,647
347,677
347,772
347,957
347,1108
347,1453
347,1597
347,2016
347,2045
347,4995
347,5856
347,6402
348,568
348,749
348,915
348,1052
348,1219
348,1305
348,1423
348,2098
348,2170
349,422
349,1197
349,1634
349,1678
349,2153
349,2470
349,2638
349,5691
349,6631
349,7272
350,642
350,694
350,1290
350,2562
350,3439
350,5860
351,1188
351,3296
351,3769
351,4206
351,4325
351,4638
351,5334
351,5687
351,6131
351,7692
352,389
352,396
352,766
352,773
352,866
352,2649
352,6452
352,9248
353,392
353,435
353,453
353,603
353,1051
353,1398
353,1530
353,1622
353,1803
353,2373
354,404
354,420
354,4748
354,6101
354,7192
354,7331
354,7341
354,9120
354,9979
355,710
355,2075
355,2506
355,2730
355,2788
355,7040
355,8152
355,9893
356,524
356,893
356,899
356,1205
356,2497
356,2532
356,2552
356,2827
356,5017
357,470
357,659
357,734
357,1070
357,1823
357,1992
357,2693
357,2863
357,3473
357,4024
357,4109
357,4383
357,6603
357,7376
357,7940
358,393
358,465
358,1170
358,1289
358,1359
358,1469
358,1504
358,1581
358,2070
358,2164
358,5228
358,8924
358,9481
359,662
359,887
359,1077
359,1090
359,3089
359,5110
359,6528
360,391
360,506
360,767
360,805
360,1113
360,1139
360,1231
360,1734
360,3316
360,3763
360,3845
360,4051
360,4262
360,6403
360,6954
361,457
361,499
361,823
361,1401
361,1959
361,2250
361,4398
361,6839
361,8182
361,9166
362,449
362,454
362,858
362,948
362,2929
362,4438
362,4462
362,5330
362,8863
362,9224
362,9914
363,680
363,1392
363,1414
363,2703
363,3344
363,5705
363,8867
363,9201
364,380
364,480
364,1078
364,1102
364,1465
364,1517
364,2221
364,2941
364,4164
365,633
365,995
365,1487
365,2085
365,2420
365,3127
365,4042
365,4118
365,7484
365,8482
365,9266
366,1031
366,1598
366,1796
366,2760
366,2816
366,3719
366,4172
367,696
367,782
367,1010
367,1231
367,1888
367,4457
367,4507
367,4866
367,4869
367,6107
367,6413
367,6987
368,707
368,852
368,965
368,1677
368,2414
368,4541
368,4551
368,7250
369,433
369,4055
369,4311
369,9656
370,951
370,1146
370,1158
370,1170
370,1460
370,3007
370,3626
370,4422
370,5712
370,5731
371,397
371,593
371,661
371,911
371,1327
371,2474
371,2577
371,4351
371,5873
371,8439
372,458
372,1462
372,5410
372,7210
372,7679
372,7682
372,8447
373,378
373,434
373,650
373,652
373,2241
373,4625
373,4833
373,5870
373,8092
374,382
374,662
374,666
374,749
374,814
374,860
374,957
374,1114
374,1545
374,1590
374,2461
374,2547
374,5630
374,5862
374,9759
375,578
375,962
375,1056
375,1406
375,5140
375,5286
375,6839
375,7000
376,390
376,533
376,619
376,623
376,661
376,1663
376,1675
376,2077
376,2796
376,3309
377,563
377,1537
377,1830
377,5179
377,5883
377,6510
378,766
378,868
378,957
378,992
378,1059
378,2117
378,3211
378,3404
378,4599
378,5286
378,8273
379,574
379,605
379,863
379,983
379,1063
379,1246
379,1783
379,2692
379,7380
380,520
380,588
380,1860
380,2030
380,2127
380,2530
380,3299
381,796
381,833
381,970
381,1250
381,1319
381,2680
381,3425
381,8435
382,500
382,936
382,941
382,1390
382,2816
382,5706
382,5909
382,6258
382,6265
382,6367
383,585
383,688
383,860
383,991
383,1047
383,1853
383,2798
383,3301
383,7274
383,8311
383,8940
384,1217
384,1712
384,1777
384,2188
384,3406
384,3625
384,7573
385,1676
385,7253
385,7287
385,8440
385,9076
386,438
386,1028
386,2155
386,2404
386,7399
387,1110
387,1179
387,1537
387,1690
387,1881
387,2244
387,2443
387,4000
387,4323
387,5590
387,9036
388,1127
388,1809
388,2031
388,2282
388,2327
388,3162
388,9949
389,545
389,2075
389,2095
389,2272
389,2492
389,2987
389,4820
389,6057
389,8450
390,407
390,419
390,494
390,913
390,1791
390,8514
391,462
391,682
391,717
391,1072
391,2377
391,2536
391,2544
391,6535
391,7478
392,489
392,521
392,4235
392,5310
392,8905
393,472
393,697
393,806
393,853
393,1165
393,2374
393,2376
393,3282
393,3595
393,3628
393,3853
393,8364
394,491
394,571
394,746
394,845
394,917
394,1112
394,2556
394,3036
394,4079
394,4113
394,4615
394,5353
395,538
395,1533
395,1883
395,3116
395,3704
395,5463
395,7112
396,428
396,503
396,512
396,923
396,2021
396,2382
396,2462
396,2563
396,4555
396,6800
396,7480
396,9638
397,552
397,902
397,993
397,1022
397,1103
397,1211
397,1576
397,1660
397,2209
397,4904
397,6444
397,6865
397,7150
398,456
398,535
398,613
398,628
398,714
398,853
398,1030
398,1361
398,1387
398,1454
398,2025
398,2538
398,4183
399,709
399,758
399,1040
399,1204
399,1261
399,1563
399,2273
399,4013
399,4496
400,493
400,592
400,994
400,2325
400,2831
400,2976
400,3154
400,4205
400,5307
400,5319
400,6251
400,9102
400,9205
401,523
401,968
401,1184
401,2539
401,2959
401,9768
402,412
402,756
402,849
402,1393
402,1725
402,2973
402,2993
402,4299
402,7157
402,8756
402,8892
402,9315
403,497
403,732
403,1238
403,5693
403,8899
404,420
404,590
404,774
404,1445
404,2272
404,3821
404,4966
404,5624
405,736
405,744
405,1067
405,1284
405,1516
405,1616
405,2008
405,2228
405,2705
405,5879
406,531
406,972
406,1206
406,2208
406,6045
407,467
407,598
407,876
407,1049
407,1177
407,2637
407,4903
407,6920
407,7765
408,416
408,473
408,559
408,1120
408,2824
408,2923
408,3734
408,6183
408,8272
409,470
409,537
409,652
409,779
409,975
409,1519
409,1811
409,5353
409,5839
409,7016
410,874
410,1255
410,1378
410,1843
410,2041
410,4496
410,4582
410,8545
410,8996
411,1139
411,2526
411,5620
412,786
412,1029
412,1566
412,5725
413,459
413,610
413,654
413,741
413,1450
413,1843
413,2503
413,4878
413,5639
413,5795
413,6762
413,8365
413,9728
414,481
414,800
414,2704
414,3573
414,8092
415,803
415,863
415,945
415,959
415,1150
415,1170
415,1770
415,1787
415,2063
415,2232
415,5240
415,6283
415,6314
415,6700
415,9161
415,9176
415,9998
416,713
416,1187
416,4455
416,5185
416,6958
416,7489
416,7987
416,9560
417,446
417,467
417,669
417,1928
417,2810
417,5994
417,7534
418,464
418,994
418,1047
418,2164
418,3715
418,4678
418,6076
418,6752
419,471
419,727
419,1108
419,1442
419,4099
419,4614
419,5701
419,6490
419,7681
419,9781
420,803
420,935
420,958
420,1132
420,1234
420,1240
420,3480
420,3612
420,3747
420,5312
421,432
421,465
421,467
421,574
421,615
421,2043
421,2119
421,2253
421,2464
421,2598
421,7704
421,8528
421,8595
422,1660
422,2890
422,4093
422,4613
422,5970
423,889
423,934
423,1836
423,2243
423,2286
423,3781
423,4462
423,7270
424,1004
424,1549
424,3225
424,3377
424,3569
424,7288
424,7633
424,9061
425,493
425,554
425,812
425,847
425,1316
425,1524
425,1765
425,2659
425,2741
425,3318
425,4438
426,647
426,914
426,1041
426,1191
426,1339
426,1975
426,4575
426,4589
426,8653
426,9307
426,9832
427,835
427,908
427,1215
427,1230
427,2825
427,2900
427,3821
427,4779
428,430
428,462
428,713
428,731
428,897
428,907
428,961
428,1058
428,1982
428,2566
428,8605
428,9066
429,550
429,775
429,879
429,893
429,2546
430,1339
430,2087
430,4674
430,5996
430,8270
430,9666
431,515
431,556
431,651
431,761
431,1460
431,1894
431,6217
431,7661
432,654
432,1398
432,2311
432,2664
432,3080
432,3268
432,3466
432,4887
432,7841
432,9024
433,865
433,2469
433,3893
433,4142
433,4283
433,4788
433,5358
433,5822
433,6284
433,8024
433,8467
433,9350
434,566
434,1232
434,1670
434,1800
434,1884
434,2103
434,4964
434,6457
434,6522
435,761
435,1069
435,1297
435,2290
435,3383
435,3405
435,3866
435,4419
435,7303
436,573
436,648
436,1404
436,1807
436,2500
436,3178
436,3994
436,6834
436,7897
437,476
437,815
437,886
437,998
437,2812
437,3255
437,3373
437,4410
438,690
438,1349
438,1603
438,2249
438,2308
438,2698
438,2729
438,2870
438,4065
438,4123
438,4749
438,6147
438,6544
438,6962
438,7150
438,7771
439,444
439,538
439,833
439,979
439,1064
439,1172
439,1227
439,1461
439,2116
439,2403
439,2789
439,4000
439,6087
439,6442
439,8306
440,455
440,780
440,1647
440,1822
440,1939
440,2805
440,3044
440,3414
440,6959
440,9350
440,9614
441,604
441,738
441,2123
441,6753
441,6808
442,458
442,529
442,1008
442,1618
442,2105
442,2256
442,2744
442,3563
442,4315
442,7634
443,477
443,650
443,684
443,694
443,706
443,1244
443,1363
443,2350
443,3606
443,4291
443,4879
443,7596
444,529
444,945
444,952
444,1112
444,1241
444,1315
444,1645
444,3520
444,3723
444,4041
444,9622
445,748
445,1140
445,1291
445,2895
445,3262
445,5168
445,6032
445,6945
445,7842
445,8180
445,8294
445,9890
446,574
446,646
446,687
446,1201
446,1543
446,4065
446,6964
446,7741
447,472
447,1032
447,1384
447,1563
447,1699
447,2351
447,3245
447,9303
447,9528
447,9629
448,462
448,473
448,918
448,963
448,1388
448,2432
448,2445
448,2605
448,4807
448,5437
448,5687
448,6293
448,6693
449,492
449,597
449,777
449,840
449,872
449,1077
449,1903
449,2828
449,3828
449,6024
449,7600
450,471
450,650
450,742
450,762
450,843
450,1123
450,1496
450,2052
450,3640
451,540
451,593
451,842
451,1222
451,1493
451,3266
451,3627
451,3636
452,496
452,904
452,1127
452,1370
452,2335
452,2934
452,2983
452,8521
453,504
453,537
453,1254
453,1366
453,2121
453,2556
453,3246
453,3768
453,9267
454,469
454,1421
454,2765
454,3440
454,5199
454,6184
454,7066
455,1185
455,1289
455,1332
455,1880
455,2301
455,8624
456,460
456,531
456,923
456,966
456,1008
456,1021
456,1359
456,1476
456,1982
456,2083
456,3790
456,4185
456,7125
456,8523
457,532
457,640
457,2154
457,3150
457,3890
457,5798
457,6941
457,8198
458,754
458,1097
458,1312
458,1381
458,1644
458,3312
458,8327
458,8520
459,514
459,699
459,2630
459,5180
460,620
460,1132
460,1364
460,1388
460,2774
460,3553
460,4177
460,6207
461,500
461,981
461,1002
461,1341
461,2333
461,3365
461,6379
461,6433
462,577
462,584
462,1019
462,1033
462,6211
462,6267
462,6719
462,7494
462,8541
463,479
463,708
463,856
463,1348
463,2579
463,2724
464,490
464,645
464,659
464,1065
464,1079
464,1562
464,1603
464,2402
464,3434
464,9334
465,466
465,505
465,522
465,648
465,658
465,892
465,1732
465,2131
465,4257
465,5489
466,724
466,765
466,1148
466,1337
466,1441
466,1858
466,2242
466,2785
466,3094
466,3427
466,3825
466,4708
466,6355
466,7172
466,9218
467,599
467,1084
467,1086
467,1095
467,1935
467,3224
467,4070
467,4263
467,5604
468,545
468,586
468,947
468,1014
468,1100
468,1286
468,2030
468,2934
468,6384
468,6797
468,9881
468,9950
469,513
469,770
469,1174
469,1184
469,1565
469,2631
469,3869
469,6395
470,482
470,873
470,969
470,1435
470,1468
470,1679
470,2232
470,2302
470,2375
470,5448
470,8695
470,9639
471,519
471,733
471,1005
471,1151
471,1178
471,1442
471,1952
471,2024
471,2196
471,2658
471,3934
471,4349
471,9984
472,636
472,1088
472,1765
472,1802
472,3513
472,3825
472,4696
472,5112
472,8900
473,475
473,523
473,653
473,717
473,736
473,858
473,863
473,1155
473,1329
473,1713
473,2064
473,2072
473,4979
473,6830
473,7606
473,9948
474,581
474,659
474,889
474,1175
474,2277
474,2667
474,3619
474,5507
474,5667
474,6034
475,534
475,607
475,902
475,906
475,1041
475,1176
475,1689
475,6240
475,6946
475,9052
476,565
476,730
476,771
476,1356
476,2276
476,2418
476,3117
476,3145
476,5152
477,719
477,871
477,1592
477,3274
477,3962
477,4553
477,8629
478,1074
478,1083
478,1135
478,1345
478,1990
478,2056
478,4071
478,6010
478,6215
478,8636
479,2499
479,6070
479,8209
480,637
480,962
480,1354
480,1698
480,1928
480,2765
480,3669
480,4934
480,8678
480,9671
480,9690
480,9780
481,811
481,883
481,906
481,1022
481,1194
481,1326
481,1340
481,1931
481,2852
481,2938
481,4757
482,488
482,592
482,676
482,724
482,958
482,1523
482,1557
482,1798
482,2959
482,9468
483,485
483,498
483,645
483,721
483,751
483,763
483,2336
483,5261
483,5784
484,524
484,1445
484,1930
484,1965
484,2000
484,2370
484,6336
484,8817
485,672
485,1076
485,1222
485,2187
485,5182
485,8882
485,9226
486,800
486,925
486,1119
486,1262
486,2456
486,3294
486,3470
486,4771
486,4957
486,6852
486,7685
487,870
487,914
487,1438
487,7525
488,1176
488,1914
488,2940
488,4631
488,4831
488,5071
488,5789
488,8304
489,509
489,553
489,575
489,579
489,801
489,1050
489,1500
489,2773
489,2794
489,3023
489,3960
489,5000
489,6000
490,554
490,2079
490,2323
490,8577
490,8754
491,590
491,810
491,1028
491,1440
491,2671
491,3053
491,3250
491,4506
491,5728
491,7407
491,9062
492,1062
492,1097
492,1365
492,2016
492,2245
492,2447
492,3613
492,5651
492,5681
492,5701
492,6674
492,6901
492,7553
492,8201
492,9343
493,507
493,1231
493,2071
493,2377
493,2866
493,5962
493,6532
494,516
494,989
494,1127
494,1226
494,1547
494,2688
494,4752
494,5838
494,6145
494,8270
495,725
495,917
495,2422
495,5128
496,532
496,553
496,1025
496,1182
496,1205
496,1549
496,2191
496,2811
496,3483
496,4224
496,4987
496,5937
496,7079
497,664
497,723
497,739
497,1478
497,1497
497,1521
497,1621
497,1722
497,2011
497,3088
497,3703
497,3797
497,4447
497,4573
497,4697
497,7003
497,8044
497,8651
498,549
498,1123
498,1830
498,2128
498,2147
498,2847
498,3456
498,3813
498,5178
498,7591
498,9011
499,1351
499,1613
499,1985
499,3641
499,6194
499,6547
500,509
500,620
500,704
500,809
500,900
500,1236
501,548
501,1144
501,2189
501,5658
501,6661
502,714
502,1098
502,1412
502,2910
502,3348
502,3638
502,4334
502,4513
502,5064
502,9883
503,598
503,676
503,850
503,1177
503,1517
503,1737
503,2208
503,2555
503,3384
503,3546
503,3762
503,5029
503,5806
503,7482
504,555
504,567
504,822
504,1018
504,1084
504,1120
504,2199
504,3885
504,6268
505,571
505,705
505,1234
505,2488
505,2772
505,5336
505,5699
505,7514
506,515
506,558
506,616
506,677
506,885
506,1137
506,1167
506,1732
506,2063
506,3138
506,5109
506,5133
507,1295
507,3873
507,7579
508,773
508,793
508,1189
508,2413
508,5010
508,7343
508,7510
508,8513
509,519
509,715
509,2126
509,2370
509,3121
509,6254
509,6531
509,7002
509,7230
510,721
510,1850
510,3318
510,5454
510,5922
510,6120
510,8531
511,676
511,951
511,1223
511,1584
511,1970
511,2288
511,3098
511,3134
511,3240
511,5036
511,5361
511,6219
511,9422
512,769
512,830
512,930
512,1076
512,1145
512,1561
512,1964
512,3725
512,4390
512,8108
513,528
513,1030
513,2045
513,2405
513,2759
513,5790
513,6210
513,9435
514,760
514,857
514,931
514,4211
514,4890
514,7525
514,8018
514,9199
515,576
515,750
515,1788
515,2918
515,3783
516,537
516,564
516,614
516,630
516,691
516,694
516,965
516,977
516,2027
516,2034
516,2363
516,2579
516,3191
516,4691
517,582
517,980
517,1393
517,2520
517,2679
517,2840
517,3090
517,3862
517,4345
518,711
518,888
518,1276
518,1507
518,1837
518,3370
518,6893
518,9144
519,738
519,808
519,1222
519,1540
519,1859
519,1886
519,2073
519,2384
519,2561
519,5675
519,5955
520,665
520,736
520,1710
521,625
521,1232
521,1761
521,2685
521,5572
521,6713
522,610
522,1233
522,1665
523,987
523,1518
523,1547
523,3119
523,5648
523,5713
523,8387
524,533
524,919
524,1173
524,1216
524,1275
524,2270
524,3266
524,3558
524,9020
524,9406
525,764
525,1072
525,1646
525,1986
525,2523
525,2749
525,3156
525,3415
525,9719
526,636
526,1488
526,1958
526,2186
526,2723
526,3083
526,3754
526,3800
526,9081
527,959
527,1827
527,2278
527,2635
527,2678
527,3251
527,3573
527,3599
527,8416
528,1847
528,3135
528,4138
528,4659
528,5562
528,5643
528,7972
528,8428
529,643
529,939
529,1225
529,1782
529,2347
529,4126
529,9311
530,557
530,942
530,1267
530,1455
530,1777
530,2130
530,2466
530,2611
530,3787
530,4012
530,4637
530,5375
530,6054
530,8119
531,854
531,1528
531,1808
531,2483
531,2715
531,5018
531,6894
532,582
532,635
532,785
532,788
532,1087
532,1381
532,3091
532,3824
532,4399
532,4562
532,5545
532,9093
533,550
533,562
533,968
533,1016
533,1362
533,2792
533,2843
533,5544
533,5946
533,6410
533,8265
534,628
534,757
534,827
534,884
534,2523
534,2628
534,4109
534,4910
534,5975
534,7385
535,1509
535,1733
535,2290
535,3081
535,3478
535,5797
535,8731
535,9997
536,909
536,1540
536,2451
536,4865
536,5113
537,638
537,1006
537,2061
537,2125
537,2163
537,2712
537,8151
538,813
538,835
538,870
538,874
538,1229
538,2062
538,2184
538,2283
538,2774
538,3965
538,9532
539,846
539,895
539,1151
539,1762
539,2039
539,3323
539,5545
539,8596
539,9227
540,1516
540,7030
540,8782
541,937
541,988
541,1069
541,1730
541,2091
541,2404
541,2845
541,2916
541,3174
541,4577
541,8191
542,584
542,624
542,893
542,1795
542,3230
542,3712
542,5901
542,9413
543,572
543,673
543,3024
543,5248
543,9701
544,1067
544,1469
544,4209
544,7944
545,907
545,929
545,1242
545,1495
545,1826
545,1849
545,2501
545,5856
545,8753
546,700
546,767
546,1007
546,1084
546,1648
546,2152
546,3151
546,4234
546,4939
546,5206
546,6146
547,1665
547,2431
547,5747
548,557
548,890
548,1062
548,1404
548,3608
548,7190
548,7866
548,8090
548,8888
549,763
549,826
549,3071
549,3397
549,4529
549,4602
549,6612
549,9667
550,816
550,873
550,1247
550,1450
550,1892
550,2313
550,2559
550,3819
550,4491
550,4855
550,5742
550,7091
550,7233
550,7280
551,1036
551,1357
551,1570
551,1793
551,3013
551,4877
551,5222
551,8458
551,8982
552,588
552,594
552,808
552,815
552,956
552,1065
552,2886
552,4523
552,5652
552,6288
552,6997
553,644
553,783
553,905
553,1280
553,1588
553,3170
553,4845
553,6422
553,8129
554,985
554,1133
554,2450
554,4391
554,7166
555,1049
555,1094
555,2518
555,3796
555,3984
555,6777
555,9402
556,748
556,1103
556,1740
556,2058
556,2100
556,2405
556,2981
556,3329
556,6055
556,7113
557,589
557,838
557,1011
557,1018
557,1227
557,1872
557,2082
557,2240
557,2305
557,2624
557,3935
557,6717
557,7715
558,576
558,941
558,1098
558,1778
558,2318
558,2321
558,2457
558,4305
558,4528
558,5771
558,6432
558,6816
559,4277
559,4830
559,8024
559,9601
560,614
560,4119
561,890
561,1282
561,1553
561,2240
561,2387
561,2573
561,3503
561,6568
561,6583
561,6891
561,8193
562,1175
562,1322
562,1402
562,1942
562,5557
563,594
563,2819
563,3269
563,5218
563,7274
563,7477
563,7689
564,729
564,742
564,954
564,1273
564,1519
564,1839
564,3207
564,4230
564,5213
564,5368
564,5625
564,6315
565,917
565,1154
565,1300
565,2296
565,2452
565,3290
565,4387
565,5074
565,6932
565,9402
566,746
566,783
566,1071
566,1105
566,2025
566,2031
566,2548
566,3141
566,3535
566,4182
566,4905
566,6628
566,6815
566,6828
566,7194
566,8418
566,9194
566,9618
566,9843
566,9890
567,570
567,1040
567,1615
567,3287
567,3650
567,4487
567,4569
567,7180
567,8477
568,819
568,1220
568,1319
568,2145
568,2606
568,2895
568,3266
568,3540
568,4662
568,9674
569,1152
569,1422
569,6913
569,7464
570,803
570,1076
570,2164
570,2435
570,2436
570,3396
570,4170
570,5689
570,5715
571,949
571,1559
571,1997
571,2312
571,5270
571,7262
571,8084
572,877
572,2860
572,3604
572,3695
572,7822
572,9047
573,817
573,2206
573,3528
573,4322
573,5223
573,9239
573,9349
573,9576
574,854
574,1344
574,1774
574,2618
574,3952
574,6532
574,8041
574,8836
575,605
575,679
575,908
575,988
575,1730
575,5048
575,7472
576,755
576,776
576,795
576,1901
576,2703
576,5092
576,6473
577,585
577,806
577,1183
577,1302
577,1807
577,2106
577,2256
577,2406
577,3541
577,8516
578,1697
578,1868
578,3593
578,4038
578,6092
578,6563
578,6706
579,2042
579,2572
579,2706
579,3033
579,3039
579,3213
579,3412
580,807
580,916
580,1106
580,1314
580,1727
580,4668
580,7102
580,7323
581,739
581,1016
581,1218
581,1874
581,2081
582,1389
582,1682
582,3022
582,3504
582,5200
582,6767
583,1716
583,1829
583,6004
583,6483
584,2347
584,3538
584,5322
584,6420
585,1720
585,1994
585,2079
585,5350
585,9109
586,623
586,698
586,761
586,875
586,2715
586,3418
586,3600
586,5247
586,8819
587,1035
587,1455
587,1926
587,2896
587,4460
587,7629
587,8102
588,617
588,1906
588,1980
588,2338
588,2791
588,7686
589,685
589,719
589,1072
589,1090
589,1351
589,1897
589,2093
589,2557
589,3624
589,5394
589,6090
590,5372
590,7043
591,857
591,864
591,1135
591,1149
591,1713
591,2880
591,4067
591,4572
591,7388
592,619
592,841
592,974
592,1032
592,1471
592,2057
592,2072
592,2381
592,6736
592,6943
593,734
593,1546
593,5819
593,6130
593,8368
594,608
594,1362
594,1894
594,3056
594,4781
594,5392
594,7336
594,9417
595,657
595,1044
595,1073
595,1301
595,1371
595,1519
595,1661
595,1947
595,2621
595,3170
595,3234
595,4097
595,5799
595,8571
596,1212
596,1715
596,2334
596,3863
596,4814
596,5400
596,7223
597,960
597,1083
597,1094
597,1442
597,1792
597,1815
597,2115
597,2457
597,2760
597,3874
597,3929
597,6824
598,891
598,1948
598,2603
598,3187
598,3497
598,4754
598,7241
598,8208
598,8993
599,638
599,656
599,669
599,704
599,1006
599,2273
599,3358
599,3745
599,4738
599,5039
599,6821
599,7646
600,1068
600,2428
600,2769
600,4685
600,6110
601,673
601,1324
601,1568
601,3136
601,4413
601,9793
602,992
602,1781
602,2167
602,2198
602,2400
602,2601
602,3153
602,9091
603,684
603,692
603,1025
603,1836
603,6092
604,984
604,1336
604,1354
604,1751
604,3305
604,7215
604,8354
605,1707
605,3066
605,3862
605,5239
605,5302
605,6743
606,933
606,1091
606,1654
606,1777
606,1821
606,3214
607,701
607,998
607,1358
607,1490
607,1632
607,1832
607,2082
607,3394
607,4875
607,5599
607,6503
608,1265
608,1343
608,1847
608,3906
608,4587
608,5688
608,9947
609,1601
609,1694
609,1756
609,2469
609,2692
609,3022
609,3973
609,6013
609,6296
609,7173
610,710
610,905
610,1099
610,1979
610,2129
610,2215
610,2503
610,4043
610,4499
610,9985
611,834
611,1647
611,2051
611,7656
611,7913
612,1335
612,1867
612,1927
612,2806
612,5171
612,5524
613,668
613,719
613,770
613,895
613,2349
613,2548
613,2890
613,4695
613,6587
613,6722
613,6773
614,1089
614,1136
614,1974
614,3025
614,3364
614,3464
614,4611
614,5081
615,674
615,692
615,798
615,887
615,1341
615,1481
615,1494
615,3252
615,4221
615,4290
615,5083
616,674
616,791
616,808
616,868
616,2412
616,2672
616,3165
616,4307
617,1122
617,1954
617,2864
617,3964
617,7183
617,7245
618,728
618,1311
618,1963
618,2508
618,3333
618,3774
618,4456
618,9860
618,9892
619,930
619,2190
619,3291
619,3477
619,6290
619,8184
619,9958
620,637
620,697
620,833
620,1588
620,6242
621,627
621,646
621,943
621,1068
621,2878
621,3519
621,3716
622,956
622,1167
622,1577
622,2176
622,7363
622,7587
622,8444
622,9723
623,876
623,1037
623,1450
623,1482
623,1990
623,2298
623,2376
623,3340
623,6415
623,8512
623,9329
624,987
624,1256
624,1402
624,6833
625,768
625,1032
625,1057
625,2495
626,644
626,757
626,1061
626,1996
626,2367
626,3512
626,6084
627,748
627,771
627,869
627,925
627,1004
627,1304
627,1888
627,4885
627,8004
628,964
628,1196
628,1941
628,2287
628,2867
628,3221
628,4763
628,5905
628,7463
628,9459
629,821
629,838
629,1075
629,1699
629,2396
629,2571
629,2898
629,3923
629,4004
629,8734
629,9797
630,685
630,1653
630,3889
630,8523
631,875
631,1095
631,1801
631,5628
631,6419
631,8685
632,664
632,1005
632,1020
632,1693
632,1724
632,1939
632,3149
632,3858
632,6253
632,9241
632,9780
633,1106
633,1880
633,2783
633,3495
633,5103
633,8242
634,640
634,909
634,2748
634,3811
634,3985
634,7419
634,8143
634,8343
635,641
635,1045
635,5359
635,5543
635,6232
636,1193
636,1367
636,1560
636,2388
636,2791
636,3084
636,3355
636,7054
636,9949
637,883
637,1721
637,1837
637,2384
637,2583
637,4975
638,2169
638,5696
638,5914
638,7028
639,753
639,839
639,1192
639,1600
639,1744
639,2216
639,3193
639,3503
639,7192
639,8750
639,9115
640,732
640,758
640,867
640,1683
640,2415
640,2868
640,3272
640,4269
640,5106
640,8435
641,827
641,871
641,880
641,1195
641,1594
641,3947
641,4770
641,6967
641,7209
642,1188
642,1318
642,2047
642,2142
642,2162
642,3198
642,3640
642,4736
642,6410
642,7343
642,8624
643,914
643,1174
643,1294
643,1864
643,2623
643,9667
644,1212
644,1602
644,5853
644,5858
644,7434
645,666
645,1271
645,1659
645,1714
645,1832
645,2121
645,4405
645,5461
645,5878
645,7622
646,821
646,915
646,1220
646,2553
646,8177
646,8778
646,9323
647,1029
647,1919
647,2568
647,4039
647,7808
647,9093
648,1253
648,1496
648,2591
648,4220
648,7485
648,9562
649,971
649,1708
649,2602
649,2684
649,5898
649,6059
649,6231
649,6654
649,7530
650,1396
650,2150
650,2216
650,3164
650,3920
650,4715
650,8310
650,9084
651,667
651,1077
651,1547
651,1810
651,3834
652,705
652,731
652,1350
652,1401
652,1458
652,1464
652,4578
652,9296
653,715
653,944
653,1057
653,1110
653,1621
653,2872
654,823
654,1107
654,1448
654,4501
654,4998
654,5632
655,726
655,1114
655,1939
655,2476
655,2820
655,5960
656,859
656,1150
656,1278
656,1376
656,1610
656,2640
656,2817
656,3011
656,3432
656,4128
656,4519
656,4823
656,7139
656,7508
656,7661
656,9028
657,1752
657,5179
657,5629
657,6662
657,7208
657,7725
657,8082
658,777
658,920
658,1192
658,1262
658,2203
658,2465
658,2494
658,2626
658,2716
658,3976
658,4045
658,4389
658,7062
659,817
659,1372
659,1626
659,4647
659,7716
659,9451
660,786
660,809
660,1229
660,1254
660,1263
660,1971
660,3548
660,9995
661,1008
661,1051
661,2247
661,2431
661,2919
661,2969
661,5220
661,5677
662,1313
662,1996
662,2231
662,2626
662,3913
662,4455
662,6354
662,6425
662,6979
662,7203
662,7361
663,706
663,794
663,796
663,839
663,950
663,2609
663,3038
663,3306
663,3668
663,5869
663,6560
663,6767
663,8792
663,9269
663,9700
664,675
664,944
664,2342
664,5338
664,6809
664,9059
665,1424
665,2756
665,4419
666,1116
666,1244
666,1746
666,4864
666,5981
667,1251
667,1330
667,1443
667,1706
667,2287
667,3438
667,3977
667,4306
667,4329
667,6064
667,6427
667,9095
668,1483
668,1958
668,3385
668,4039
668,4892
668,7200
669,1290
669,1753
669,1988
669,2312
669,2699
669,2854
670,1409
670,2549
670,3413
670,3479
670,5967
671,695
671,885
671,1241
671,1487
671,1619
671,2596
671,2604
671,9229
672,811
672,1043
672,2478
672,7258
673,776
673,813
673,908
673,1003
673,1370
673,1663
673,2173
673,3685
673,4017
673,4679
673,4722
673,7839
674,2065
674,3912
674,5509
674,5624
674,9399
675,958
675,1199
675,1629
675,2258
675,2403
675,7031
675,7325
675,7377
675,7522
675,8920
675,8947
676,759
676,810
676,816
676,820
676,947
676,1054
676,1210
676,1322
676,1829
676,1928
676,2955
676,3185
676,6193
676,7065
676,8125
677,788
677,1727
677,2347
677,2978
677,4144
678,1292
678,1323
678,1632
678,1681
678,2857
678,3476
678,4314
678,7185
678,8920
679,727
679,929
679,1695
679,3397
679,4433
679,8859
680,946
680,1050
680,1641
680,2453
680,3485
680,3701
680,7010
681,1394
681,3063
681,3228
681,5403
681,8256
682,729
682,963
682,981
682,1599
682,1870
682,2678
682,6794
682,9908
683,836
683,978
683,1062
683,1334
683,1757
683,1873
683,2252
683,2648
683,2709
683,9514
684,779
684,1023
684,1910
684,4134
684,4561
684,5510
684,5802
684,6467
684,7726
685,689
685,1342
685,5683
685,6183
685,8005
685,8599
685,9720
686,726
686,857
686,1093
686,1159
686,5844
686,9094
687,788
687,1486
687,1800
687,2115
687,2721
687,2930
687,3960
687,6277
688,1049
688,1230
688,1722
688,3903
688,5962
688,7657
688,7952
688,9626
688,9717
689,852
689,2184
689,2581
689,2619
689,3095
689,4338
689,5408
689,5596
689,7542
689,8378
690,1627
690,1951
690,3225
690,3648
690,4857
690,5868
690,9740
691,1659
691,1726
691,2422
691,2541
691,2729
691,3574
691,3891
691,4021
691,5450
691,7409
691,8705
692,737
692,1017
692,1158
692,1373
692,2083
692,2460
692,2676
692,2781
692,3248
692,3869
692,4805
692,5519
692,6096
692,7262
693,752
693,1245
693,1531
693,1780
693,2409
693,3529
693,3876
693,5201
693,7056
693,7931
693,9067
694,815
694,1420
694,1485
694,1578
694,1944
694,2690
694,3915
694,4030
694,5821
694,6705
694,7639
694,9107
695,881
695,1985
695,5606
695,5830
695,9068
695,9630
696,892
696,1591
696,1760
696,2578
696,2835
696,3566
696,4172
697,2223
697,2767
698,792
698,877
698,1154
698,1267
698,1509
698,2056
698,5646
698,5730
698,8341
699,716
699,2540
699,3044
699,3956
699,4787
699,5339
699,7589
700,1186
700,2351
701,818
701,1539
701,2794
701,3748
701,9809
702,1366
702,1946
702,2322
702,3860
702,5076
702,6491
703,938
703,982
703,1134
703,1364
703,1854
703,4021
704,784
704,793
704,1229
704,1700
704,2131
704,2402
704,3132
704,4629
704,4713
704,5153
704,6131
704,7716
704,8043
704,8835
705,708
705,720
705,1828
705,1971
705,2281
705,3035
705,4540
705,8261
706,714
706,819
706,1075
706,1958
706,2211
706,2435
706,2746
707,2036
707,2901
707,3481
707,4253
707,7251
708,1112
708,1370
708,1841
708,3597
708,4894
708,6737
708,6826
709,937
709,2924
709,6158
709,7515
710,728
710,4741
710,6164
710,6381
710,7379
711,735
711,786
711,825
711,1291
711,1666
711,4139
711,5457
711,7395
712,878
712,1180
712,2266
712,6549
713,798
713,1080
713,1410
713,1696
713,2345
713,2859
713,3201
713,4422
713,4439
713,4632
713,6783
714,1457
714,1721
714,1893
714,3420
714,3786
714,3961
714,5922
714,6469
714,8983
714,9690
715,1087
715,1118
715,1268
715,1353
715,1657
715,4187
715,7374
715,8453
715,8662
715,8874
716,795
716,1518
716,2155
716,2192
716,2443
716,2881
716,5907
717,790
717,1259
717,2107
717,2109
717,2316
717,2892
718,1365
718,1557
718,2191
718,2486
718,7129
719,867
719,924
719,1101
719,1113
719,1876
719,2010
719,2214
719,3085
719,3878
719,5402
719,6599
720,1070
720,2307
720,5918
720,8940
720,9787
721,2401
721,2590
721,3082
721,3382
721,3444
721,6035
721,6433
722,933
722,969
722,1020
722,1781
722,1932
722,2295
722,4718
722,5432
722,5652
722,6498
723,799
723,1034
723,1770
723,1997
723,3777
723,9986
724,861
724,943
724,965
724,3553
724,4007
724,5830
724,9701
725,820
725,1064
725,1286
725,1743
725,1774
725,5232
725,5336
725,5380
725,6098
725,8358
725,9128
726,764
726,1241
726,1247
726,1377
726,1764
726,2108
726,2762
726,3357
727,789
727,832
727,1332
727,1449
727,1640
727,2046
727,3494
727,7167
727,8598
727,9045
728,1316
728,2702
728,5135
728,7247
729,886
729,1451
729,1553
729,3041
729,3199
729,6084
729,9791
730,2378
730,2488
730,2955
730,4587
730,5543
730,7220
730,7907
730,9848
731,832
731,891
731,2186
731,3032
731,3761
732,850
732,894
732,1228
732,2003
732,2666
732,2711
732,3988
732,4582
732,4745
732,5522
733,2479
733,2819
733,6036
733,6146
734,926
734,1061
734,1152
734,1763
734,2192
734,2587
734,2990
734,3341
734,3749
734,5313
734,9503
734,9929
735,739
735,1234
735,1269
735,1654
735,2665
735,5576
735,6771
735,9348
736,1371
736,1498
736,2300
736,2328
736,2450
736,5318
736,5471
736,5493
736,6372
737,1007
737,1106
737,1352
737,1639
737,2319
737,2995
737,3274
737,4440
737,7182
737,8137
738,825
738,1048
738,6512
739,949
739,1082
739,1287
739,1432
739,1727
739,1983
739,2537
739,3634
739,3706
739,4380
739,5079
739,5346
739,9893
740,787
740,793
740,1475
740,2475
740,2644
740,3227
740,4338
740,4586
741,802
741,989
741,1012
741,1048
741,1156
741,2092
741,2120
741,5094
742,754
742,1934
742,2060
742,2726
742,4090
743,1718
744,871
744,953
744,1605
744,1922
744,2494
744,2836
744,4368
744,8639
745,912
745,1921
745,2040
745,2339
745,2672
745,3564
745,4173
745,5308
745,5685
745,6683
745,6789
746,812
746,1019
746,1079
746,1118
746,1209
746,1909
746,5156
746,7438
746,8987
747,940
747,982
747,1194
747,1307
747,1313
747,2293
747,2668
747,3317
747,3743
747,8975
747,9805
748,889
748,1435
748,1754
748,2967
748,3371
748,3991
748,7900
749,1377
749,1882
749,7909
750,2101
750,3175
750,4101
750,4962
750,8580
751,870
751,1081
751,1483
751,1751
751,2651
751,3984
751,4120
751,4371
752,765
752,778
752,830
752,866
752,1086
752,1818
752,2065
752,3155
752,4155
752,5517
752,7037
753,913
753,1881
753,3156
753,3358
753,3376
753,5365
753,5384
753,6265
753,7086
753,7694
754,950
754,1350
754,2348
754,2594
754,3700
754,6916
754,7422
754,7789
754,9167
754,9484
755,1235
755,1566
755,1593
755,2496
755,3494
755,3591
755,5246
755,7663
756,1237
756,4284
756,4306
756,6274
756,7153
756,9504
757,762
757,1270
757,1804
757,1896
757,3062
757,3305
757,3339
757,4500
757,5757
757,5915
757,7450
758,930
758,968
758,2424
758,2724
758,2997
758,3994
758,6347
758,9512
759,802
759,1290
759,1538
759,1633
759,3209
759,4474
759,4992
759,8314
759,8752
760,879
760,1166
760,1429
760,1572
760,1720
760,1793
760,2068
760,2125
760,2971
760,3388
760,7856
761,919
761,976
761,1320
761,1974
761,4293
761,6453
762,967
762,2209
762,2656
762,3682
762,4353
762,4405
762,5577
762,5589
762,6663
762,8195
763,1572
763,1701
763,1712
763,1724
763,4762
763,5259
763,7788
763,7808
763,8172
764,2018
764,3118
764,3553
765,784
765,824
765,829
765,931
765,1325
765,1909
765,6029
765,7588
765,8864
766,1194
766,2925
766,3541
766,3832
766,6837
766,8928
767,783
767,1173
767,1321
767,1550
767,2380
767,3439
767,9977
768,769
768,1775
768,2223
768,4697
768,6197
768,6763
768,9759
769,986
769,1056
769,1288
769,1490
769,1824
769,2573
769,7992
770,922
770,1658
770,2117
770,2156
770,2713
770,8274
771,1375
771,1704
771,6257
771,9516
772,869
772,918
772,933
772,990
772,1470
772,1685
772,2028
772,2780
772,4134
772,4521
772,4933
772,5062
772,8067
773,1315
773,1346
773,2969
773,3307
773,4155
773,5485
773,5780
774,1185
774,1554
774,1695
774,2584
774,3798
774,3981
774,5995
774,6347
774,6499
775,817
775,880
775,951
775,1105
775,1956
775,1991
775,2005
775,2194
775,2231
775,2242
775,3644
775,4723
775,9337
776,1738
776,1740
776,2625
776,3419
776,3543
776,4171
776,5222
777,999
777,1002
777,1401
777,1936
777,1949
777,3353
777,4250
777,4794
777,6831
777,8153
777,9665
778,955
778,2088
778,2374
778,2468
778,3582
778,3609
778,3631
778,7332
778,8356
779,841
779,1480
779,3526
779,3802
779,4956
780,840
780,842
780,1159
780,3484
780,3766
780,4400
780,4517
780,5271
781,1091
781,1092
781,1186
781,2353
781,2440
781,2785
781,3646
781,5597
781,5876
781,6059
781,8613
782,1031
782,1109
782,1728
782,3523
782,5395
782,5853
782,8178
783,822
783,845
783,1037
783,1312
783,1599
783,3807
783,4273
784,974
784,993
784,1187
784,1352
784,2542
784,4212
784,4659
784,7334
785,1425
785,2235
785,3243
785,8524
785,8706
785,9270
786,955
786,975
786,1260
786,2108
786,2540
786,3354
786,5385
786,8450
787,970
787,1021
787,1026
787,1776
787,1989
787,2929
787,3021
787,3182
787,5540
787,6154
787,7215
787,7899
788,1123
788,1326
788,1575
788,1798
788,3648
789,811
789,835
789,6533
790,1063
790,2142
790,2604
790,7059
790,9279
791,794
791,867
791,1027
791,1543
791,1925
791,2118
791,2190
791,3284
791,4279
791,5777
792,1122
792,2964
792,2987
792,5149
792,7353
792,7747
792,9827
793,875
793,1103
793,1261
793,1444
793,1890
793,2036
793,3114
793,3128
793,4542
793,4976
793,5104
793,6739
793,7290
793,9505
794,1026
794,1207
794,1852
794,2153
794,2226
794,6094
794,6851
795,1001
795,1015
795,1174
795,1550
795,1579
795,4074
795,4417
795,6261
795,7103
795,7748
795,7904
796,1036
796,1249
796,2088
796,2498
796,2968
797,1251
797,1309
797,2055
797,2246
797,2816
797,3063
797,3910
797,4373
797,4824
798,915
798,953
798,1507
798,4040
798,8936
799,903
799,971
799,2368
799,2701
799,4657
800,1148
800,1221
800,1644
800,4703
800,5779
800,7820
801,898
801,1017
801,1189
801,1200
801,1988
802,879
802,5377
803,859
803,1321
803,1415
803,1668
803,1885
803,3110
803,6064
804,947
804,1130
804,1433
804,1809
804,1931
804,2460
804,3028
804,4101
804,5267
804,7336
804,7586
804,8414
805,1334
805,2145
805,2320
805,5859
805,6104
805,8981
806,846
806,1594
806,1873
806,1889
806,2510
806,8858
806,9024
807,855
807,1320
807,3302
807,3810
807,7918
808,1343
808,2088
808,2179
808,4474
808,4556
809,1432
809,1517
809,2156
809,3435
809,5302
809,6970
810,1929
810,2596
810,3000
810,3577
810,4832
810,5337
811,967
811,1138
811,1397
811,2510
811,3770
811,4396
811,4509
811,4983
811,6831
811,7817
811,7946
811,8638
812,878
812,970
812,1040
812,1451
812,2114
812,2365
812,2487
812,2701
812,3060
812,3367
812,3385
812,6824
812,7593
813,926
813,972
813,1266
813,2340
813,3119
813,3449
813,6428
813,8982
813,9916
814,952
814,992
814,1039
814,1772
814,1804
814,1925
814,1981
814,7368
814,7481
814,8852
815,906
815,1284
815,1564
815,2903
815,4311
815,4560
815,6549
815,6720
815,9643
816,1489
816,2097
816,2180
816,2618
816,4501
816,4558
816,6053
817,909
817,1502
817,1581
817,2978
817,4793
817,5130
817,5815
817,7758
817,7968
817,8163
817,8487
818,852
818,1162
818,1386
818,1620
818,2601
818,2620
818,3820
818,9461
819,2239
819,2266
819,2986
819,5373
819,5663
819,6014
819,9883
820,1200
820,3391
820,6127
820,7044
820,8254
821,841
821,1238
821,1511
821,1533
821,2425
821,2924
821,5672
821,6379
821,9847
822,1138
822,2994
822,3533
822,3651
822,3998
822,6853
822,6890
823,888
823,1738
823,1747
823,1749
823,2765
823,3052
823,5234
823,6121
824,1081
824,1270
824,1705
824,3046
824,6456
824,8072
824,9413
825,1293
825,1623
825,1758
825,2035
825,5799
826,1175
826,1215
826,1641
826,1689
826,1912
826,2292
826,2472
826,3753
826,4868
826,5138
826,6457
826,8606
827,1373
827,2891
827,3670
827,4217
828,907
828,1915
828,2114
828,2771
828,3293
828,4843
829,973
829,2145
829,2378
829,3112
829,3118
829,3916
829,4316
830,1252
830,1703
830,1843
830,3499
830,3735
830,3882
830,4016
830,4956
830,5351
830,6861
830,8988
831,963
831,1258
831,3780
831,3993
831,7785
831,8784
832,1507
832,2305
832,2306
832,2982
832,3202
832,4217
832,6293
833,1039
833,1495
833,2143
833,2354
833,3918
833,4730
833,4789
833,9347
833,9665
834,969
834,1239
834,1408
834,1636
834,2818
834,3969
834,4552
834,8192
835,1111
835,1591
835,4080
835,6648
835,7364
835,7478
836,1447
836,1817
837,982
837,1409
837,1613
837,1947
837,2043
837,3307
837,4334
837,8360
837,8569
838,1144
838,1454
838,2793
838,4023
838,8091
839,4608
839,5068
839,6629
839,9082
840,962
840,1150
840,1689
840,1699
840,1741
840,3191
840,4867
840,5089
840,6528
840,6835
840,7220
840,9109
840,9705
841,943
841,991
841,1255
841,1496
841,1506
841,3183
841,3195
841,4934
841,5702
841,8725
842,862
842,2246
842,2572
842,3066
842,3605
842,4988
842,5256
842,8091
842,9149
842,9217
843,1570
843,1838
843,2106
843,2228
843,2234
843,2613
843,3003
843,3065
843,3189
843,3203
843,4238
843,4491
843,5872
843,6635
843,7595
844,1355
844,1452
844,2849
844,3413
844,3792
844,4711
844,5894
844,8879
844,9908
845,922
845,1386
845,1645
845,1675
845,1723
845,1969
845,2969
845,3495
845,6633
845,7014
845,8141
846,1187
846,1306
846,2000
846,2194
846,2689
846,4090
847,1232
847,1265
847,2149
847,4453
847,5527
847,8152
848,975
848,1011
848,1061
848,1276
848,1326
848,1459
848,1920
848,2645
848,4187
848,5178
848,5846
848,6696
848,7455
848,8694
849,1858
849,1932
849,2102
849,2214
849,2863
849,3317
849,3517
849,3649
849,4230
849,4312
849,8612
849,8885
850,1089
850,2112
850,2848
850,2909
850,5234
850,8667
851,1282
851,1436
851,1551
851,1671
851,2029
851,2046
851,3198
851,4393
851,6804
851,8111
851,9126
851,9286
852,954
852,2259
852,7047
852,8219
853,942
853,1198
853,1260
853,1394
853,1492
853,1573
853,3089
853,4231
853,6519
853,9160
854,938
854,2151
854,3300
854,7864
854,8046
855,1053
855,1731
855,6846
855,6869
856,1536
856,2238
856,3329
856,4162
856,9931
857,936
857,1140
857,1485
857,3298
857,3562
857,5608
858,1042
858,1548
858,1567
858,1953
858,2255
858,2324
858,5128
858,5550
859,1165
859,1498
859,1538
859,4225
859,7314
859,7959
859,9430
860,1341
860,1636
860,1741
860,7244
861,1068
861,1213
861,1220
861,2120
861,4296
861,4520
861,7896
862,1206
862,1248
862,1440
862,5002
862,9723
863,2270
863,2513
863,3851
863,4269
863,4377
863,5495
863,5842
863,6480
864,924
864,1104
864,3758
864,5708
864,5733
864,5801
864,7331
864,8090
865,1704
865,3094
865,9147
866,1553
866,1628
866,2066
866,2141
866,2287
866,2631
866,3004
866,4064
866,4275
866,4639
866,5498
867,910
867,1056
867,1460
867,1680
867,2298
867,2837
867,3124
867,3293
867,4056
867,5777
867,5965
868,1317
868,1657
868,2159
868,2828
868,3420
868,4831
868,5836
869,872
869,1074
869,1087
869,1382
869,1724
869,1930
869,2103
869,7214
870,1028
870,1163
870,1256
870,1506
870,2826
870,3210
870,3637
870,4894
870,7051
870,7227
870,7618
871,2116
871,2595
871,5031
871,6527
871,8177
872,1614
872,2018
872,2203
872,2357
872,3177
872,4624
872,5008
872,7510
873,1096
873,1417
873,2693
873,3779
873,4218
874,1045
874,1358
874,1966
874,2901
874,2999
874,3689
874,3958
874,4105
874,4212
874,4866
874,5483
874,7026
874,8181
874,9156
875,1280
875,1568
875,4052
875,6304
875,7728
875,8615
876,1017
876,2162
876,2195
876,4790
876,6401
876,6506
876,7994
877,1303
877,1428
877,2032
877,2437
877,2760
877,4498
878,1277
878,1754
878,1880
878,2071
878,3006
878,3071
878,4236
878,4579
878,5885
878,5998
879,1315
879,1469
879,1852
879,2229
879,2598
879,2712
879,5917
879,6389
880,881
880,1020
880,1368
880,1393
880,2496
880,2710
880,4819
880,5139
880,6522
880,7070
880,9167
881,1143
881,1905
881,2284
881,2929
881,4921
881,6883
881,7895
881,8281
882,3328
882,4649
883,950
883,1295
883,1411
883,2212
883,6693
883,9794
884,1078
884,1219
884,1918
884,2636
884,2843
884,3047
884,3052
884,7831
884,8337
885,1101
885,1224
885,1649
885,2266
885,2897
885,5184
885,8215
885,8802
886,940
886,1064
886,1197
886,3261
886,3375
886,3846
887,3336
887,4981
887,5622
887,8481
888,1005
888,1776
888,1901
888,3694
888,4826
888,7421
888,9383
889,2200
889,2958
890,1024
890,1111
890,1157
890,1833
890,2885
891,1119
891,1154
891,2083
891,2756
891,4566
891,6577
891,6984
892,1374
892,1729
892,2050
892,2857
892,3863
892,4893
892,5066
892,5864
892,7799
892,8091
892,8388
893,1494
893,3393
893,4331
893,5716
893,6841
894,1045
894,1169
894,1621
894,2189
894,4511
894,4665
894,9249
895,3216
895,4643
895,7100
895,8707
896,1164
896,1254
896,2542
896,3311
896,6378
896,8877
897,1260
897,1379
897,2490
897,2653
897,3785
897,4554
897,6017
897,7389
897,9450
898,1903
898,2747
898,2884
898,2991
898,3578
899,1009
899,1067
899,1173
899,1256
899,2410
899,2800
899,6292
899,9203
899,9509
900,1235
900,1276
900,1403
900,1665
900,2330
900,2700
900,3373
900,5645
900,6979
900,9403
901,1325
901,1651
901,2636
901,4692
901,6917
901,7019
901,7310
901,9492
902,1605
902,5205
902,7865
903,3451
903,6333
903,7795
904,1728
904,2956
904,7407
905,1164
905,1389
905,2025
905,2237
905,3041
905,4817
905,5499
905,5730
905,6017
905,6132
905,7067
905,7335
905,7470
905,8712
906,1013
906,1218
906,2413
906,2496
906,3089
906,3315
906,3491
906,3699
906,3978
907,966
907,1176
907,1375
907,2176
907,2568
907,2965
907,3248
907,4286
907,5098
907,6027
907,8295
907,9039
908,2172
908,3368
908,4849
908,5124
908,5455
908,7638
909,1058
909,1100
909,1114
909,1568
909,1589
909,1789
909,1859
909,1912
909,2580
909,2757
909,5739
909,6652
909,8105
910,986
910,1308
910,2921
910,3918
910,4442
910,6226
910,8883
911,1147
911,1383
911,1524
911,2569
911,3744
911,5586
911,6386
912,1472
912,1684
912,2330
912,2586
912,4246
913,1206
913,1551
913,2329
913,2908
913,6014
913,6512
913,8129
913,9445
914,956
914,1141
914,1555
914,1590
914,1771
914,7919
914,8464
915,1354
915,1382
915,1535
915,2799
915,2945
915,7612
915,9071
915,9534
916,1285
916,1488
916,2262
916,2601
916,3581
916,4653
916,5655
917,1820
917,2352
917,2643
917,3627
917,3881
917,5823
917,8748
917,9330
918,1780
918,2647
918,2728
918,2829
918,2967
918,5315
918,5651
918,5837
918,7562
918,8429
918,8506
919,990
919,1720
919,2403
919,9873
920,938
920,1144
920,1558
920,3257
920,4431
920,8701
921,1145
921,2356
921,2865
921,3068
921,3130
921,3517
921,3595
921,4141
921,4415
921,4932
921,5696
921,6900
921,7489
921,8338
921,9602
922,1904
922,1938
922,2250
922,2299
922,2515
922,3063
922,5968
922,6536
923,1278
923,1670
923,1806
923,1992
923,2374
923,2421
923,4250
923,7013
923,7975
923,8049
924,935
924,1429
924,2344
924,2544
924,3109
924,3387
924,9499
925,953
925,1133
925,1193
925,1830
925,1946
925,2171
925,2484
925,3139
925,4092
926,1113
926,1905
926,7528
927,1208
927,1287
927,3238
927,5020
927,7949
927,8553
928,1096
928,2195
928,2793
928,3228
928,5535
928,6781
929,1238
929,1288
929,1726
929,1882
929,1914
929,3342
929,4537
929,4569
929,5197
929,5325
929,7064
929,7260
929,7366
929,9574
930,1950
930,2430
930,8545
930,9083
931,3338
931,3902
931,5366
931,5568
931,7012
931,7266
931,8169
932,1684
932,1942
932,2528
932,4635
932,4983
932,6359
933,1055
933,1828
933,1900
933,3681
933,4841
933,5947
933,6571
933,7015
933,7738
933,8633
934,946
934,1257
934,1844
934,5323
935,1078
935,1471
935,1835
935,2074
935,4652
936,1531
936,1890
936,1956
936,1989
936,2305
936,3519
936,4051
936,8907
937,1070
937,1211
937,5615
937,8904
938,1162
938,3780
938,5790
938,7081
938,9371
939,1563
939,3447
939,4324
939,6796
939,7501
939,8507
940,960
940,977
940,978
940,1186
940,4283
940,5746
940,9815
941,1026
941,1604
941,5478
941,6584
941,7078
942,1205
942,1481
942,1620
942,1709
942,1744
942,2401
942,2642
942,6494
942,7783
943,1022
943,1908
943,2202
943,3444
943,5649
943,6254
943,7939
943,8279
944,1313
944,1505
944,3231
944,3501
944,5807
944,7600
945,1625
945,1740
945,1877
945,2061
945,4584
945,5927
945,7117
945,7327
945,7591
946,3189
946,3231
946,3657
946,4337
946,6477
947,997
947,2148
947,2898
947,3643
947,4042
947,4046
947,6602
948,1524
948,2887
948,3040
948,3603
948,4712
948,5829
948,6325
948,7114
949,1655
949,1674
949,3019
949,3035
949,3240
949,7603
950,1831
950,1941
950,1944
950,1953
950,4492
950,6752
951,999
951,3803
951,3843
951,3921
951,5223
951,6090
952,1628
952,2297
952,3246
952,4416
952,9691
953,961
953,1250
953,1676
953,2620
953,3785
953,7549
954,1156
954,1278
954,1400
954,1502
954,1902
954,4989
955,1345
955,1548
955,1622
955,1865
955,2564
955,4794
956,1274
956,1975
956,3204
956,3215
956,3679
956,5538
956,8390
956,9374
957,1272
957,1446
957,1497
957,1863
957,3598
957,3794
957,5556
957,6287
958,1096
958,2226
958,2411
958,3567
958,5463
958,8410
959,1296
959,1632
959,1671
959,2133
960,1331
960,1617
960,2118
960,2855
960,3185
960,5288
960,7852
960,9597
961,996
961,3923
961,5069
961,7332
962,1124
962,1310
962,1825
962,3782
962,6346
962,9504
963,997
963,2647
963,3165
963,5802
963,8165
963,8426
963,8446
964,1683
964,6914
964,8032
965,3280
965,7803
965,8894
966,1237
966,1391
966,1475
966,8020
967,1039
967,1121
967,1298
967,1661
967,2023
967,2279
967,5205
967,5718
967,8303
968,1088
968,1115
968,1500
968,1572
968,2114
968,2832
968,4281
968,4363
969,1796
969,1899
969,2355
969,2934
969,3069
969,3283
969,3619
969,4148
969,8244
969,8578
970,2117
970,2154
970,2689
970,5641
970,7340
970,7947
971,2122
971,2320
971,4762
971,5001
971,7932
971,9090
972,980
972,1464
972,1696
972,2248
972,6501
972,8190
972,8503
973,1439
973,5728
973,9893
974,1013
974,1281
974,2195
974,2432
974,5749
974,7023
975,1462
975,2004
975,4227
975,6515
975,7425
975,7833
976,3086
976,3348
976,5964
976,6108
977,1279
977,2910
977,5662
977,9632
978,1161
978,1265
978,3171
978,3244
978,4201
978,5354
978,7616
978,8449
979,3078
979,3904
979,4107
979,4985
979,5237
979,5617
979,6397
979,9749
979,9775
980,1124
980,1163
980,1166
980,1214
980,1378
980,1779
980,2198
980,3508
980,6204
980,7507
981,1016
981,1826
981,3219
981,3458
981,4180
981,8254
981,9800
982,1010
982,1202
982,1273
982,1300
982,1493
982,1895
982,1914
982,3012
983,1451
983,1739
983,2304
983,2331
983,3486
983,4337
983,5025
984,3760
984,3831
984,5587
984,9171
985,1055
985,2731
985,6190
986,1418
986,1434
986,1578
986,2956
986,3870
986,4010
986,6699
986,8438
986,8601
987,1294
987,1369
987,3384
988,1732
988,2151
988,2204
988,2229
988,2497
988,2748
988,5195
989,1239
989,1281
989,1428
989,2684
989,3220
989,3824
989,3880
989,4031
989,4487
989,4787
989,9494
990,1141
990,1218
990,2801
990,6086
990,6412
990,7676
990,8261
991,1146
991,2309
991,2809
991,5736
991,9265
991,9880
991,9907
992,1396
992,1616
992,4974
992,5904
992,6011
993,1410
993,2244
993,2371
993,3152
993,3643
993,5029
993,9527
994,1582
994,4327
994,8743
995,1075
995,1085
995,1552
995,1607
995,3100
995,3232
995,4870
995,6050
995,8003
996,1165
996,1210
996,1340
996,2471
996,3948
997,1253
997,1834
997,2207
997,2712
997,3608
997,9662
998,1131
998,1574
998,2704
998,3325
998,3466
999,1189
999,1530
999,1882
999,2414
1000,2116
1000,7017
1000,8990
1000,9029
1001,1594
1001,1635
1001,1672
1001,3779
1001,3937
1001,4375
1001,5467
1002,1054
1002,1437
1002,4234
1002,4402
1002,4966
1003,1258
1003,3837
1003,5226
1003,5524
1003,6387
1003,7887
1003,9557
1004,3404
1004,4178
1004,7859
1004,7935
1005,1171
1005,1251
1005,1317
1005,1994
1005,2391
1005,2811
1006,1134
1006,1406
1006,1968
1006,3199
1006,8122
1006,9588
1007,1046
1007,1412
1007,1723
1007,1934
1007,5697
1007,6873
1008,1544
1008,3048
1009,1479
1009,1587
1009,2200
1009,2564
1009,2799
1009,4553
1009,8344
1010,1482
1010,1766
1010,2632
1010,3632
1010,4272
1010,5218
1010,5803
1010,7360
1010,9329
1011,1097
1011,1266
1011,1792
1011,1825
1011,4403
1011,5486
1011,7873
1012,1042
1012,1219
1012,1511
1012,3656
1012,3937
1012,9152
1013,1104
1013,1253
1013,1367
1013,1399
1013,1860
1013,1913
1013,4546
1013,4585
1013,5732
1013,7658
1013,9165
1014,1419
1014,3176
1014,3904
1014,5775
1015,1245
1015,1541
1015,1813
1015,1853
1015,2053
1015,2291
1015,3184
1015,4896
1015,7068
1015,7358
1016,2804
1016,3444
1016,7740
1017,1102
1017,1125
1017,1272
1017,1476
1017,1483
1017,1609
1017,3092
1017,3181
1017,6432
1017,7093
1018,1473
1018,1755
1018,3275
1018,5401
1018,6949
1018,7384
1018,7561
1018,9011
1019,4590
1019,6010
1019,6866
1020,1171
1020,1652
1020,2278
1020,2743
1021,1192
1021,1305
1021,1398
1021,1514
1021,1976
1021,2074
1021,2210
1021,2504
1021,3809
1021,4534
1021,4750
1021,5424
1022,1294
1022,1938
1022,4191
1022,9415
1023,1157
1023,1321
1023,1911
1023,2144
1023,2840
1023,2848
1023,5233
1024,1274
1024,1314
1024,1385
1024,1648
1024,7358
1024,8418
1025,4899
1025,7581
1025,9190
1026,1129
1026,1178
1026,1407
1026,2795
1026,3789
1026,3903
1026,4029
1026,7033
1026,9069
1027,1036
1027,2893
1027,3087
1027,3981
1027,4331
1028,1066
1028,1155
1028,1264
1028,2138
1028,2157
1028,2257
1028,2441
1028,3645
1028,4409
1029,1051
1029,1172
1029,1190
1029,1414
1029,3283
1029,8379
1029,8628
1030,1267
1030,2295
1030,2501
1030,2593
1030,2893
1030,6899
1030,7721
1030,9121
1031,1243
1031,2725
1031,3400
1031,6676
1031,8548
1032,1509
1032,2353
1032,2360
1032,3123
1032,9910
1033,4010
1033,4031
1033,4529
1033,6593
1033,7670
1033,9242
1034,1307
1034,1678
1034,1748
1034,1797
1034,3016
1034,4044
1034,4403
1034,4777
1034,7335
1035,2732
1035,3276
1035,5409
1035,6955
1036,1195
1036,1406
1036,2730
1036,3412
1036,3436
1036,3833
1036,7647
1037,1183
1037,1356
1037,1687
1037,2615
1037,3359
1037,3977
1037,4651
1037,4654
1037,6828
1038,1433
1038,1734
1038,2311
1038,2766
1038,3391
1038,3402
1038,4161
1038,5994
1039,1311
1039,1486
1039,1811
1039,2362
1039,3480
1039,3716
1039,4066
1039,6909
1039,8508
1040,1337
1040,1491
1040,3276
1040,3322
1040,4626
1040,4845
1040,5159
1040,5441
1040,7691
1040,8103
1041,1612
1041,3319
1041,5585
1041,6273
1042,1124
1042,2069
1042,3545
1042,6118
1042,6165
1042,8896
1043,2846
1043,2902
1043,9565
1044,1159
1044,3646
1044,4563
1044,5963
1044,6326
1044,6638
1044,8698
1045,1319
1045,1618
1045,1867
1045,2254
1045,2779
1045,3087
1045,4483
1045,4924
1045,8470
1045,8492
1045,9057
1045,9894
1046,1221
1046,1462
1046,1595
1046,2481
1046,3666
1046,3885
1046,8884
1047,1268
1047,2019
1047,3971
1047,4237
1047,4295
1047,5059
1047,5871
1047,6855
1047,7124
1047,7364
1047,7597
1047,7880
1048,1083
1048,1099
1048,2121
1048,2310
1048,2628
1048,2684
1048,2886
1048,4666
1048,4851
1048,5154
1048,5492
1048,7615
1049,1135
1049,1396
1049,1416
1049,1418
1049,1681
1049,2426
1049,2581
1049,5344
1049,8054
1050,1503
1050,1868
1050,1968
1050,2493
1050,2693
1050,2709
1050,3443
1050,9296
1051,1673
1052,1085
1052,1209
1052,1338
1052,1578
1052,2538
1052,3148
1052,3209
1052,3363
1052,5053
1052,7858
1052,9324
1053,1504
1053,1855
1053,2939
1053,5833
1053,6775
1053,8031
1053,9060
1054,1060
1054,1497
1054,2695
1054,4869
1054,5579
1055,1630
1055,2323
1055,2931
1055,4544
1055,5648
1055,7634
1055,9079
1056,1126
1056,1513
1056,1596
1056,2175
1056,2978
1056,3359
1056,5111
1057,1362
1057,2508
1057,3409
1057,6174
1057,6741
1058,1512
1058,1670
1058,1707
1058,1775
1058,1955
1058,3177
1058,3840
1058,3885
1058,8122
1059,2142
1059,2179
1059,3951
1059,4293
1059,4565
1059,5368
1059,6170
1059,6273
1059,8555
1060,1092
1060,1136
1060,1199
1060,1681
1060,1778
1060,1950
1060,2166
1060,3321
1060,5099
1060,7664
1060,7950
1061,1277
1061,1822
1061,1902
1061,2471
1061,3028
1061,3737
1061,3776
1061,5785
1061,6241
1061,9640
1062,1704
1062,2086
1062,3709
1062,6319
1062,7682
1063,1301
1063,2200
1063,2750
1063,3717
1063,5680
1063,8954
1063,9225
1064,1582
1064,1592
1064,2251
1064,3467
1064,4757
1064,5810
1064,7058
1064,8567
1065,1128
1065,1963
1065,2689
1065,5578
1065,6005
1065,8117
1065,9123
1065,9392
1066,1198
1066,1230
1066,1634
1067,1314
1067,1454
1067,1580
1067,2530
1067,5191
1067,7999
1068,1080
1068,2633
1068,4063
1068,4521
1068,9782
1069,1422
1069,1534
1069,1546
1069,3661
1069,4644
1069,6239
1069,7551
1070,1472
1070,1580
1070,2063
1070,2433
1070,2514
1070,2521
1070,4586
1070,5876
1070,6856
1071,1073
1071,1126
1071,1335
1071,1544
1071,1960
1071,2851
1071,3351
1071,3403
1071,5943
1071,6918
1072,1185
1072,2085
1072,6692
1072,8752
1072,8865
1073,1292
1073,2177
1073,4381
1073,7412
1073,7720
1073,8771
1074,3146
1074,7473
1074,8368
1075,1152
1075,1235
1075,1783
1075,3760
1075,8873
1076,1400
1076,1731
1076,2489
1076,4537
1076,6787
1076,7351
1076,8035
1077,1656
1077,2576
1077,3677
1077,4168
1078,2109
1078,6392
1079,1388
1079,1874
1079,2158
1079,2616
1079,2787
1079,3438
1079,5075
1079,7446
1079,9551
1080,2100
1080,2233
1080,3351
1080,3458
1080,3767
1080,3968
1080,4203
1080,4270
1080,5299
1080,5470
1081,1643
1081,1913
1081,2485
1081,3846
1081,8588
1082,1801
1082,2492
1082,2942
1082,3269
1082,5404
1082,8247
1083,1352
1083,1385
1083,3735
1083,3808
1083,4175
1083,5714
1083,6234
1083,6758
1083,7089
1083,7743
1084,1662
1084,2869
1084,4415
1084,5720
1084,5954
1084,7368
1084,8738
1085,1262
1085,1505
1085,1608
1085,1750
1085,2048
1085,2604
1085,8648
1086,1115
1086,3643
1086,5585
1087,1367
1087,2099
1087,2513
1087,3395
1087,3585
1087,4446
1087,7665
1088,1304
1088,2270
1088,2513
1088,3899
1088,4937
1089,1784
1089,2479
1089,2484
1089,2848
1089,3951
1089,4033
1089,9119
1089,9655
1089,9747
1090,1593
1090,1871
1090,4024
1090,4163
1090,4940
1090,5422
1090,8632
1091,1243
1091,3551
1091,4413
1091,4643
1091,6065
1091,8239
1092,2135
1092,4610
1092,5287
1092,5546
1092,7104
1093,1145
1093,1333
1093,1513
1093,2279
1093,2512
1093,3694
1093,5103
1093,9440
1094,1718
1094,1816
1094,7396
1094,8398
1095,1500
1095,1626
1095,1771
1095,1898
1095,2170
1095,2954
1095,7990
1095,8169
1096,1115
1096,1919
1096,4759
1096,5120
1096,6415
1097,2658
1097,3265
1097,6706
1097,7067
1098,1118
1098,1244
1098,1284
1098,1418
1098,1932
1098,1966
1098,2777
1098,3097
1098,3622
1099,1680
1099,7378
1099,7946
1100,1769
1100,2048
1100,2252
1100,3978
1101,1544
1101,1717
1101,1769
1101,1877
1101,2055
1101,2123
1101,5396
1101,9889
1102,1116
1102,2984
1103,1909
1103,4335
1103,4940
1103,4974
1103,9277
1104,1347
1104,1539
1104,1891
1104,2854
1104,3018
1104,4042
1104,5540
1104,5645
1104,7098
1105,5122
1105,6677
1105,8216
1106,1163
1106,1376
1106,1560
1107,1195
1107,1808
1107,3416
1107,4681
1108,1293
1108,1713
1108,2098
1108,2600
1108,4199
1108,4313
1108,5323
1109,1166
1109,1293
1109,1876
1109,2011
1109,2742
1109,2845
1109,3556
1109,8392
1110,1827
1110,2767
1110,3006
1110,3539
1110,4546
1110,8675
1111,1302
1111,1347
1111,2737
1111,4593
1111,8629
1112,1317
1112,1592
1112,2802
1112,4232
1112,4834
1112,5084
1113,1361
1113,2152
1113,2549
1113,2857
1114,1583
1114,1962
1114,2742
1114,5765
1114,6886
1115,1448
1115,2628
1115,3620
1115,4813
1115,7895
1115,9089
1116,1786
1116,2427
1116,3375
1116,3714
1116,4037
1116,5003
1117,1891
1117,2135
1117,3724
1117,9566
1118,1156
1118,3611
1118,3896
1118,6652
1118,7040
1118,7967
1119,1527
1119,1897
1119,2505
1119,3755
1119,4213
1119,4240
1119,9925
1120,1471
1120,1964
1120,2322
1120,4688
1120,7470
1121,1285
1121,1353
1121,1688
1121,2643
1121,3289
1121,7366
1122,1628
1122,3407
1122,4104
1123,1168
1123,1605
1123,1644
1123,2021
1123,2679
1123,3940
1123,7338
1123,8645
1124,1703
1124,4503
1124,4826
1124,7079
1124,8519
1124,9976
1125,1432
1125,1938
1125,2970
1125,3392
1125,5219
1125,6313
1125,8818
1125,9822
1126,1168
1126,1350
1126,1669
1126,2274
1126,2789
1126,6634
1126,9582
1127,1375
1127,1378
1127,1602
1127,3549
1127,4238
1127,7247
1128,1142
1128,2247
1128,6418
1129,1131
1129,1160
1129,1922
1129,3191
1129,3263
1129,3413
1129,4082
1129,5680
1129,7636
1131,1142
1131,1323
1131,1430
1131,1479
1131,1896
1131,2575
1131,3491
1131,3803
1131,5020
1132,1756
1132,2449
1132,2570
1132,2920
1132,3430
1132,3528
1132,4354
1132,5855
1133,1668
1133,4030
1133,6430
1134,1270
1134,1363
1134,1911
1134,2021
1134,4106
1134,4303
1134,7000
1134,7051
1134,7650
1134,8284
1135,1415
1135,3108
1135,8813
1136,1349
1136,1570
1136,5430
1136,8863
1136,8985
1136,9473
1136,9691
1137,1627
1137,2418
1137,3123
1137,6951
1137,8974
1137,9077
1137,9781
1138,1139
1138,3547
1138,3859
1138,5896
1139,1863
1139,2532
1139,3736
1139,7602
1139,8477
1140,1695
1140,2587
1140,3053
1140,5740
1140,6336
1140,8463
1140,8953
1141,3235
1141,3351
1141,5180
1141,7177
1142,1935
1142,1980
1142,2237
1142,3410
1142,8325
1143,1199
1143,1329
1143,1973
1143,2782
1143,3994
1143,4795
1143,5025
1143,5512
1144,1434
1144,1520
1144,2106
1144,2453
1144,2454
1144,2752
1144,4641
1144,5456
1144,5714
1144,5880
1144,6791
1144,8696
1145,1161
1145,2442
1145,3925
1145,5698
1145,6140
1145,6849
1146,1180
1146,1614
1146,1897
1146,2732
1146,3091
1146,9784
1146,9812
1147,2713
1147,7393
1147,8359
1148,1349
1148,1941
1148,2326
1148,4562
1148,5989
1149,1436
1149,2430
1149,3710
1149,4441
1149,6871
1149,8021
1149,8887
1150,1733
1150,1981
1150,2661
1150,4980
1150,9599
1151,1668
1151,1873
1151,1979
1151,2214
1151,4317
1151,4652
1151,8208
1152,1384
1152,1420
1152,1439
1152,1556
1152,1901
1152,2069
1152,2389
1152,4144
1152,4931
1153,2332
1153,3142
1153,3849
1153,4650
1153,5436
1154,2185
1154,2582
1154,2821
1154,2827
1154,4909
1154,7687
1154,9825
1155,3227
1155,3814
1155,4125
1155,4916
1155,6409
1155,9781
1156,3234
1156,6182
1156,7580
1156,9142
1157,1191
1157,1259
1157,1613
1157,1714
1157,2019
1157,2080
1157,2222
1157,2521
1157,2671
1157,2872
1157,3615
1157,3963
1157,5586
1157,6186
1157,7327
1158,1215
1158,2588
1158,4115
1158,8257
1158,9811
1159,1772
1159,1804
1159,2752
1159,6090
1159,9511
1159,9871
1160,1335
1160,1427
1160,1795
1160,1835
1160,2097
1160,6002
1161,1405
1161,3292
1161,3361
1161,3895
1161,4018
1161,7376
1162,1374
1162,1608
1162,2004
1162,2834
1162,7252
1163,1423
1163,2243
1163,4166
1164,1330
1164,4412
1164,5429
1164,9363
1165,1207
1165,1585
1165,1729
1165,1797
1165,3172
1165,4684
1165,5330
1165,7003
1165,8572
1166,1269
1166,1973
1166,2018
1166,2054
1166,2086
1166,3036
1166,4350
1166,5406
1166,5573
1166,7793
1167,1184
1167,4057
1167,4495
1167,6818
1167,8162
1168,1379
1168,1779
1168,1788
1168,2159
1168,2224
1168,2873
1168,4333
1168,6543
1169,1355
1169,1356
1169,2417
1169,3080
1169,3449
1169,4207
1169,9508
1170,1589
1170,2187
1170,3245
1170,3676
1170,3794
1170,4208
1170,4341
1170,5014
1170,6551
1170,7523
1171,4037
1171,5216
1172,1466
1172,3292
1172,6307
1172,6632
1172,8641
1173,1437
1173,2181
1173,3226
1173,3905
1173,4733
1174,1767
1174,2180
1174,2925
1174,2959
1174,7008
1175,1181
1175,2048
1175,2550
1175,3059
1175,3936
1175,6476
1175,9950
1176,1399
1176,2395
1176,2677
1176,4872
1176,8362
1176,9486
1177,1607
1177,2017
1177,2417
1177,2692
1178,1465
1178,1945
1178,9699
1179,1692
1179,4676
1179,5842
1180,2143
1180,3205
1180,3381
1180,3473
1180,3603
1180,4629
1180,5026
1180,5323
1181,1515
1181,1692
1181,1751
1181,2558
1181,5202
1181,6115
1181,9630
1182,1723
1182,2411
1182,2906
1182,3656
1182,3919
1182,5273
1182,6906
1183,1700
1183,5082
1183,6172
1183,6762
1183,6806
1184,1426
1184,1755
1184,2172
1184,2499
1184,2578
1184,3540
1184,6669
1184,6910
1185,1508
1185,2437
1186,1376
1186,1564
1186,1746
1186,1951
1186,2095
1186,2677
1186,3070
1186,4370
1186,4555
1186,5054
1186,5278
1186,5453
1186,5860
1186,7116
1187,1456
1187,1463
1187,6782
1188,2236
1188,2641
1188,3576
1188,5974
1188,6036
1188,7072
1189,3829
1189,3941
1189,4275
1189,6504
1189,7952
1189,8461
1190,1733
1190,2622
1190,3014
1190,4301
1190,4580
1190,5631
1191,1329
1191,1515
1191,1679
1191,1863
1191,2288
1191,2662
1191,2875
1191,4905
1191,6650
1191,7071
1191,8042
1191,8746
1192,1548
1192,1982
1192,2008
1192,2544
1192,5663
1192,6010
1192,8023
1192,9019
1193,2166
1193,3658
1193,3681
1194,1196
1194,1510
1194,1846
1194,2883
1194,5276
1194,6258
1194,6965
1194,7669
1195,1440
1195,1675
1195,1781
1195,5039
1195,9489
1195,9545
1196,1277
1196,2096
1196,2865
1196,2900
1196,2975
1196,4090
1197,2444
1197,3362
1197,5576
1197,5844
1197,6199
1197,7205
1198,1857
1198,3196
1198,3534
1198,4270
1198,5795
1199,1808
1199,2444
1199,2745
1199,3041
1199,5966
1200,2178
1200,3045
1200,3203
1200,7994
1200,8491
1201,1324
1201,2397
1201,2653
1201,4202
1201,6008
1202,1536
1202,2407
1202,2705
1202,8815
1203,4775
1203,7147
1203,8319
1203,9802
1204,2340
1204,2688
1204,5666
1204,6387
1204,7923
1204,8418
1205,1900
1205,2416
1205,2914
1205,3170
1205,8620
1206,1693
1206,2285
1207,1494
1207,1855
1207,6385
1207,8922
1207,9659
1208,1635
1208,1719
1208,2555
1208,6454
1208,7698
1208,9556
1209,1246
1209,1338
1209,1498
1209,1516
1209,1748
1209,2040
1209,2171
1209,2260
1209,2849
1209,5262
1210,2020
1210,2800
1210,7212
1211,1708
1211,1917
1211,1933
1211,2349
1211,2943
1211,3080
1211,3407
1211,3828
1211,4766
1211,5760
1211,5851
1211,6480
1211,7344
1211,7789
1212,1312
1212,2700
1212,2745
1212,2977
1212,3192
1213,1762
1213,2059
1213,2599
1213,3507
1213,4844
1213,5376
1214,2651
1214,3181
1214,3900
1214,4939
1214,7820
1215,1431
1215,2049
1215,2577
1215,2722
1215,3157
1215,7601
1215,8406
1216,1383
1216,1602
1216,1785
1216,2308
1216,3641
1216,3948
1216,4999
1216,5717
1216,5836
1216,9282
1217,1493
1217,2003
1217,5004
1217,5016
1218,1365
1218,1400
1218,1890
1218,3271
1218,4332
1218,4426
1218,5555
1218,6365
1218,6906
1218,7451
1218,8595
1219,3602
1219,4530
1219,5177
1219,5640
1219,6664
1219,7404
1220,2122
1220,2612
1220,3786
1220,4522
1220,6145
1221,1288
1221,2274
1221,3427
1221,3814
1221,3932
1221,5058
1221,8123
1222,1421
1222,3277
1222,5402
1222,7498
1223,1299
1223,1344
1223,1766
1223,4220
1223,4820
1224,1395
1224,1833
1224,2477
1224,5673
1224,7283
1225,1532
1225,1918
1225,4491
1225,6665
1226,1268
1226,2384
1226,3171
1226,3490
1226,5762
1226,6375
1226,6904
1227,1467
1227,2717
1227,5613
1227,7102
1227,7424
1228,1303
1228,1549
1228,1619
1228,1981
1228,2518
1228,4790
1228,5292
1228,7615
1229,1861
1229,2531
1229,2992
1229,3492
1229,3511
1229,3820
1229,4251
1229,5446
1229,9043
1230,1385
1230,1763
1230,1866
1230,2012
1230,3441
1230,3676
1230,5739
1231,4900
1231,8701
1232,1377
1232,1520
1232,6364
1232,7355
1233,1318
1233,3130
1233,4607
1233,7564
1233,7867
1234,1609
1234,1716
1234,3181
1234,3588
1234,5431
1235,1452
1235,2218
1235,2312
1235,2761
1235,3733
1235,5827
1235,8604
1236,1240
1236,1275
1236,1803
1236,3093
1236,4506
1236,5979
1237,1768
1237,1940
1237,2602
1237,3807
1237,5922
1238,1419
1238,2267
1238,4613
1238,8854
1238,9243
1239,2301
1239,3039
1239,4215
1239,4929
1239,5892
1239,6015
1239,6301
1239,7091
1239,8082
1240,1533
1240,2614
1240,3683
1240,5007
1241,1967
1241,2696
1241,6614
1242,1357
1242,1638
1242,1930
1242,2198
1242,2410
1242,2423
1242,2764
1242,2788
1242,3338
1242,3828
1242,4116
1242,4636
1242,5220
1243,2462
1243,2905
1243,3440
1243,3884
1243,7148
1243,8531
1243,9118
1244,1878
1244,6572
1244,7310
1244,8704
1245,1381
1245,1477
1245,2976
1245,5253
1245,6655
1245,8890
1245,9879
1246,2773
1246,4211
1246,4237
1246,6814
1246,9988
1247,1481
1247,3106
1247,5058
1247,9982
1248,1346
1248,1374
1248,1449
1248,1543
1248,1610
1248,2700
1248,9940
1249,3304
1249,3974
1249,7995
1250,2899
1250,4015
1250,6214
1250,6922
1250,9179
1250,9529
1251,1382
1251,1449
1251,1611
1251,2071
1251,3511
1251,4550
1251,5177
1251,5694
1251,6047
1251,6456
1252,1680
1252,1812
1252,1887
1252,3890
1252,4408
1252,7321
1253,1898
1253,2796
1253,2966
1253,3173
1253,3401
1253,4018
1253,5001
1253,8384
1254,1327
1254,2281
1254,2382
1254,4901
1254,9298
1255,1279
1255,1600
1255,1664
1255,2191
1255,3392
1255,5131
1255,7464
1255,8749
1256,1884
1256,3186
1256,9124
1257,1453
1257,1875
1257,1906
1257,4267
1257,6050
1257,6888
1258,6145
1259,2189
1259,2278
1259,2447
1259,2588
1259,5635
1259,6561
1259,6578
1259,7865
1259,8853
1260,2238
1260,2466
1260,3403
1260,3455
1260,4199
1260,6868
1261,1459
1261,1512
1261,1525
1261,1688
1261,2294
1261,3594
1261,8563
1262,1505
1262,1664
1262,1857
1262,5095
1262,6484
1263,2394
1263,3440
1263,3884
1263,5424
1263,7533
1264,2411
1264,2850
1264,3067
1264,3987
1264,6272
1264,6451
1265,1478
1265,1488
1265,2245
1265,2271
1265,2419
1265,3278
1265,4534
1265,8997
1266,1320
1266,1392
1266,2341
1266,3163
1266,8307
1266,8567
1266,9485
1267,1343
1267,2168
1267,2342
1267,3410
1267,4401
1267,5650
1268,2956
1268,3150
1268,4114
1268,4556
1268,5444
1268,8501
1268,9312
1269,1911
1269,2307
1269,2938
1269,8163
1269,8628
1270,1803
1270,6505
1271,2708
1271,4409
1271,7405
1272,1371
1272,1585
1272,2517
1272,2694
1272,3372
1273,1683
1273,1862
1273,3936
1274,1297
1274,1333
1274,1910
1274,2072
1274,2483
1274,2682
1274,3971
1274,5475
1274,6076
1274,8653
1275,1822
1275,1966
1275,2401
1275,3673
1275,4162
1275,5052
1275,7427
1276,2111
1276,2350
1276,3381
1276,3864
1276,4397
1276,5293
1277,1502
1277,2396
1277,2810
1277,8973
1278,1427
1278,1849
1278,2901
1278,4893
1278,4923
1278,6260
1279,2927
1279,3583
1279,6747
1279,7278
1280,1477
1280,1552
1280,1598
1280,1642
1280,2188
1280,2190
1280,3660
1280,3684
1280,4534
1281,2862
1281,2906
1281,3143
1281,8133
1282,1484
1282,3805
1282,9517
1283,2089
1283,2381
1283,3217
1283,7000
1284,3423
1284,5086
1284,7167
1284,7998
1285,1327
1285,1457
1285,2042
1285,3350
1285,4014
1285,4532
1285,6459
1285,6766
1286,1359
1286,1965
1286,2041
1286,7263
1286,8176
1286,8829
1286,9599
1287,1860
1287,2019
1287,2640
1287,3355
1287,3764
1287,5932
1288,1595
1288,1735
1288,2470
1288,3995
1288,5118
1288,5371
1288,9742
1289,1458
1289,1954
1289,2160
1289,3005
1289,4973
1289,5854
1289,6146
1289,7585
1290,2663
1290,6270
1290,6520
1290,6886
1290,6899
1290,7887
1290,9194
1291,1435
1291,1859
1291,2635
1291,3399
1291,6009
1291,6160
1291,7094
1292,1545
1292,1761
1292,2272
1292,4465
1292,4773
1292,5587
1293,2533
1293,2664
1293,2953
1293,5390
1294,1620
1294,1697
1294,2677
1294,2922
1294,3278
1294,5650
1294,6199
1294,6241
1294,6394
1294,6864
1294,7367
1295,6399
1295,7470
1295,7767
1295,7879
1295,9666
1296,1573
1296,2015
1296,2227
1296,2476
1296,4588
1296,8158
1297,1325
1297,1508
1297,1746
1297,1767
1297,3122
1297,3286
1297,3987
1297,4236
1298,1391
1298,1567
1298,1800
1298,2835
1298,2974
1298,4487
1298,6650
1298,7120
1298,7318
1298,8582
1299,1926
1299,4022
1299,6049
1299,8635
1300,1983
1300,2001
1300,2033
1300,2645
1300,3308
1300,5758
1301,1391
1301,2054
1301,2827
1301,3672
1301,4449
1301,5444
1301,9958
1302,1589
1302,2056
1302,2508
1302,3478
1302,4950
1302,5679
1302,6958
1302,8229
1303,1305
1303,2007
1303,2339
1303,2814
1303,3212
1303,7985
1303,9295
1304,2669
1304,3946
1304,9578
1305,2128
1305,2750
1305,3703
1305,3894
1305,5107
1306,2926
1306,3562
1306,9326
1307,2553
1307,3227
1307,8778
1308,1310
1308,1412
1308,1629
1308,2705
1308,3962
1308,4247
1308,5416
1308,9462
1309,1694
1309,2213
1309,2899
1309,7086
1309,9642
1310,1818
1310,2736
1310,3035
1310,3582
1310,3693
1310,5033
1310,6703
1311,1606
1311,1614
1311,2202
1311,3946
1311,4023
1311,6484
1311,7627
1311,9912
1311,9927
1312,1577
1312,2707
1312,6125
1312,9088
1312,9325
1313,1479
1313,1574
1313,3349
1313,3433
1313,5596
1313,6554
1314,2255
1314,2295
1314,2664
1314,2977
1314,3220
1314,4378
1314,6599
1315,1390
1315,1806
1315,2438
1315,2456
1315,6803
1315,9475
1316,1617
1316,1908
1316,2788
1316,3238
1316,4292
1316,4784
1316,4861
1316,7401
1317,1489
1317,1885
1317,3592
1317,3664
1317,8324
1318,2971
1318,3316
1318,3543
1318,3686
1318,7369
1318,8621
1319,1470
1319,1565
1319,3544
1319,3623
1319,5201
1319,9167
1320,1688
1320,1770
1320,2501
1320,3587
1320,6960
1320,7456
1321,1583
1321,1679
1321,2028
1321,3079
1321,3557
1321,6323
1321,7504
1321,9236
1322,1443
1322,1735
1322,2587
1322,3200
1322,5069
1322,5404
1322,6190
1323,1408
1323,2404
1323,3610
1323,9876
1324,1562
1324,2562
1324,2990
1324,4135
1324,5396
1324,5832
1324,6376
1324,8079
1325,1806
1325,1971
1325,4601
1325,5581
1325,6164
1325,7539
1326,1693
1326,2136
1326,2271
1326,3247
1326,3696
1326,3875
1326,5031
1326,9734
1327,1427
1327,1616
1327,2035
1327,2393
1327,3101
1327,5057
1327,5778
1327,8353
1327,8495
1327,8716
1328,1728
1328,1848
1328,2810
1328,3559
1328,4130
1328,4256
1328,4323
1328,5863
1328,8323
1329,2930
1329,4019
1329,5027
1329,6597
1329,9283
1329,9319
1330,1899
1330,3521
1330,3542
1330,6163
1330,6951
1331,1905
1331,4284
1331,4341
1332,1463
1332,2044
1332,3990
1332,4001
1332,4580
1333,1503
1333,1831
1333,5817
1334,1452
1334,1484
1334,1491
1334,1924
1335,1463
1335,1886
1335,2060
1335,2452
1335,3838
1335,5616
1335,7421
1336,1340
1336,2219
1336,2826
1336,5807
1337,3070
1337,5928
1337,8597
1338,1360
1338,1546
1338,1851
1338,2259
1338,2631
1338,2746
1338,2778
1338,2939
1338,4944
1338,5882
1338,7667
1339,1633
1339,1637
1339,1646
1339,2725
1339,3671
1339,5757
1340,1609
1340,1815
1340,1985
1340,2093
1340,2425
1340,4562
1340,5587
1340,5957
1341,4530
1341,4702
1341,8721
1341,8968
1342,2141
1342,2527
1342,9565
1343,6368
1343,7656
1344,1455
1344,1480
1344,2010
1344,3054
1344,3739
1344,6923
1345,1600
1345,7297
1346,2094
1346,3034
1346,5674
1346,7219
1346,7513
1347,1586
1347,1773
1347,1856
1347,3844
1347,9488
1348,1937
1348,2507
1348,3868
1348,4760
1348,7819
1349,1414
1349,5290
1349,5651
1350,1428
1350,2081
1350,2856
1350,3450
1350,6707
1350,7106
1351,2359
1351,7009
1351,7289
1351,7955
1352,1875
1352,2248
1352,2574
1352,3918
1352,7803
1353,1486
1353,3728
1353,5551
1353,7588
1354,1749
1354,1814
1354,3013
1354,3165
1354,4148
1354,6734
1355,1424
1355,2122
1355,3341
1355,7483
1356,1624
1356,2491
1356,2509
1356,3652
1356,6175
1356,8515
1357,2137
1357,2419
1357,3251
1357,6006
1357,7158
1357,8596
1358,1416
1358,2768
1359,1623
1359,5634
1359,6261
1360,1443
1360,2079
1360,2113
1360,7739
1361,1785
1361,2536
1361,3402
1361,4297
1361,5351
1361,8986
1362,1521
1362,1532
1362,2355
1362,5732
1363,1522
1363,1666
1363,3330
1363,4437
1363,7540
1363,8067
1363,9598
1364,1423
1364,2067
1364,3616
1364,3630
1364,6511
1365,2037
1365,2130
1365,2617
1365,3740
1365,3777
1365,6357
1365,7737
1365,7891
1365,8266
1365,8955
1365,9071
1365,9442
1366,3605
1366,4545
1366,5789
1366,7583
1366,7620
1366,9379
1366,9875
1367,1457
1367,2343
1367,3093
1367,3940
1367,5514
1368,2044
1368,2292
1368,2702
1368,2847
1368,2905
1368,3723
1368,4439
1368,5000
1368,5084
1368,6805
1368,7161
1368,7482
1369,2070
1369,4649
1369,5047
1369,5502
1369,7154
1370,1840
1370,4264
1370,7178
1370,7309
1371,2908
1371,3265
1371,4442
1371,4977
1371,5354
1371,8264
1371,9272
1372,2285
1372,2744
1372,2790
1372,2822
1372,3303
1372,4874
1372,5359
1372,6457
1372,7066
1372,7360
1372,9995
1373,2221
1373,5278
1373,7866
1373,8391
1373,9733
1374,1872
1374,2522
1374,2800
1374,3383
1374,5184
1375,2306
1375,4902
1375,5277
1375,7083
1375,7562
1375,8837
1376,1387
1376,4717
1376,5097
1376,6338
1376,6378
1376,6906
1376,7005
1376,7144
1376,8000
1376,9909
1377,1426
1377,1581
1377,2183
1377,3314
1377,8318
1377,9157
1378,1970
1378,2933
1378,4756
1378,6857
1378,7528
1379,1820
1379,3464
1379,3943
1379,5141
1379,7620
1379,8112
1380,1447
1380,1501
1380,1896
1380,3144
1380,5198
1380,6213
1381,2468
1381,2649
1381,3176
1381,4006
1381,5106
1381,6588
1381,7323
1382,1513
1382,2275
1382,2297
1382,2424
1382,3621
1382,7002
1382,7245
1383,9790
1384,1538
1384,1712
1384,1998
1384,2165
1384,2565
1384,5360
1385,3188
1385,3239
1385,3391
1385,3792
1385,4275
1385,4415
1386,1446
1386,1794
1386,2334
1386,2400
1386,2527
1386,3356
1386,5607
1387,1749
1387,2919
1387,3493
1387,3667
1387,3737
1387,6227
1387,6491
1387,6687
1387,8941
1387,9018
1388,1886
1388,2127
1388,3154
1388,8634
1388,9980
1389,1715
1389,2752
1389,2852
1389,3635
1389,5145
1390,1413
1390,2981
1390,8707
1391,3945
1391,5601
1391,6106
1391,9773
1392,1473
1392,1555
1392,2052
1392,2622
1392,2766
1392,2974
1392,8927
1392,9704
1393,1790
1393,1936
1393,2028
1393,4075
1393,6160
1393,8015
1393,8886
1394,1512
1394,1590
1394,1669
1394,1685
1394,4955
1394,4985
1394,7170
1394,7563
1395,2521
1395,3078
1395,3881
1395,4537
1395,5441
1395,7850
1396,2369
1396,4653
1396,6334
1397,1759
1397,1946
1397,2990
1397,3383
1398,1542
1398,1991
1398,2444
1398,3318
1398,6147
1398,8389
1398,8950
1399,2038
1399,2918
1399,3550
1399,5207
1399,6608
1400,4308
1400,7970
1401,1814
1402,1758
1402,2163
1402,3852
1402,7594
1403,1566
1403,3877
1403,4248
1403,4923
1403,5030
1403,5408
1403,6868
1404,1408
1404,1525
1404,1736
1404,1791
1404,2068
1404,2624
1404,4344
1404,5456
1404,5585
1405,1711
1405,2877
1405,4074
1405,6416
1406,1811
1406,1845
1406,1864
1406,2639
1406,3443
1406,4007
1406,4407
1406,4743
1406,6282
1406,8400
1407,1583
1407,3559
1407,4076
1407,5442
1408,1848
1408,2032
1408,2136
1408,3516
1408,3710
1408,5395
1408,9711
1409,1778
1409,2076
1409,2493
1409,2580
1409,4261
1410,1999
1410,2402
1410,2546
1410,3424
1410,7576
1411,2207
1411,2365
1411,2442
1411,6469
1411,9514
1412,1573
1412,2954
1412,3234
1412,3752
1412,3843
1412,6423
1412,7820
1412,9696
1413,1664
1413,5676
1414,1764
1414,2473
1414,3914
1414,5306
1414,5925
1414,6232
1414,9437
1415,2173
1415,2223
1415,2368
1415,2381
1415,2473
1415,2699
1415,3471
1415,3982
1415,5214
1415,6143
1415,6404
1415,7276
1415,7294
1416,1426
1416,2360
1417,2014
1417,2060
1417,4505
1417,9275
1417,9855
1418,1434
1418,1526
1418,1846
1418,2256
1418,3653
1418,3726
1418,4043
1418,4163
1418,4999
1419,1917
1419,3415
1419,3988
1419,4776
1419,8203
1420,1956
1420,2806
1420,3108
1420,3379
1420,3628
1420,4836
1420,4891
1420,8510
1421,1529
1421,1878
1421,2550
1421,4151
1421,6556
1421,6827
1421,7113
1421,9330
1422,2599
1422,3061
1422,3555
1423,1697
1423,3059
1423,4465
1423,8094
1424,2638
1424,5920
1424,6253
1425,1499
1425,1739
1425,3892
1425,3930
1425,3967
1425,4283
1425,5056
1425,6294
1425,8037
1426,2057
1426,7028
1427,1745
1427,2129
1427,2181
1427,2641
1427,8045
1428,1523
1428,2319
1428,5539
1428,8287
1428,8885
1428,9493
1429,1487
1429,3752
1429,4131
1429,5472
1429,5722
1429,6257
1429,7210
1429,8341
1429,9370
1430,1986
1430,2049
1430,2273
1430,2445
1430,5467
1431,1943
1431,4285
1431,4406
1431,6301
1431,6443
1432,1586
1432,3107
1432,3355
1433,1437
1433,2749
1433,3127
1433,6515
1434,1465
1434,2421
1434,3400
1434,4556
1435,1974
1435,2086
1435,2303
1435,3046
1435,5133
1436,1656
1436,1862
1436,2525
1436,4347
1436,5991
1436,6320
1436,7830
1436,9616
1437,1842
1437,2171
1437,2533
1437,3570
1437,3999
1437,5036
1438,1503
1438,1754
1438,4206
1438,6454
1438,7111
1438,8014
1438,9348
1439,1756
1439,3289
1439,5688
1439,5758
1439,7616
1439,8202
1440,1814
1440,1840
1440,2224
1440,3005
1440,5065
1440,6026
1440,9076
1441,1445
1441,2058
1441,2479
1441,5793
1442,3027
1442,3160
1442,4634
1442,4843
1442,5119
1442,6551
1442,9975
1443,1634
1443,1637
1443,2502
1443,2630
1443,2683
1443,2737
1443,2822
1443,2824
1443,4136
1443,5526
1443,7988
1443,8069
1443,9585
1444,2165
1444,2227
1445,1466
1445,1470
1445,1521
1445,3224
1445,3268
1445,5394
1445,7543
1446,1530
1446,2362
1446,3216
1446,3298
1446,3917
1446,5056
1446,7523
1447,1758
1447,2089
1447,2480
1447,2577
1447,2853
1447,3559
1447,6766
1447,7371
1447,8613
1448,3621
1448,3700
1448,4343
1448,4404
1448,4724
1448,9898
1449,1795
1449,3084
1449,3424
1449,3784
1449,6254
1449,8243
1449,8371
1450,1456
1450,2567
1450,3332
1450,3398
1450,3409
1450,4821
1451,3153
1451,9573
1451,9599
1452,2425
1452,2762
1452,4475
1452,5269
1452,6311
1452,9709
1453,1501
1453,3112
1453,8415
1453,9580
1454,1646
1454,1789
1454,2288
1454,3551
1454,5298
1454,5637
1454,8324
1454,9333
1454,9335
1455,1576
1455,1750
1455,2336
1455,3244
1455,5328
1455,5436
1455,7055
1455,9217
1456,1637
1456,2931
1456,2989
1456,4459
1457,2711
1457,3119
1457,3241
1458,1865
1458,3428
1458,3698
1458,3880
1458,4050
1458,4191
1458,5255
1458,7925
1458,8737
1459,1708
1459,2494
1459,3163
1459,3459
1459,5034
1459,6038
1459,7488
1460,1676
1460,1719
1460,1824
1460,3001
1460,7226
1460,7678
1460,7990
1460,8964
1461,1569
1461,1677
1461,1962
1461,2067
1461,3075
1461,5030
1461,5228
1461,5230
1461,7987
1461,8034
1461,9814
1462,2337
1462,2817
1462,5953
1462,9715
1463,1522
1463,1692
1463,2947
1463,4169
1463,4581
1464,1536
1464,2201
1464,2268
1464,3072
1464,4796
1464,5718
1465,1515
1465,2239
1465,2751
1465,2782
1465,6366
1465,6777
1465,6887
1465,6917
1465,7291
1465,8697
1465,9355
1466,2882
1466,3677
1466,4310
1466,4452
1466,5072
1466,6094
1466,8409
1467,2733
1467,3057
1467,8783
1468,1491
1468,1674
1468,1687
1468,2545
1468,3210
1468,5317
1468,5887
1469,1559
1469,1780
1469,2251
1469,2819
1469,6159
1469,9332
1470,2166
1470,3327
1470,5123
1470,5320
1470,6078
1470,9436
1471,3368
1471,5554
1471,7452
1472,1948
1472,2067
1472,3097
1472,4833
1472,5294
1473,1569
1473,2346
1473,3393
1473,4546
1473,4683
1473,7204
1474,1595
1474,2045
1474,3423
1474,4043
1475,1667
1475,2387
1475,3220
1475,4751
1475,9059
1476,2346
1476,3274
1476,3431
1476,3487
1476,4012
1476,4854
1477,1702
1477,2383
1477,4998
1477,7046
1477,8661
1478,3687
1478,6639
1478,8247
1478,8654
1479,1707
1479,1757
1479,2062
1479,2714
1479,8872
1480,1794
1480,2084
1480,2541
1480,3343
1480,3449
1480,4274
1480,5759
1481,1862
1481,3705
1481,3746
1481,3878
1481,8604
1481,9827
1482,1522
1482,1910
1482,2279
1482,3045
1482,5617
1482,9507
1483,2026
1483,2506
1483,3178
1484,1584
1484,1718
1484,2489
1484,2813
1484,4282
1484,4359
1484,5489
1485,4225
1485,4935
1486,1561
1486,1619
1486,2041
1486,2380
1486,3693
1487,1722
1487,3090
1487,4386
1487,4522
1487,5259
1487,5568
1487,6833
1488,1779
1488,3146
1488,3489
1488,4435
1488,5096
1488,6699
1488,8911
1489,2377
1489,2473
1489,2484
1489,2797
1489,3489
1489,3861
1489,4782
1489,4880
1489,6320
1489,8299
1490,5454
1490,6608
1490,6873
1490,9767
1491,2519
1491,2679
1491,4127
1491,5908
1491,7438
1491,8175
1491,8431
1492,1711
1492,3589
1492,3858
1492,4368
1492,8828
1492,9663
1493,1691
1493,1787
1493,2196
1493,2424
1493,3788
1493,4568
1493,4722
1493,4988
1493,5116
1493,8015
1493,9543
1494,1534
1494,1617
1494,1763
1494,1936
1494,4166
1494,7816
1494,8240
1495,1799
1495,3378
1495,5532
1495,6370
1495,6991
1495,7484
1496,1518
1496,1748
1496,1784
1496,2686
1496,2932
1496,3673
1496,3933
1496,7320
1496,7872
1496,8266
1496,8926
1497,1743
1497,6132
1497,6197
1497,7196
1498,1587
1498,1850
1498,1959
1498,4382
1498,5263
1498,5834
1498,6576
1498,8540
1498,8743
1499,2129
1499,2208
1499,3439
1499,3541
1499,5320
1499,5593
1499,8879
1499,9861
1500,1650
1500,2234
1500,2373
1500,4124
1500,8370
1501,1821
1501,2839
1501,3226
1501,4174
1501,6275
1501,9197
1502,1618
1502,3075
1502,3586
1502,6601
1502,7054
1503,1729
1503,1847
1503,2606
1503,3006
1503,5461
1503,7807
1504,3325
1504,4262
1504,5284
1504,7488
1504,9939
1505,2607
1505,2621
1505,3406
1505,3660
1505,4082
1505,4600
1505,5582
1505,5959
1505,8110
1506,3275
1506,3405
1506,5391
1506,5510
1506,9885
1507,1916
1507,3267
1507,4062
1507,6083
1507,7684
1507,8716
1508,1761
1508,1999
1508,2708
1508,8709
1509,2053
1509,2719
1509,9450
1510,2393
1510,2439
1510,2488
1510,3830
1510,3950
1510,5297
1510,6675
1510,9668
1511,5181
1511,9729
1512,1760
1512,2174
1512,2378
1512,2426
1512,9070
1512,9533
1513,3647
1513,3979
1513,4361
1513,4891
1513,6340
1513,8095
1514,1598
1514,4321
1515,2436
1515,3766
1515,4471
1516,1786
1516,2022
1516,2735
1516,3790
1516,5244
1517,2044
1517,3126
1517,3624
1517,3970
1518,1840
1518,1923
1518,2080
1518,3629
1518,4045
1518,4946
1518,6712
1518,7921
1518,8970
1519,1601
1519,1633
1519,1824
1519,1920
1519,1980
1519,3362
1519,3705
1519,4009
1519,4087
1519,4919
1519,5194
1519,5944
1520,1537
1520,3968
1520,5390
1520,7486
1520,9980
1521,2185
1521,2996
1521,4040
1521,4402
1521,4760
1521,5564
1521,6327
1521,9141
1521,9747
1522,2135
1522,2392
1522,3125
1522,3258
1522,4052
1522,4602
1522,7135
1522,7165
1522,8481
1523,1542
1523,1753
1523,1964
1523,2697
1523,3019
1523,4933
1523,6474
1524,1574
1524,2073
1524,2146
1524,2730
1524,3352
1524,4479
1524,8637
1525,4310
1525,6617
1525,7808
1525,8745
1526,2642
1526,3626
1526,5857
1527,2219
1527,5352
1528,1671
1528,2477
1528,2617
1528,4363
1528,5768
1529,2005
1529,3036
1529,5429
1529,6870
1530,2110
1530,3178
1530,4254
1530,4402
1530,4554
1530,4727
1530,5952
1530,6051
1530,6735
1530,9650
1531,2338
1531,2585
1531,2838
1531,2913
1531,5298
1531,5469
1531,5908
1532,2076
1532,2331
1532,2582
1532,4504
1532,5199
1532,8017
1532,8044
1533,2944
1533,3332
1533,4254
1533,4295
1533,9539
1534,6695
1534,7078
1534,8907
1535,1687
1535,1977
1535,2583
1535,3893
1535,5828
1536,1601
1536,3273
1536,3533
1536,4397
1536,5043
1536,5207
1536,5564
1536,5770
1536,7381
1536,9828
1537,2320
1537,5478
1537,6511
1537,7462
1537,9108
1537,9563
1538,1593
1538,1820
1538,2614
1538,2731
1538,2750
1538,3505
1538,7476
1538,8936
1539,1678
1539,2872
1539,3276
1539,4240
1539,7434
1540,1960
1540,2820
1540,3024
1540,3560
1540,6363
1540,8064
1541,1929
1541,2161
1541,2228
1541,2993
1541,3015
1541,3145
1541,3166
1541,4262
1541,4304
1541,4669
1541,8068
1541,8282
1541,8766
1542,3810
1542,6450
1542,8619
1543,1991
1543,2039
1543,2543
1543,2674
1543,3386
1543,3529
1543,4263
1543,4815
1543,5348
1544,1627
1544,1742
1544,2259
1544,3018
1544,3886
1544,4041
1544,4416
1544,7917
1544,9387
1544,9687
1545,2161
1545,3023
1545,3856
1545,7546
1546,2701
1546,2805
1546,2898
1546,3586
1546,3691
1546,4625
1547,1737
1547,2657
1547,6513
1548,1771
1548,2253
1548,3142
1548,3297
1548,8329
1549,1652
1549,1978
1549,3441
1549,3610
1549,3692
1549,4125
1549,4361
1549,4963
1549,8110
1549,9204
1549,9555
1549,9957
1550,1810
1550,2261
1550,3380
1550,4269
1550,4444
1550,7290
1551,1937
1551,2486
1551,2986
1551,3349
1551,3476
1551,4304
1551,6980
1551,8364
1552,1885
1552,2204
1552,3259
1552,3631
1552,3731
1553,2077
1553,2330
1553,4668
1553,5812
1553,7178
1554,2124
1555,1686
1555,6499
1555,7064
1556,1887
1556,2645
1556,3048
1556,3104
1556,3488
1556,3660
1556,5046
1557,1653
1557,2556
1557,2838
1557,3161
1557,3416
1557,3510
1557,3922
1557,4210
1557,9315
1558,2385
1558,3848
1558,4146
1558,4636
1558,6746
1558,9471
1559,2181
1559,2567
1559,7206
1560,1624
1560,1926
1560,3298
1560,3960
1560,5314
1560,5362
1560,7188
1561,1606
1561,1694
1561,3674
1561,7145
1561,8988
1562,1575
1562,2399
1562,3683
1562,5603
1563,1579
1563,1647
1563,3471
1563,4252
1563,7022
1563,7648
1564,1904
1564,3295
1564,3494
1564,4553
1565,3579
1565,3754
1565,6673
1565,7518
1566,1755
1566,2638
1566,2738
1566,5717
1566,6636
1567,3496
1567,4105
1567,4948
1567,6067
1567,7761
1568,1793
1568,3387
1568,3954
1568,8677
1569,1998
1569,4833
1569,4902
1569,5211
1570,1842
1570,1872
1570,1927
1570,3217
1570,3342
1570,4769
1570,5940
1570,6234
1570,9389
1571,4847
1571,5880
1572,1952
1572,6308
1572,8075
1573,3074
1573,3419
1573,4390
1573,4473
1573,8876
1574,1631
1574,2249
1574,2257
1574,3707
1574,5203
1574,6548
1574,7234
1574,8514
1574,9666
1575,3279
1575,3811
1575,3845
1575,3897
1575,5252
1575,5363
1576,1903
1576,2487
1576,3806
1576,4973
1576,7903
1577,1870
1577,2747
1577,2783
1577,2860
1577,3911
1577,4945
1577,6127
1577,6943
1577,7094
1578,1655
1578,1667
1578,1725
1578,6644
1579,2633
1579,4884
1580,2832
1580,3350
1580,3515
1580,3558
1580,4485
1580,4938
1580,5397
1580,6031
1580,8375
1580,9106
1581,1893
1581,2637
1581,2905
1581,3546
1581,4081
1581,4305
1581,4913
1581,5743
1581,6756
1581,8938
1582,1701
1582,1796
1582,1976
1582,2435
1582,2464
1582,2498
1582,3225
1582,3306
1582,3484
1582,4100
1582,7455
1582,8990
1583,4296
1583,5310
1583,6723
1583,6931
1583,7240
1584,2225
1584,4488
1584,4572
1584,4791
1584,5851
1585,1783
1585,2852
1585,5087
1585,8047
1586,1967
1586,2174
1586,2565
1586,4008
1586,4380
1586,5247
1586,6665
1586,7942
1586,9165
1587,1657
1587,2154
1587,2586
1587,3131
1587,3414
1587,5820
1587,5885
1587,6541
1588,1677
1588,1805
1588,3829
1588,4724
1588,6288
1588,8484
1589,1951
1589,2448
1589,3411
1589,4770
1589,7958
1589,8316
1590,2051
1590,2232
1590,2495
1590,3195
1590,3571
1590,3593
1590,6380
1590,9184
1590,9956
1591,2834
1591,2928
1591,3447
1591,4952
1591,7131
1591,8370
1592,2406
1592,2915
1592,2952
1592,3756
1592,5119
1592,8167
1592,9911
1593,1805
1593,2537
1593,4471
1593,4763
1593,6135
1593,9484
1594,1711
1594,2197
1594,2918
1594,3320
1594,4418
1594,4510
1594,5334
1595,2248
1595,2778
1595,3521
1595,3572
1595,3761
1595,7183
1595,7250
1595,9732
1596,2286
1596,5752
1597,3357
1597,3771
1597,5395
1597,5638
1597,6658
1598,1762
1598,2363
1598,2798
1598,3905
1598,4140
1598,4248
1599,2178
1599,2289
1599,2394
1599,2680
1599,2686
1599,2903
1599,3177
1599,3770
1599,6695
1599,8960
1600,1638
1600,1978
1600,2769
1600,4160
1600,6679
1601,1900
1601,2442
1601,2685
1601,4431
1602,1658
1602,3324
1602,8341
1602,9522
1603,1743
1603,2110
1603,2284
1603,2537
1603,3133
1603,3294
1603,3375
1603,4108
1603,4493
1603,4642
1604,2163
1604,5583
1604,8588
1604,9591
1605,1876
1605,2105
1605,2697
1605,3183
1605,5162
1605,5566
1606,2152
1606,4183
1606,9403
1607,1773
1607,2770
1607,3616
1607,4470
1607,4925
1607,5021
1607,5382
1607,9552
1608,1987
1608,2260
1608,7709
1609,1639
1609,1881
1609,2299
1609,2842
1609,3727
1609,3857
1609,4723
1609,5066
1609,6018
1609,6073
1609,9597
1610,1714
1610,2339
1610,2610
1610,4089
1610,8810
1611,4302
1611,4432
1611,4963
1611,6212
1611,9382
1612,1662
1612,1752
1612,1920
1612,2110
1612,2366
1612,3508
1612,4818
1612,5981
1613,1786
1613,2588
1613,3138
1613,3815
1613,4251
1613,4709
1613,9316
1613,9359
1614,2360
1614,4102
1614,7414
1614,9502
1614,9969
1615,3701
1615,3857
1615,5793
1615,8546
1616,1861
1616,1945
1616,2341
1616,6437
1616,8513
1616,9507
1616,9584
1617,1674
1617,3360
1618,6579
1618,7929
1618,8837
1618,9017
1619,1989
1619,1996
1619,2322
1619,3560
1619,5792
1619,6760
1620,1656
1620,3120
1620,5627
1620,7679
1620,7756
1621,4932
1621,6317
1621,6604
1622,1969
1622,2392
1622,3348
1622,4857
1622,5937
1622,8397
1623,2102
1623,9891
1624,1768
1624,6018
1624,6613
1625,2463
1625,4309
1625,9263
1626,2543
1626,9421
1627,1841
1627,2113
1627,2455
1627,2783
1627,3357
1627,6729
1628,6807
1628,7857
1628,9232
1629,1782
1629,1799
1629,2943
1629,5476
1629,7427
1629,7657
1629,8916
1630,2963
1630,3500
1630,4885
1630,6838
1630,9566
1631,1666
1631,1705
1631,2090
1631,2985
1631,6331
1631,6743
1632,1821
1632,1825
1632,2714
1632,3680
1633,2314
1633,2812
1633,7487
1633,8803
1634,1638
1634,1659
1634,2022
1634,2480
1634,7053
1634,7812
1635,1813
1635,1839
1635,2446
1635,3363
1635,3522
1635,5427
1635,8278
1636,2379
1636,5257
1636,5915
1637,1961
1637,2047
1637,2317
1637,4512
1637,7629
1638,2543
1638,3668
1638,4473
1638,6543
1638,8038
1638,8582
1638,9235
1639,2207
1639,4554
1639,5636
1639,5814
1640,1869
1640,1922
1640,1965
1640,2531
1640,2815
1640,7888
1641,1686
1641,3548
1641,8699
1641,9710
1642,2980
1642,3030
1642,3062
1642,3142
1642,5217
1642,5318
1642,5978
1643,1998
1643,6909
1643,9506
1644,3208
1644,3285
1644,3651
1644,4944
1644,5289
1644,5870
1644,6941
1644,9073
1645,7169
1645,8419
1645,9396
1646,2075
1646,2087
1646,2261
1646,2550
1646,4432
1646,5032
1646,9037
1647,2514
1647,4319
1647,7243
1647,9639
1648,2271
1648,2321
1648,2531
1648,3077
1648,5517
1648,6032
1649,3613
1649,4254
1649,5360
1649,7019
1649,7509
1649,9360
1650,3129
1650,3970
1650,7989
1650,8625
1650,8928
1651,1801
1651,1802
1651,4714
1651,5227
1651,5503
1651,7148
1651,7313
1652,3897
1652,4549
1652,5547
1652,5941
1652,6913
1652,7393
1652,9196
1652,9615
1653,2395
1653,4082
1653,4682
1653,8609
1653,9400
1654,2221
1654,2842
1654,6777
1654,7199
1655,2001
1655,3774
1655,3985
1655,4937
1655,6714
1656,2217
1656,2249
1656,2275
1656,3044
1656,3133
1656,4300
1657,2863
1657,2888
1658,2212
1658,2738
1658,2915
1658,2944
1658,3003
1658,4786
1659,6177
1660,2510
1660,3153
1660,3750
1660,4819
1660,4989
1660,7212
1660,8464
1661,2194
1661,2255
1661,2545
1661,3003
1661,3019
1661,3591
1661,3842
1661,4673
1661,5008
1662,1716
1662,2380
1662,6991
1662,7324
1662,9623
1663,2773
1663,3530
1663,3679
1663,5496
1663,6396
1664,4411
1664,6390
1664,7662
1665,1917
1665,3678
1665,6191
1665,8354
1666,2034
1666,4231
1666,5692
1666,6598
1667,2670
1667,2844
1667,9235
1668,1826
1668,7721
1669,2269
1669,2926
1669,3538
1669,4168
1669,5316
1669,6725
1669,7685
1670,2398
1670,2738
1670,2759
1670,4014
1670,4154
1670,5296
1671,1784
1671,1915
1671,2160
1671,4060
1671,5304
1671,7477
1672,2220
1672,2553
1672,6758
1672,6913
1673,1845
1673,2024
1673,2066
1673,2662
1673,3011
1673,4239
1673,7527
1674,2034
1674,2151
1674,5531
1674,6263
1674,6452
1674,6476
1675,2612
1675,3876
1675,4575
1675,7170
1675,7748
1675,9129
1676,3188
1676,3498
1676,5209
1676,5283
1677,1769
1677,2211
1677,3706
1677,4059
1677,5291
1677,6021
1677,6073
1678,2132
1678,5903
1678,7887
1678,8255
1678,9291
1679,4548
1679,5791
1679,7305
1680,2155
1680,2317
1680,2386
1680,2781
1680,2790
1680,3073
1680,3415
1681,1765
1681,1916
1681,2364
1681,2453
1681,3161
1681,4908
1681,9860
1682,1819
1682,3148
1682,4307
1683,3663
1683,5630
1683,6095
1684,2387
1684,3169
1684,4157
1684,4188
1684,4685
1684,5067
1684,6309
1684,7337
1684,8223
1685,3463
1685,4693
1685,5858
1686,1889
1686,2955
1686,4370
1686,5478
1686,5971
1686,6327
1686,6934
1686,7509
1686,8808
1687,3133
1687,4738
1687,8954
1688,6661
1688,9829
1689,2009
1689,3064
1689,3116
1689,5420
1690,3432
1690,3953
1691,2325
1691,2667
1691,2762
1691,2937
1691,3309
1691,4767
1691,4793
1691,9515
1692,2314
1692,3644
1692,8446
1693,2557
1693,3392
1693,4831
1693,6279
1694,2133
1694,3667
1694,4245
1694,5623
1694,7059
1694,7435
1694,7744
1694,7968
1694,9371
1695,2017
1695,2717
1695,3830
1696,2370
1696,2736
1696,4165
1696,4383
1696,4746
1696,5070
1696,5212
1696,6424
1697,3625
1697,4231
1697,9777
1697,9831
1698,3232
1698,3662
1698,6019
1698,9309
1699,3140
1699,3385
1699,4808
1699,5161
1699,5530
1699,7233
1699,8673
1701,2242
1701,2467
1701,4857
1701,6342
1701,6600
1701,7587
1702,2051
1702,2170
1702,4874
1702,5916
1702,6566
1702,6957
1702,7152
1703,2836
1703,3555
1703,6079
1703,7201
1703,8027
1704,5285
1704,9384
1705,1957
1705,2657
1705,2835
1705,3190
1705,6282
1706,3281
1706,3601
1707,3465
1707,4944
1707,5082
1707,5895
1707,8080
1707,9572
1708,1745
1708,2559
1708,3074
1708,3271
1708,4420
1708,5259
1708,5343
1708,5893
1709,1742
1709,2215
1709,2608
1709,5557
1709,8564
1710,1813
1710,2292
1710,2302
1710,2307
1710,3077
1710,4117
1710,4199
1710,8458
1711,1993
1711,2438
1711,2559
1711,3324
1711,5028
1711,6441
1711,6585
1712,1736
1712,1772
1712,2856
1712,3249
1712,3833
1712,5400
1712,6122
1713,7972
1713,8911
1714,1782
1714,2646
1714,3091
1714,5372
1715,1933
1715,2644
1715,3016
1715,3998
1715,4959
1715,5641
1715,6879
1716,1950
1716,2388
1716,3418
1716,3540
1716,4817
1716,5825
1716,6306
1716,6784
1716,8587
1717,2431
1717,3151
1717,4909
1717,7639
1717,9827
1718,2371
1718,3052
1718,3547
1718,4538
1718,4721
1718,5063
1718,6056
1718,6920
1718,8917
1719,2054
1719,3888
1719,5064
1719,5458
1719,6038
1719,7864
1720,1879
1720,2332
1720,3254
1720,5301
1720,7391
1721,1942
1721,1955
1721,2282
1721,5691
1722,2639
1722,3487
1722,4788
1722,6994
1722,8393
1722,8996
1723,2539
1723,3109
1723,3218
1723,5038
1723,9752
1724,2098
1724,2210
1724,2858
1724,3708
1724,4391
1724,4965
1724,6350
1725,1907
1725,2592
1725,3625
1725,3663
1725,3707
1725,7835
1725,9288
1725,9491
1726,2885
1726,4085
1726,5679
1726,7334
1726,8490
1726,9339
1727,3572
1727,4294
1727,6570
1727,6728
1728,1809
1728,1831
1728,4207
1728,4907
1728,5400
1728,6924
1728,7727
1728,9158
1729,1741
1729,2010
1729,2875
1729,3618
1729,4502
1729,4873
1729,8053
1729,9437
1730,3604
1730,4215
1730,5060
1731,2359
1731,4851
1731,5044
1732,1775
1732,2089
1732,2313
1732,2458
1732,2694
1733,1878
1733,2658
1733,3358
1733,4061
1733,7402
1733,8724
1734,2283
1734,3167
1734,4658
1734,8226
1735,1972
1735,1995
1735,2979
1735,3690
1735,6658
1735,6881
1736,1839
1736,2491
1736,2698
1736,3166
1736,3408
1736,5460
1736,5750
1737,2434
1737,2960
1737,3047
1737,4862
1737,9482
1738,2222
1738,3879
1738,4802
1738,5806
1738,6744
1738,7039
1739,2390
1739,2532
1739,3242
1740,3481
1740,4379
1740,4732
1740,4827
1740,5371
1740,9546
1740,9783
1741,1747
1741,1757
1741,2354
1741,3428
1741,4278
1741,7429
1742,2945
1742,3328
1742,4016
1743,2131
1743,2617
1743,5443
1743,5841
1744,2300
1744,2474
1744,2600
1744,3364
1744,3665
1745,2597
1745,4079
1745,9452
1746,1877
1746,2179
1746,2254
1746,2940
1746,4131
1746,8619
1747,2094
1747,2212
1747,2720
1747,2916
1747,3399
1747,3832
1747,4935
1747,5716
1747,6309
1747,6707
1747,9106
1748,2822
1748,2925
1748,3442
1748,5053
1748,6111
1748,8389
1749,2838
1749,5011
1749,5207
1749,6870
1749,7405
1749,8048
1749,8088
1749,9118
1750,2033
1750,2197
1750,2309
1750,2595
1750,2691
1750,3775
1750,5035
1750,5639
1750,5979
1751,1799
1751,2092
1751,2386
1751,2608
1751,3239
1751,4921
1751,8870
1752,1957
1752,4091
1752,4417
1752,7020
1753,2233
1753,3074
1753,4658
1753,4737
1753,7164
1753,8137
1753,9326
1754,2579
1754,2941
1754,3239
1754,3258
1754,4508
1754,6246
1755,2784
1755,3141
1755,3460
1755,5804
1755,6587
1755,7015
1756,2667
1756,2739
1756,2747
1756,5363
1756,7076
1756,7186
1756,7928
1757,1823
1757,2893
1757,3568
1757,4470
1757,4940
1757,7142
1757,7359
1758,2015
1758,2434
1758,2481
1758,2586
1758,2999
1758,7411
1758,7731
1758,9731
1759,1816
1759,1899
1759,2662
1759,6409
1759,7217
1760,1874
1760,1977
1760,2187
1760,6047
1761,1988
1761,2814
1761,3064
1761,3126
1761,3279
1761,5426
1761,6162
1762,1916
1762,2158
1762,2332
1762,2397
1762,3822
1763,5548
1763,6340
1764,3562
1765,2329
1765,2681
1765,2878
1765,2953
1767,1984
1767,5523
1767,6099
1767,7797
1767,9072
1768,2889
1768,3478
1768,3515
1768,3993
1768,4873
1768,6032
1768,6606
1768,7012
1768,9746
1769,1978
1769,2864
1769,4156
1770,1812
1770,2323
1770,3837
1770,4603
1770,7206
1771,2302
1771,3296
1771,3894
1771,5712
1772,2169
1772,3570
1773,3015
1773,3176
1773,3698
1773,8235
1773,9432
1774,1883
1774,2393
1774,4029
1774,5101
1774,6958
1775,4549
1775,6347
1775,6401
1775,6655
1775,7011
1775,7188
1776,5669
1776,7157
1776,7683
1777,2589
1777,6075
1778,3168
1778,3746
1779,2525
1779,2867
1779,4412
1779,5017
1779,7445
1779,8322
1779,8420
1780,2683
1780,3304
1780,8849
1781,2982
1781,5198
1781,5843
1781,9214
1781,9257
1782,2204
1782,3614
1782,3756
1782,5011
1782,5182
1782,6817
1782,8206
1783,2070
1783,2099
1783,2167
1783,2180
1783,3223
1783,3503
1783,6975
1784,2704
1784,2776
1784,3545
1784,3637
1784,4396
1784,8335
1784,8929
1785,2136
1785,3130
1785,4872
1785,5185
1785,5302
1786,2042
1786,2103
1786,2366
1786,2460
1786,2775
1786,3033
1786,3260
1786,4717
1786,9133
1786,9344
1787,2745
1787,3172
1787,4299
1787,4753
1788,2507
1788,3867
1788,4484
1788,6142
1788,9798
1789,2167
1789,2276
1789,3001
1790,3795
1790,6493
1790,7085
1790,8884
1791,1906
1791,2352
1791,4725
1791,5982
1791,6307
1791,6995
1791,7200
1791,9414
1792,2250
1792,3598
1792,6161
1792,6959
1793,4531
1793,4590
1793,4740
1793,5252
1793,6793
1793,9163
1794,2284
1794,3190
1794,3633
1794,4146
1794,5614
1794,6686
1795,2264
1795,2301
1795,2666
1795,2899
1795,3325
1795,7927
1796,2036
1796,2563
1796,2616
1796,3482
1796,3762
1796,4990
1796,7349
1796,7980
1796,9621
1796,9841
1797,3374
1797,3617
1797,4006
1797,5721
1797,8433
1798,1986
1798,2408
1798,2507
1798,6049
1798,6739
1798,7873
1799,3915
1799,5197
1799,5702
1799,5931
1799,8267
1799,8277
1799,8699
1799,9994
1800,2049
1800,2220
1800,3175
1800,3952
1800,8120
1801,1949
1801,2361
1801,3085
1801,3948
1801,3966
1801,6151
1802,2064
1802,2610
1802,3215
1802,8232
1803,2876
1803,3600
1804,2605
1804,2957
1804,5859
1804,6961
1805,2517
1805,2552
1805,2897
1805,3748
1805,4620
1805,5174
1806,3331
1806,3976
1806,6000
1806,7496
1807,2291
1807,2606
1807,2607
1807,3076
1807,4222
1807,4784
1807,4888
1808,2112
1808,2162
1808,4411
1808,5751
1808,9483
1809,2433
1809,3536
1809,3573
1809,5245
1809,5272
1809,6726
1810,2349
1810,2464
1810,2581
1810,2743
1810,3664
1810,4057
1810,5314
1811,2441
1811,5049
1811,8718
1812,2633
1812,2979
1812,3331
1812,3490
1812,4268
1812,5736
1813,2575
1813,3256
1813,4872
1813,5984
1813,6986
1814,3101
1814,4182
1814,8170
1815,1869
1815,2239
1815,3815
1816,1817
1816,1834
1816,1842
1816,2867
1816,2946
1816,3131
1816,4401
1817,2342
1817,2416
1817,6290
1817,7648
1818,2000
1818,2007
1818,2091
1818,2119
1818,3259
1819,2015
1819,3277
1819,3428
1819,8633
1819,8799
1820,2085
1820,2933
1820,4760
1820,4917
1820,5233
1820,6405
1820,6654
1820,8213
1820,9522
1821,3768
1821,6701
1821,9056
1821,9060
1822,2193
1822,2478
1822,5759
1822,9097
1823,2076
1823,2104
1823,2346
1823,2364
1823,3207
1823,3972
1823,4505
1823,7838
1824,2353
1824,2358
1825,2661
1825,6303
1825,7497
1825,8455
1826,2226
1826,2562
1826,2671
1826,2771
1826,3140
1826,4019
1826,4298
1826,5327
1826,5473
1826,5549
1826,9249
1827,2276
1827,3030
1827,3144
1827,3588
1827,6283
1827,7034
1827,8027
1827,8218
1827,8760
1828,2265
1828,3530
1828,6659
1828,7500
1828,8140
1828,9361
1828,9586
1829,2112
1829,5805
1830,2002
1830,3437
1830,3953
1830,4167
1830,5367
1830,6380
1831,3242
1831,4071
1831,8522
1831,9278
1831,9615
1832,1845
1832,1864
1832,1875
1832,1924
1832,5579
1832,8836
1833,4749
1833,4821
1833,6680
1834,2707
1834,5932
1834,9732
1835,2660
1835,3996
1835,4016
1835,6485
1835,7409
1835,9792
1836,3403
1836,3635
1836,3826
1836,4148
1836,4613
1837,2423
1837,4962
1837,8558
1838,3290
1838,4023
1838,7794
1838,8966
1838,9168
1838,9817
1839,2222
1839,2280
1839,2490
1839,2820
1839,4970
1839,6124
1839,7089
1839,8251
1839,8478
1840,1866
1840,2037
1840,2090
1840,2225
1840,2518
1840,2558
1840,2706
1840,3084
1840,3469
1840,3897
1840,5329
1840,9651
1841,2356
1841,2673
1841,3785
1842,1925
1842,2888
1842,4244
1842,6927
1842,7036
1842,7328
1843,2999
1843,3026
1843,6605
1844,2038
1844,2568
1844,8566
1844,9341
1844,9989
1845,3964
1845,4445
1845,4886
1845,7495
1846,1857
1846,2916
1846,3728
1846,3831
1846,4705
1847,2008
1847,2828
1847,4295
1847,4317
1847,4570
1847,5282
1847,8311
1847,8911
1848,2293
1848,2317
1848,2519
1848,2994
1848,5531
1849,5298
1849,5784
1850,2437
1850,6135
1850,9280
1851,3072
1851,4563
1851,8338
1852,2766
1852,3633
1852,3882
1852,3929
1852,6471
1852,8596
1852,9713
1853,1894
1853,2002
1853,2006
1853,2243
1853,2650
1853,3202
1853,4421
1853,5769
1854,2124
1854,2137
1854,3319
1854,5309
1854,5681
1854,7408
1854,9785
1855,2415
1855,5852
1855,6964
1855,7097
1855,8423
1855,9078
1856,2461
1856,3431
1856,4489
1856,4715
1856,5971
1857,2361
1857,4129
1857,7386
1858,2489
1858,3180
1858,3388
1858,4342
1858,4823
1858,4824
1858,9364
1859,2175
1859,2636
1859,3525
1859,4132
1859,6290
1859,7140
1860,9629
1861,1904
1861,2351
1861,4828
1861,5742
1861,6198
1861,9163
1861,9661
1862,2792
1862,3241
1862,4196
1862,4694
1863,3459
1863,6505
1863,7781
1864,2153
1864,7030
1864,7505
1864,7595
1864,7680
1864,7876
1865,2806
1866,2006
1866,5553
1866,5849
1866,8180
1866,9398
1867,1970
1867,2670
1867,4526
1867,6711
1867,7406
1867,8328
1868,2057
1868,2073
1868,2655
1868,4188
1868,5254
1869,2202
1869,2211
1869,2306
1869,3288
1869,4078
1869,4486
1869,6755
1870,6228
1870,8529
1871,5378
1871,7041
1871,8810
1872,2213
1872,4377
1872,6472
1872,7651
1872,8380
1872,8944
1872,8985
1873,2400
1873,3898
1873,4531
1873,4565
1873,4861
1874,5710
1874,9714
1875,5252
1876,3755
1876,4174
1876,5288
1876,7387
1877,3632
1877,4077
1877,4230
1877,6370
1878,2326
1878,3852
1878,3935
1878,4592
1878,6872
1879,3461
1879,3695
1879,4169
1879,8140
1880,2408
1880,2818
1881,3037
1881,4314
1881,5254
1881,5603
1881,7373
1881,8567
1881,9123
1882,2134
1882,3285
1882,4950
1882,7362
1882,9113
1883,3226
1883,4094
1883,8039
1884,4468
1884,5275
1884,5573
1884,8539
1885,6027
1886,3286
1886,5175
1887,2584
1887,5147
1887,7717
1887,8367
1888,2172
1888,3117
1888,3824
1888,4061
1888,4915
1888,8219
1889,2668
1889,2833
1889,2948
1889,3722
1889,4085
1889,8684
1890,2033
1890,2219
1890,2299
1890,4376
1890,5957
1890,7086
1890,9079
1891,2642
1891,2814
1891,3260
1891,4160
1891,5004
1891,5129
1891,6614
1891,6626
1891,8382
1892,1940
1892,2735
1892,3417
1892,5279
1892,6171
1892,7566
1893,3334
1893,3585
1893,3680
1893,5618
1893,6642
1894,2430
1894,4472
1894,7573
1894,7724
1894,8214
1894,8706
1895,2640
1895,2669
1896,2345
1897,5677
1897,7203
1897,9143
1897,9439
1898,2275
1898,2413
1898,2516
1898,2724
1898,3452
1898,6296
1898,8497
1898,9660
1899,2090
1899,2831
1899,2850
1899,2909
1899,3335
1899,3580
1899,3877
1899,6445
1900,2030
1900,3474
1900,3631
1900,4328
1900,4683
1900,6230
1900,6642
1901,3670
1901,4373
1901,4900
1901,6757
1902,2477
1902,5813
1902,6860
1902,9366
1903,1967
1903,2264
1903,2599
1903,2656
1903,3518
1903,3954
1903,5597
1903,9888
1904,2201
1904,2454
1904,2786
1904,3206
1904,4319
1904,8971
1905,2968
1905,4618
1906,1947
1906,2130
1906,2446
1906,3527
1906,4328
1906,8677
1907,2026
1907,2668
1907,4139
1907,4286
1907,4357
1908,2926
1908,3229
1908,3615
1908,4777
1908,5183
1909,3756
1909,5494
1909,5749
1909,5930
1910,2739
1910,3979
1910,4244
1910,9157
1911,2059
1911,3350
1911,5141
1912,2274
1912,2920
1913,3270
1913,3692
1913,3907
1913,5281
1913,5804
1913,6660
1913,7768
1914,3884
1915,3260
1915,4336
1915,4869
1915,8125
1915,9966
1916,2230
1916,2269
1916,3004
1916,3454
1916,7187
1916,7254
1916,9658
1917,8027
1917,8347
1918,3352
1919,2672
1919,3128
1919,3448
1919,3793
1919,4797
1919,6978
1919,8175
1919,9801
1920,1987
1920,2663
1920,2879
1920,3813
1920,5136
1920,5433
1921,2844
1921,3292
1921,3512
1921,4034
1921,6237
1921,7293
1922,2335
1922,3105
1922,4687
1923,2369
1923,2746
1923,3583
1923,4286
1923,4547
1923,5110
1923,5284
1923,6991
1924,3219
1924,4011
1924,4865
1924,9285
1925,4400
1925,8705
1926,2964
1926,3603
1926,4091
1926,4453
1926,5175
1926,9317
1927,1954
1927,2199
1927,2409
1927,4476
1927,6069
1927,6930
1928,2942
1928,4540
1928,4771
1928,5550
1928,5637
1929,3726
1930,2327
1930,2538
1930,2871
1930,3314
1930,9783
1931,2687
1931,4289
1931,4494
1931,7333
1931,9429
1932,2113
1932,2158
1932,3545
1932,3629
1932,4032
1932,4377
1932,4889
1932,7650
1933,2132
1933,2614
1933,4725
1933,6866
1933,8002
1933,9379
1933,9672
1933,9935
1934,1952
1934,1979
1934,2149
1934,3650
1934,4058
1934,4086
1934,4453
1934,8169
1935,2315
1935,3037
1935,7038
1935,7672
1935,8236
1935,9255
1936,2234
1936,4214
1936,6422
1936,6748
1937,3972
1937,5584
1937,6703
1937,8503
1937,8866
1938,2753
1938,2907
1938,3255
1938,3437
1938,3876
1938,5367
1938,9970
1939,4076
1939,4772
1939,5746
1939,6640
1939,9084
1940,2138
1940,2379
1940,2549
1940,2696
1940,3116
1940,3194
1940,3196
1941,2095
1941,3389
1942,2622
1942,3548
1942,9328
1942,9830
1943,2032
1943,2188
1943,3197
1943,3740
1943,5738
1944,2237
1944,3124
1944,3693
1945,3359
1945,5727
1945,8163
1945,8299
1946,2524
1946,2919
1946,4223
1946,7826
1947,3516
1947,4266
1947,5995
1947,8426
1949,2440
1949,3484
1949,3550
1949,3799
1949,4509
1949,9617
1950,2528
1950,4617
1951,3187
1951,5094
1951,7095
1952,2233
1952,3368
1952,3571
1952,9442
1953,2124
1953,2449
1953,5945
1954,2967
1954,7004
1955,2109
1955,2150
1955,2998
1955,3025
1955,4410
1955,7067
1955,7759
1957,1987
1957,2758
1957,3168
1957,4701
1957,5961
1957,6096
1958,2690
1958,2855
1958,4896
1958,5056
1958,5283
1958,5897
1958,7917
1959,2416
1959,2613
1959,2949
1959,3121
1959,4000
1959,4104
1959,7751
1959,9605
1960,2043
1960,2500
1960,2564
1960,7957
1961,2362
1961,2592
1961,3398
1961,3944
1961,5851
1961,6276
1962,3203
1962,4137
1962,4367
1962,6850
1963,2055
1963,2433
1963,4001
1963,9984
1964,2137
1964,2372
1964,2949
1964,5231
1964,5678
1964,6736
1965,2077
1965,4570
1965,6235
1966,2624
1966,3166
1966,3537
1966,4048
1966,4281
1966,4637
1966,6391
1966,7171
1966,8413
1966,8434
1966,9146
1967,2732
1967,3073
1967,3500
1967,5158
1968,2637
1968,3727
1968,7125
1968,9057
1969,2753
1969,3029
1969,3272
1969,5633
1970,2341
1970,5232
1970,5543
1971,5748
1971,6348
1971,8232
1972,2719
1972,4492
1972,6069
1972,6653
1973,2325
1973,3103
1973,7645
1973,8616
1974,3839
1974,4808
1974,5909
1974,5965
1975,2037
1975,2994
1975,3988
1975,4489
1975,5978
1975,8715
1975,8723
1976,2563
1976,3221
1976,3972
1976,6300
1976,7385
1976,8579
1976,8967
1977,9620
1978,5498
1978,5858
1978,6829
1978,7373
1979,2354
1979,2427
1979,3042
1979,4583
1979,4879
1979,8493
1979,8732
1979,9669
1980,6198
1980,6847
1980,8192
1980,9044
1980,9706
1981,4524
1981,4912
1981,5115
1981,5355
1981,6648
1982,3005
1982,3698
1982,6245
1982,6940
1982,8253
1982,8828
1982,8968
1983,2936
1983,4986
1983,5184
1983,6570
1983,8001
1983,9505
1983,9882
1984,2326
1984,4466
1984,4913
1984,5743
1984,6828
1984,7433
1984,7440
1984,7942
1985,2574
1986,2009
1986,2392
1986,2748
1986,2911
1986,5845
1986,8921
1986,9264
1987,3801
1987,4327
1987,4821
1987,6063
1987,6202
1987,7022
1988,2035
1988,3933
1988,5471
1988,5516
1988,7099
1988,7835
1988,8055
1989,2441
1989,3763
1989,8167
1990,2078
1990,2183
1990,4059
1990,4991
1990,8056
1991,4835
1991,6404
1992,2013
1992,2491
1992,3479
1992,9213
1992,9638
1992,9646
1993,2467
1993,2661
1993,2957
1993,3898
1993,4288
1993,6269
1993,6451
1993,6633
1993,6956
1993,8578
1994,2324
1994,4158
1994,4854
1994,5047
1994,5057
1994,6731
1995,7642
1996,2031
1996,2833
1996,2927
1996,7369
1996,8536
1996,9149
1997,2087
1997,2554
1997,2768
1997,5749
1998,5399
1998,5674
1998,5721
1998,7078
1999,2615
1999,2729
1999,2823
1999,3137
1999,3743
2000,3081
2000,3734
2000,9564
2001,3129
2001,3704
2001,7590
2002,2220
2002,3197
2002,3578
2002,3729
2002,4332
2002,6007
2002,7629
2003,2859
2003,3504
2003,4242
2003,6682
2003,8375
2004,2338
2004,5398
2004,5595
2004,9595
2005,2409
2005,2792
2005,2798
2005,3823
2005,5102
2005,5620
2005,6444
2005,7577
2006,2372
2006,2817
2006,3841
2006,3984
2006,4706
2006,7790
2006,9067
2007,3677
2007,4224
2007,4517
2007,4928
2007,8094
2008,4630
2008,6277
2008,7136
2008,7834
2008,8784
2009,3291
2009,3841
2009,6312
2009,7001
2009,7424
2010,2081
2011,2880
2011,3107
2011,3159
2011,4367
2011,5133
2011,5268
2011,6790
2012,2235
2012,3475
2012,3982
2012,4845
2013,2062
2013,3316
2013,4009
2013,5144
2013,8236
2014,3727
2014,5603
2014,6369
2014,7287
2014,7883
2014,9058
2015,2246
2015,5216
2015,9851
2016,3793
2017,4462
2018,2603
2018,4868
2018,6908
2018,9673
2019,2210
2019,2831
2019,2882
2019,4149
2019,4193
2019,9552
2020,2227
2020,2499
2020,2725
2020,3122
2020,7241
2021,2263
2021,2767
2021,3048
2021,3680
2021,6539
2022,2069
2022,2983
2022,4288
2022,5985
2022,7034
2023,3435
2023,9055
2024,4088
2024,4809
2024,6401
2024,9625
2025,2749
2025,2761
2025,5042
2026,2143
2026,3336
2026,4265
2026,5032
2027,2115
2027,2986
2027,4140
2027,4968
2027,5206
2027,9838
2028,2252
2028,4399
2029,2844
2029,3099
2029,3821
2029,4707
2030,2825
2030,4583
2030,5882
2030,6143
2030,7413
2030,8282
2031,2100
2031,2314
2031,3659
2032,3077
2032,5620
2032,6897
2032,7926
2032,7951
2032,8043
2033,2666
2033,3718
2033,5148
2033,6230
2033,7550
2034,2251
2034,4849
2034,5145
2034,7133
2034,7403
2035,2509
2035,2776
2035,2951
2035,4852
2035,9202
2036,3537
2036,6055
2036,7571
2037,2383
2037,7711
2037,7790
2037,8306
2038,4452
2038,6531
2038,7187
2039,6077
2039,7151
2040,2230
2040,2376
2040,2547
2040,3014
2040,3636
2040,4120
2040,4446
2040,4620
2040,6491
2040,7090
2040,7380
2040,8129
2041,2357
2041,2589
2041,5051
2041,7412
2041,7880
2041,9730
2042,2184
2042,2907
2042,3759
2042,4067
2042,6530
2042,7541
2042,8585
2042,9321
2043,2540
2043,2805
2043,3366
2043,3514
2043,7626
2043,8860
2044,2551
2044,4469
2044,5394
2044,5595
2044,7531
2044,9601
2045,2262
2045,2866
2045,3034
2045,3791
2045,4421
2045,4892
2045,5100
2045,7926
2045,9098
2046,2047
2046,2141
2046,2687
2046,4256
2046,4673
2046,5034
2046,5667
2046,6246
2046,9230
2047,2309
2047,2352
2047,2740
2047,4474
2048,2078
2048,2859
2048,3002
2048,3016
2048,3890
2048,9019
2048,9689
2049,2065
2049,4015
2049,5978
2050,2398
2050,7458
2051,3065
2051,5143
2052,2699
2052,2985
2052,3940
2052,7435
2053,3429
2053,4026
2053,4768
2053,5053
2053,5065
2053,6346
2053,7675
2053,7763
2053,8294
2054,2139
2054,2641
2054,4190
2055,2230
2055,2355
2055,4329
2055,5413
2055,5776
2055,9314
2056,2120
2056,2605
2056,2632
2056,3306
2056,3817
2056,6122
2056,9245
2057,3103
2057,3552
2057,6927
2058,2258
2058,2623
2058,3426
2058,3933
2058,4315
2058,4536
2058,5169
2058,9354
2059,4149
2059,4747
2060,2837
2060,3243
2060,3655
2060,4678
2060,6125
2060,8464
2060,8609
2061,2146
2061,2826
2061,4277
2061,4839
2061,8070
2061,9483
2062,2298
2062,2731
2062,3050
2062,3638
2062,4937
2062,5516
2062,5561
2062,6538
2063,4628
2063,4728
2063,9699
2063,9789
2064,2286
2064,2627
2064,2646
2064,2904
2064,3049
2064,3453
2064,3765
2064,4443
2064,4616
2064,6222
2064,7056
2064,7754
2064,7862
2064,8804
2064,9515
2066,3732
2066,4139
2066,9698
2067,2224
2067,2335
2067,6072
2067,6723
2068,2311
2068,6302
2068,7217
2069,2715
2069,3028
2069,3255
2069,3475
2070,3286
2070,3899
2071,2465
2071,4878
2072,2514
2072,7749
2073,2258
2073,5900
2073,7686
2073,8523
2073,8876
2074,4539
2074,6101
2075,2407
2075,3155
2075,3986
2075,8345
2076,2980
2076,3198
2076,3319
2076,3465
2076,4913
2076,4977
2076,9881
2077,5389
2077,7317
2078,2082
2078,2140
2078,3898
2078,8352
2079,4191
2079,4287
2079,4317
2079,4633
2079,5214
2079,5956
2079,7357
2080,4022
2080,5452
2080,6882
2080,9259
2081,4982
2081,5461
2081,6437
2081,8505
2082,3337
2082,5265
2082,5921
2082,6608
2082,6685
2082,7352
2083,2675
2083,3681
2083,3722
2083,4783
2084,2620
2084,3340
2084,3555
2084,3645
2084,4645
2084,4802
2084,6170
2084,7129
2084,7467
2085,2365
2085,2454
2085,2558
2085,2600
2085,2791
2085,3182
2085,3682
2085,3827
2085,6188
2085,6610
2085,7284
2086,2218
2086,3959
2086,6643
2087,2681
2087,3215
2087,3469
2087,3938
2087,4716
2087,5025
2087,5689
2087,5959
2087,6018
2087,6061
2088,7688
2089,3020
2089,4267
2091,2439
2091,2807
2091,2871
2091,3531
2091,3688
2091,4602
2091,8026
2091,8274
2092,2344
2092,2823
2092,3083
2092,5442
2092,5760
2092,7090
2093,4454
2093,5897
2093,6745
2094,2992
2094,4211
2094,7644
2094,9730
2096,2768
2096,2971
2096,3910
2096,4159
2097,2626
2097,3182
2097,6610
2097,7357
2097,9232
2098,3179
2098,3336
2098,3729
2098,4129
2098,4610
2098,4651
2098,5444
2098,5977
2098,8449
2098,9198
2098,9268
2099,2743
2099,3980
2099,4500
2099,4661
2099,8605
2099,8692
2100,3456
2100,7934
2101,3436
2101,9422
2102,6453
2103,2781
2103,6533
2103,9890
2104,3522
2104,4420
2105,2498
2105,4863
2106,2851
2106,3739
2106,3958
2106,6513
2106,8688
2107,3017
2107,3132
2107,3513
2107,3644
2107,5030
2107,8403
2107,8976
2108,3870
2108,4612
2108,5414
2108,5982
2109,2385
2109,2718
2109,3502
2109,6152
2109,7859
2110,2458
2110,4825
2111,3009
2111,5122
2111,9107
2112,2367
2112,2970
2112,3087
2112,3515
2112,4395
2112,7853
2113,4680
2113,5090
2113,5433
2113,6305
2113,8017
2113,8200
2114,2516
2114,3289
2114,3676
2114,6670
2115,2304
2115,3140
2115,4018
2115,5495
2115,6217
2115,8489
2116,2235
2116,2793
2116,4053
2116,5186
2116,5411
2116,5598
2116,5699
2116,6169
2116,6439
2117,2439
2117,2803
2117,2948
2117,4947
2117,5166
2117,5417
2117,8333
2118,2283
2118,3050
2118,8374
2119,2385
2119,3818
2120,3891
2120,4886
2120,4993
2120,5617
2120,6370
2120,6855
2120,7665
2120,8015
2120,8216
2120,9850
2121,4385
2121,4387
2121,4458
2121,5032
2121,6088
2122,2324
2122,2696
2122,4476
2122,4742
2122,5518
2122,5968
2122,6402
2122,6814
2123,2126
2123,4048
2123,4687
2123,4965
2123,5329
2123,5374
2123,5695
2123,7825
2124,2337
2124,2769
2124,3772
2124,3862
2124,4094
2124,5534
2124,7517
2124,8072
2125,2415
2125,2861
2125,5346
2125,6726
2126,2966
2126,3169
2126,4002
2126,5997
2127,6425
2127,7295
2127,8712
2127,8717
2128,2205
2128,4992
2128,6935
2128,9166
2129,7285
2130,2843
2130,3129
2130,5533
2130,7744
2130,9547
2131,2733
2131,3086
2131,6536
2132,3118
2132,3329
2132,5044
2132,6259
2133,3387
2133,3620
2133,6030
2133,8001
2133,8200
2133,9395
2133,9715
2134,2535
2135,2485
2135,2535
2135,3230
2135,4005
2135,6630
2135,7785
2136,2197
2136,2660
2136,3152
2136,3208
2136,4739
2136,5456
2136,6855
2137,6509
2137,9270
2137,9821
2138,2590
2138,3263
2138,7025
2139,3174
2140,2262
2140,4630
2140,6500
2140,9866
2141,2478
2141,2595
2141,5093
2141,8533
2142,2449
2142,2502
2142,2734
2142,4241
2142,7652
2143,3346
2143,3411
2144,3058
2144,3628
2144,8871
2145,5308
2146,2316
2146,6679
2146,7059
2146,7297
2146,7372
2146,8007
2147,6950
2147,9215
2147,9480
2148,2716
2148,4996
2148,5782
2149,2296
2149,3554
2149,4531
2149,9957
2150,4341
2150,7899
2150,8666
2151,2182
2151,2695
2151,4394
2151,4551
2151,6312
2151,7606
2151,8904
2152,2215
2152,3259
2152,3735
2152,4099
2152,4413
2152,4816
2152,5569
2152,6183
2154,2375
2154,2894
2154,3108
2155,2475
2155,2782
2155,3283
2155,4306
2155,5023
2155,5951
2155,6266
2155,9031
2156,4381
2156,6156
2156,9096
2156,9446
2157,4755
2157,5980
2157,7982
2158,2482
2158,4258
2158,8135
2158,8634
2158,9312
2159,2236
2159,2382
2159,7655
2159,8405
2160,3056
2160,3346
2161,2949
2161,4600
2161,5446
2161,8989
2162,2316
2162,3694
2162,4692
2162,5125
2162,6619
2162,8739
2162,8975
2163,2509
2163,5445
2163,5924
2163,8317
2164,2303
2164,3267
2164,4595
2164,5389
2164,5677
2164,6734
2164,7359
2165,2213
2165,2459
2165,3799
2165,4572
2165,4976
2165,8737
2166,2417
2166,3287
2166,4914
2166,5464
2166,7037
2166,7607
2167,5397
2167,7464
2168,2673
2168,3057
2168,3212
2168,3513
2168,3855
2168,5475
2168,7266
2168,8741
2168,9332
2169,4243
2169,8948
2170,2268
2170,2710
2170,3098
2170,3505
2170,4025
2170,4122
2170,6118
2170,9636
2171,2366
2171,5296
2171,7868
2172,3284
2172,4292
2172,6573
2173,2890
2173,3322
2173,3445
2173,3463
2173,4578
2173,4751
2173,5423
2174,2289
2174,2598
2174,2933
2174,4147
2174,4240
2174,5369
2174,5463
2174,7653
2175,2177
2175,2391
2175,3189
2175,3564
2175,3819
2175,5154
2175,5412
2175,6792
2175,8412
2175,8776
2176,3179
2176,3568
2176,4461
2177,2225
2177,2754
2177,4190
2177,4749
2177,6461
2177,8795
2178,3224
2179,3723
2179,4092
2179,9606
2180,8391
2180,9778
2181,2718
2181,5782
2182,2797
2182,2825
2183,4226
2183,5605
2183,9134
2183,9938
2184,2356
2184,2612
2184,5832
2184,6297
2184,8454
2185,2589
2185,2948
2185,4113
2185,6706
2186,2580
2186,3229
2186,3635
2186,5547
2186,5933
2187,4201
2187,4223
2187,4229
2187,7332
2187,7418
2187,9799
2188,2655
2188,4449
2188,4458
2188,5132
2188,5473
2188,7666
2189,2429
2190,4243
2190,4466
2190,7976
2190,9361
2191,3472
2191,6789
2191,7664
2191,8489
2192,2629
2192,4863
2193,2379
2193,3075
2193,4703
2193,7171
2195,3205
2195,4520
2195,4605
2195,8409
2195,8591
2195,9106
2196,4655
2197,2458
2197,3714
2197,3808
2197,4165
2197,6299
2197,6768
2197,8093
2198,2438
2198,2680
2198,2932
2198,3602
2198,4001
2198,4502
2198,5565
2198,5733
2198,6887
2198,8692
2198,9809
2199,3236
2199,3578
2199,3789
2199,4107
2199,4261
2199,4561
2199,4576
2199,6497
2199,7637
2200,2206
2200,3064
2200,5629
2200,6438
2201,2511
2201,4744
2201,5654
2201,5772
2201,8062
2201,9699
2202,3186
2202,3966
2202,4118
2202,4597
2202,4691
2202,7901
2202,8640
2203,2736
2203,4346
2204,2824
2204,7285
2204,7392
2204,8331
2205,4039
2205,4732
2205,6718
2206,2813
2206,4957
2206,4971
2206,7231
2206,7882
2207,3249
2207,4862
2207,7124
2208,2775
2208,3020
2208,4347
2208,5727
2208,6079
2208,6516
2208,7158
2208,8825
2209,4626
2209,4829
2209,7821
2209,7924
2210,2875
2210,4573
2210,4588
2210,4646
2210,5523
2211,2962
2212,4585
2212,5045
2212,5065
2212,9927
2213,3242
2213,3709
2213,4229
2214,2358
2214,6078
2214,6167
2214,6963
2214,8544
2215,2603
2215,2897
2215,3565
2215,4686
2215,5699
2216,3641
2216,4494
2216,4829
2216,6265
2217,2423
2217,2428
2217,2452
2217,5439
2217,6036
2218,4006
2218,4429
2218,4952
2218,5432
2219,2681
2219,2922
2219,2937
2219,2964
2219,3772
2219,4876
2219,6595
2219,7992
2221,3787
2222,3748
2222,5517
2222,5605
2222,5691
2223,2397
2223,2794
2223,5761
2224,2483
2224,3931
2224,4824
2224,7699
2225,2594
2225,2864
2225,8661
2226,3302
2226,4073
2226,5785
2226,7131
2226,9290
2227,2720
2227,3517
2227,3830
2227,4073
2227,5634
2227,9521
2228,4745
2228,6034
2228,8759
2229,2778
2229,3423
2229,4499
2229,4736
2229,4767
2229,5686
2230,2412
2230,2993
2230,4227
2230,7087
2230,9140
2230,9557
2231,2682
2231,3311
2231,9265
2231,9308
2232,3045
2232,5331
2232,5772
2232,5917
2233,2245
2233,2261
2233,2862
2233,2953
2233,5555
2234,3301
2234,3703
2234,3938
2234,5108
2234,6732
2234,8131
2235,2529
2235,5313
2235,5700
2235,8899
2236,2432
2236,2526
2236,3058
2236,5969
2236,8674
2236,9062
2236,9843
2237,3002
2237,4835
2237,6501
2237,9060
2238,5010
2238,5521
2239,4288
2239,4594
2239,7734
2240,2390
2240,2884
2240,3995
2240,4619
2240,6040
2241,2350
2241,4776
2241,6683
2241,6776
2241,9407
2242,2263
2242,2688
2242,9951
2243,2254
2243,4518
2243,6649
2243,7180
2244,2576
2244,2659
2244,4506
2244,4754
2244,7625
2244,8244
2245,2313
2245,2903
2245,2922
2245,4481
2245,8475
2246,2988
2246,5613
2246,5878
2247,5215
2247,7411
2248,4004
2248,4410
2248,6066
2248,6637
2248,9046
2248,9114
2249,2733
2249,3795
2249,6616
2249,8397
2249,9277
2249,9588
2250,2660
2250,3600
2250,4248
2251,2855
2251,4567
2251,4908
2252,2253
2252,2585
2252,2726
2252,3607
2252,4972
2252,9161
2253,3115
2253,3361
2253,4412
2254,2654
2254,2734
2254,2962
2254,3209
2254,3592
2254,5049
2254,5775
2255,2472
2255,4652
2255,5484
2256,3262
2256,6685
2257,3730
2257,6785
2257,7187
2257,8214
2258,2627
2258,3838
2258,9776
2259,2328
2259,2331
2259,2418
2259,2634
2259,3554
2259,3909
2259,9964
2260,3101
2260,3160
2260,5236
2260,6860
2260,7914
2261,7006
2261,9837
2262,2334
2262,3802
2262,8233
2262,9227
2263,2493
2263,5689
2263,6534
2264,2973
2264,3204
2264,4662
2265,3196
2265,3436
2265,5068
2265,7255
2265,8410
2265,8436
2266,2698
2266,2962
2266,2998
2266,3738
2266,4114
2266,7516
2266,8691
2266,8869
2266,8918
2266,8956
2266,9570
2266,9820
2267,5237
2267,7077
2267,7989
2268,2375
2268,2596
2268,4260
2268,5373
2268,7547
2269,2280
2269,2554
2269,4631
2269,4685
2269,5713
2270,3131
2270,3474
2270,5464
2270,7712
2271,2429
2271,3981
2271,4551
2271,4916
2271,5300
2271,6191
2271,6460
2272,4473
2272,5899
2272,6162
2272,6479
2273,3158
2273,6674
2273,6795
2274,2461
2274,5041
2274,5726
2274,7955
2274,7966
2274,8862
2275,2853
2275,3281
2275,5046
2275,5121
2275,7218
2276,2935
2276,3254
2276,3822
2276,4159
2276,6639
2276,8479
2276,8611
2277,2530
2277,5578
2277,6023
2277,7860
2278,2428
2278,2591
2278,5662
2279,5284
2280,2560
2280,4811
2280,7847
2280,8426
2281,4646
2281,6139
2281,7467
2281,8008
2281,9041
2282,3029
2282,3910
2282,4056
2282,4599
2282,5268
2282,6281
2283,3480
2283,8215
2283,8958
2283,9169
2283,9996
2284,6130
2284,6849
2284,7632
2284,9474
2285,4372
2285,4999
2286,3056
2286,3324
2286,3524
2286,4103
2286,4527
2286,7032
2286,9274
2287,3435
2287,3878
2287,8826
2287,8878
2288,2908
2288,3184
2288,4155
2288,5462
2288,7178
2288,7513
2288,9260
2289,4967
2289,5743
2289,6295
2289,7885
2290,2482
2290,4098
2290,5106
2291,3592
2291,4586
2291,4627
2291,6193
2291,7931
2291,9686
2292,2740
2292,2804
2292,2972
2292,3400
2292,3949
2292,3958
2292,6362
2292,7195
2292,7832
2293,2395
2293,3213
2293,3452
2293,6164
2293,6490
2294,6737
2294,7126
2294,9094
2294,9785
2295,2389
2295,2879
2295,3222
2295,4429
2295,4806
2296,2318
2297,2629
2297,5193
2297,6266
2297,7618
2298,3150
2298,3295
2299,2654
2299,3989
2299,4251
2299,5502
2299,8556
2299,9018
2300,2807
2300,3757
2300,4243
2300,5676
2300,9244
2301,5457
2301,6475
2301,7456
2301,7921
2302,2623
2302,3922
2302,7442
2303,2784
2303,2952
2303,3248
2303,3347
2303,4770
2303,5542
2303,6559
2303,6581
2304,2808
2304,2920
2304,3069
2304,3705
2304,4510
2304,6046
2304,7525
2304,9653
2305,3366
2305,3931
2305,5052
2305,9067
2305,9987
2306,2515
2306,2787
2306,4846
2306,5447
2306,6525
2306,7119
2306,9604
2307,8079
2307,8652
2307,9418
2308,2315
2308,2722
2308,3004
2308,4681
2308,6551
2308,6724
2308,7155
2308,7642
2308,7963
2308,8051
2308,8200
2309,4054
2309,4484
2309,8868
2310,5340
2310,5457
2311,2984
2311,3050
2311,4479
2311,4996
2311,5863
2312,2876
2312,3102
2312,8196
2313,3352
2313,5088
2313,5998
2313,8471
2313,8972
2313,9037
2314,2333
2314,2457
2314,5007
2314,5916
2315,2961
2315,3539
2315,3649
2315,4200
2315,6533
2315,9035
2316,4451
2316,6071
2316,7108
2317,2534
2317,4038
2317,4280
2317,4478
2317,8222
2317,9524
2318,2914
2318,3020
2318,3563
2318,5213
2318,7072
2318,7689
2319,4420
2319,4698
2319,8166
2319,8305
2319,8862
2320,2427
2320,4841
2320,5070
2320,6260
2320,7613
2321,2359
2321,2829
2321,3847
2321,5604
2321,6427
2321,6772
2322,2459
2322,3525
2322,5604
2322,9660
2323,4705
2323,8289
2324,5929
2324,7209
2324,7787
2324,9968
2325,2328
2325,5549
2325,6012
2326,2809
2326,3021
2326,4448
2326,5159
2326,5490
2326,6271
2327,6976
2328,2448
2328,3137
2328,3251
2328,3711
2328,4961
2328,5182
2328,8275
2328,9454
2329,2618
2329,2676
2329,2709
2329,3365
2329,4432
2329,4949
2329,6289
2330,4332
2330,7082
2330,8100
2331,4979
2331,8020
2331,8691
2332,2841
2332,3008
2332,4015
2332,4971
2332,6488
2333,3265
2333,3552
2333,3594
2333,4704
2333,6825
2334,6919
2334,7828
2334,8757
2335,2561
2335,2887
2335,3421
2335,3565
2335,5640
2335,5788
2335,7453
2335,7777
2335,9463
2336,2367
2336,4588
2336,7345
2336,8188
2336,8843
2336,8981
2336,9447
2337,3092
2337,7440
2338,3672
2338,3846
2339,2512
2339,4215
2339,4517
2339,4663
2339,6393
2339,6557
2339,7506
2339,7619
2339,9100
2340,2989
2340,7008
2340,8186
2340,9182
2341,2946
2341,2957
2341,3380
2341,4528
2341,4726
2341,5164
2341,5405
2341,5987
2341,8457
2342,2846
2342,3426
2342,3741
2342,8494
2343,4020
2343,4832
2343,5293
2343,7915
2343,8064
2344,2868
2344,2870
2344,4713
2344,5884
2344,9619
2344,9743
2344,9974
2345,5137
2345,9959
2346,2446
2346,2856
2346,2976
2346,6514
2346,7293
2346,9173
2347,3550
2347,3646
2347,3803
2347,3811
2347,5486
2347,6554
2348,3623
2348,3697
2348,4036
2348,4194
2348,5544
2348,7130
2348,8504
2349,3461
2349,3518
2349,4163
2349,7158
2350,2761
2350,5189
2351,5003
2351,6110
2351,7172
2352,4093
2352,4113
2352,4713
2352,4855
2352,5386
2352,5421
2352,9427
2353,4102
2353,5434
2353,8295
2354,3300
2354,3354
2354,3665
2354,5930
2354,7155
2354,9934
2355,2506
2355,2655
2355,6700
2356,2836
2356,3794
2356,4220
2356,4856
2356,5792
2356,7835
2356,9262
2357,2529
2357,3916
2357,6884
2357,7757
2357,7796
2357,9988
2358,2361
2358,2480
2358,3614
2358,5156
2358,7769
2359,2944
2359,4270
2359,8179
2359,9819
2360,7168
2360,8761
2361,3854
2361,7695
2363,2566
2363,3179
2363,4450
2363,4463
2363,5151
2363,6932
2364,3448
2364,6891
2365,3012
2365,3906
2366,3201
2366,3556
2366,4952
2366,9806
2367,7894
2367,9905
2368,2775
2368,3374
2368,4108
2369,2406
2369,4353
2369,5643
2369,5800
2369,5809
2369,7290
2369,8745
2369,9274
2370,3030
2370,3125
2370,5195
2370,5257
2370,6795
2370,9688
2371,4195
2371,5076
2371,5205
2372,3356
2372,3713
2372,3963
2372,4898
2372,5257
2372,6127
2372,6754
2372,7391
2372,9457
2373,2502
2373,2906
2373,5888
2373,6633
2374,2389
2374,3891
2374,4515
2374,5893
2374,9815
2374,9943
2375,4633
2375,9034
2376,2474
2376,2719
2376,5889
2376,6330
2376,7661
2376,8358
2377,3008
2377,4612
2377,6107
2377,6939
2377,7555
2377,7586
2377,8477
2377,8685
2377,9784
2378,3167
2378,3442
2378,5024
2378,6102
2378,7816
2379,3214
2379,4334
2379,6202
2379,9003
2380,4867
2380,7384
2380,8010
2380,9376
2381,3279
2381,3282
2381,3861
2381,4676
2381,4799
2382,2608
2382,5292
2382,6740
2382,6844
2383,3489
2383,7084
2383,9053
2384,2469
2384,3099
2384,3934
2384,5781
2384,9921
2385,3264
2385,3458
2385,6005
2385,8557
2386,3027
2386,3257
2386,3874
2386,4935
2386,5335
2386,5682
2387,3745
2387,4414
2387,6598
2387,6627
2387,9399
2388,2644
2388,2694
2388,5040
2388,5282
2388,6080
2390,2943
2390,4181
2390,4622
2391,3214
2391,4301
2392,3212
2392,3647
2393,3879
2393,3906
2393,4103
2393,4461
2393,4847
2393,7077
2393,7918
2394,2451
2394,2455
2394,2912
2394,2975
2394,3315
2394,5324
2394,8635
2395,2877
2395,6182
2395,6610
2395,8845
2396,3465
2396,4948
2396,7715
2397,3914
2397,6356
2397,9135
2398,4690
2398,4806
2398,6150
2399,2535
2399,2886
2399,4083
2399,4895
2399,7402
2399,9431
2400,2930
2400,6442
2400,8399
2400,8681
2401,2625
2401,3501
2401,3775
2401,4796
2402,2517
2402,3051
2402,4352
2402,5403
2402,9088
2403,6622
2403,6694
2404,5015
2404,5384
2404,8061
2405,4463
2405,4564
2405,4956
2405,6664
2405,9675
2406,2670
2406,3017
2406,3687
2406,4810
2406,5173
2406,8367
2407,2490
2407,2576
2407,5345
2407,7132
2408,2485
2408,2560
2408,4347
2408,5974
2408,6410
2409,3626
2409,5446
2409,5989
2409,8519
2410,2541
2410,9777
2411,3674
2411,7880
2411,9211
2411,9713
2412,3167
2412,3250
2412,3601
2412,4811
2412,4860
2412,4943
2412,5322
2412,5526
2412,5979
2413,2611
2413,2904
2414,3683
2414,4566
2414,5668
2414,6597
2415,3504
2415,4203
2415,4430
2415,4735
2415,5051
2415,5352
2415,6722
2415,7265
2415,7774
2416,2551
2416,3510
2416,3926
2416,7567
2416,7827
2416,8539
2417,4792
2417,4886
2417,5518
2417,8077
2417,9942
2418,2505
2418,2703
2418,3312
2418,3787
2418,3909
2418,4691
2418,5552
2419,6080
2419,7269
2419,9472
2420,3013
2420,3190
2420,9220
2421,2522
2421,3915
2421,4444
2421,5528
2421,8422
2421,9768
2423,3088
2423,3519
2423,4353
2423,6836
2424,2436
2424,2763
2424,4069
2424,5194
2424,5848
2425,2570
2425,4170
2425,6907
2425,8826
2426,2869
2426,4184
2426,7306
2427,2492
2427,2966
2427,3399
2427,4902
2427,8659
2428,3734
2428,7868
2428,8221
2428,8396
2429,2892
2429,4664
2429,5390
2429,6311
2429,6978
2429,7418
2430,3027
2430,7564
2431,2539
2431,4954
2431,5376
2431,6570
2431,6656
2431,7138
2432,2634
2432,2786
2432,3699
2432,4785
2432,9771
2433,2972
2433,5010
2433,6208
2433,9427
2433,9844
2434,3931
2434,4423
2434,4579
2434,8535
2435,2866
2435,3249
2435,5636
2435,5981
2435,6872
2435,7448
2435,7614
2435,9847
2436,3338
2436,3572
2436,8168
2436,8575
2437,2451
2437,2830
2437,3233
2437,3434
2437,4081
2437,5921
2437,6284
2437,9700
2438,3326
2438,3583
2438,3609
2438,4609
2438,5703
2438,5861
2438,9294
2439,2795
2439,3650
2439,3755
2439,5256
2440,2524
2440,4849
2440,4890
2441,6540
2441,8916
2441,9920
2442,2619
2442,2687
2442,2771
2442,3928
2442,4964
2442,8138
2443,2811
2443,5868
2443,6203
2443,8237
2444,2573
2445,3619
2445,7300
2445,8115
2445,8721
2446,2821
2446,4117
2446,4219
2447,2758
2447,3333
2447,3916
2447,4469
2448,2534
2448,2751
2448,2979
2448,3172
2448,5663
2448,9868
2449,2801
2449,5607
2449,7343
2450,2726
2450,3069
2450,3684
2450,5181
2450,6655
2450,8401
2451,5024
2451,6555
2452,4087
2452,6313
2452,6880
2452,8673
2453,2536
2453,5709
2453,8758
2454,2548
2454,8348
2454,9953
2455,4351
2455,4655
2455,6638
2455,6912
2455,8493
2456,3745
2456,4095
2456,5117
2456,5932
2456,6962
2457,2467
2457,2516
2457,5247
2458,2610
2458,3720
2458,3770
2458,3823
2458,4931
2458,5275
2458,7540
2458,9515
2459,3686
2459,5304
2459,7053
2460,3072
2460,6673
2460,7592
2461,4379
2461,5398
2461,6930
2461,7912
2462,2881
2462,3288
2462,3536
2462,5590
2462,5874
2462,7450
2462,8551
2463,2880
2463,3488
2463,6722
2463,7311
2463,7860
2464,2571
2464,4734
2464,6469
2466,4693
2467,3709
2467,4422
2467,7589
2468,3507
2468,4939
2468,5523
2468,9448
2469,3406
2469,4372
2469,5798
2470,2797
2470,2803
2470,3765
2470,5584
2470,5771
2470,6947
2470,8775
2471,4369
2471,5644
2473,4074
2473,5470
2473,5647
2473,7892
2474,2858
2474,4906
2474,5163
2474,5399
2474,6078
2474,7805
2474,8365
2474,9987
2475,2522
2475,3996
2475,4725
2475,6148
2475,6328
2475,6400
2476,2708
2476,2734
2476,4111
2476,6984
2477,2650
2477,3639
2477,3997
2477,6988
2477,7900
2477,9343
2478,2841
2478,4147
2478,4232
2478,5388
2478,7295
2478,9679
2479,2552
2479,3460
2479,4141
2479,4430
2479,5913
2479,6725
2480,3834
2480,7532
2481,2594
2481,5145
2481,5176
2481,6420
2481,8798
2481,9282
2482,2759
2482,3264
2483,2958
2483,3082
2483,3206
2483,5835
2483,6019
2483,6398
2485,2504
2485,2678
2485,4972
2485,5815
2486,2861
2487,5265
2487,7379
2487,8165
2488,2777
2488,4008
2488,6450
2488,7830
2489,3235
2489,3639
2489,4038
2489,4711
2489,4842
2489,4993
2489,8509
2490,3188
2490,3371
2490,4036
2490,4727
2490,5635
2491,2527
2491,3396
2491,3429
2491,5155
2491,6586
2491,6832
2491,9726
2492,3381
2492,3452
2492,4728
2492,5584
2493,3542
2493,6789
2494,2885
2494,3146
2494,7459
2495,3053
2495,3589
2495,5102
2495,5387
2495,5389
2495,6830
2495,7184
2495,8727
2496,3615
2496,4456
2496,6665
2496,9011
2497,3186
2497,3566
2497,3639
2497,6590
2498,2511
2498,2874
2498,3222
2498,3346
2498,5642
2498,5798
2498,6719
2498,8733
2498,9673
2499,2900
2499,3096
2499,3955
2499,3973
2499,4557
2499,7998
2500,2569
2500,5992
2500,9470
2501,3654
2501,3697
2501,8432
2501,8965
2502,3640
2502,7965
2503,3695
2504,2839
2504,3861
2504,4216
2504,4661
2504,4754
2504,7724
2504,8080
2504,8189
2505,2755
2505,4259
2505,8076
2505,8151
2506,3634
2507,2907
2507,3271
2507,3629
2507,4343
2507,6675
2507,7328
2507,7436
2508,2785
2508,3103
2508,3455
2508,5156
2508,7405
2508,8762
2510,3486
2510,4427
2511,3398
2511,3675
2511,4197
2511,5152
2511,5825
2511,5847
2511,5934
2511,6029
2511,7005
2511,7646
2512,2716
2512,3497
2512,4195
2512,4238
2512,6651
2512,9338
2513,4135
2513,4575
2513,8265
2514,2779
2514,8013
2515,3927
2515,3928
2515,6048
2515,7414
2516,3291
2516,4524
2516,8424
2516,8588
2517,2566
2517,3389
2517,3719
2517,5783
2517,6427
2517,7678
2518,7163
2518,7731
2518,8042
2518,8057
2519,3071
2519,6234
2519,7772
2520,4905
2521,2591
2521,2972
2521,5475
2521,6433
2521,6859
2521,9373
2521,9963
2522,3252
2522,6840
2522,7063
2522,7714
2523,5229
2523,5565
2523,6371
2523,8452
2523,9613
2524,2829
2524,3620
2524,3720
2524,5575
2524,6123
2524,6661
2524,7225
2525,2873
2525,4290
2525,6113
2526,4576
2526,6155
2526,7373
2526,8054
2527,3779
2527,5721
2528,3299
2528,3344
2528,9795
2529,2669
2529,3668
2529,4395
2529,7919
2530,2727
2530,3369
2530,3661
2530,3868
2530,4176
2530,6751
2530,8786
2531,3067
2531,3354
2531,3826
2531,5808
2531,7539
2532,2808
2532,5249
2532,5530
2532,6671
2532,7803
2532,9777
2533,4014
2533,4020
2533,7251
2533,8083
2533,9175
2534,2578
2534,5736
2535,5923
2535,7674
2535,8962
2536,2554
2536,3835
2536,8524
2537,3032
2537,3042
2537,3454
2537,6851
2538,4548
2538,6298
2538,6868
2538,7663
2539,2950
2539,3343
2539,5287
2539,6981
2539,8824
2539,8871
2539,9981
2540,2665
2540,2772
2540,3820
2540,6680
2540,8860
2541,3040
2541,3521
2541,5614
2541,7277
2541,7331
2542,3222
2542,5848
2543,2609
2543,3665
2543,3729
2543,5727
2543,6023
2543,6516
2543,8117
2544,3349
2544,5146
2544,5646
2544,5942
2545,5195
2545,9277
2545,9629
2546,4662
2546,5703
2546,7339
2547,2634
2547,3765
2547,4616
2547,5083
2547,5628
2547,6259
2547,7236
2547,7374
2548,4328
2548,4458
2548,4520
2548,6120
2548,7307
2548,7643
2548,7964
2549,2757
2549,3468
2549,7027
2550,2648
2550,3419
2550,3868
2550,6599
2551,3065
2551,4707
2551,9858
2552,2607
2552,4490
2552,4619
2552,6028
2553,2974
2553,5719
2553,8833
2554,3163
2554,3986
2554,4049
2554,6045
2554,7064
2554,7573
2554,9079
2554,9820
2555,2938
2555,3335
2555,3431
2555,3773
2555,3888
2555,5744
2555,9449
2556,2647
2556,3031
2556,3200
2556,3277
2556,4427
2556,6905
2556,6929
2556,9306
2557,4798
2557,5899
2557,7397
2557,9525
2558,3382
2558,4055
2558,4259
2558,4351
2558,6327
2558,8894
2558,9568
2559,2706
2559,3766
2559,4360
2559,6618
2559,6721
2559,8396
2560,7281
2560,9013
2560,9736
2561,4803
2561,5103
2561,8197
2562,3466
2562,4768
2562,5948
2562,9447
2563,5235
2564,2593
2564,7876
2564,9231
2565,3854
2566,4596
2566,5212
2566,5546
2566,5562
2566,6641
2566,7788
2566,8080
2566,9939
2567,3900
2567,7238
2568,2659
2568,6074
2568,6489
2569,4938
2569,6488
2569,7166
2569,9284
2570,2592
2570,3233
2570,4297
2570,9237
2570,9770
2571,3328
2571,3576
2571,6810
2572,3134
2572,3977
2572,8657
2573,3802
2573,5632
2573,6960
2574,2611
2574,7733
2575,2869
2575,2977
2575,4382
2575,5231
2576,3082
2576,7298
2576,7603
2577,4804
2577,6192
2577,8284
2578,2854
2578,4386
2578,6001
2578,6724
2578,8303
2579,3113
2579,4145
2579,4731
2579,7347
2579,8098
2580,3389
2580,3964
2580,4778
2581,3384
2581,4919
2581,7750
2581,9798
2582,2896
2582,4291
2582,4988
2582,7497
2583,3094
2583,6462
2583,6582
2583,8283
2584,3018
2584,3367
2584,3499
2584,5153
2584,5300
2585,3772
2585,5243
2585,5745
2586,2887
2586,6545
2586,6739
2586,7044
2587,3102
2587,3149
2587,3304
2587,4642
2587,5561
2587,6894
2588,8983
2588,9895
2589,2639
2589,2894
2589,3730
2589,6180
2589,6189
2590,3111
2590,3206
2590,6287
2590,8461
2591,3954
2591,4175
2591,5541
2591,7453
2592,3417
2592,4350
2592,6458
2592,7984
2592,9110
2592,9380
2593,7372
2594,2754
2594,3162
2594,7775
2595,3237
2595,3411
2595,3875
2595,4601
2595,5054
2595,5060
2595,6888
2595,8827
2596,8041
2597,2853
2597,3037
2597,3330
2597,4150
2597,6552
2597,6657
2597,9824
2598,3847
2599,4036
2599,6012
2599,6875
2599,8225
2600,7863
2600,7884
2601,5315
2601,6711
2601,9356
2602,3124
2602,3686
2602,4170
2602,6088
2603,5737
2603,9445
2604,2723
2605,2619
2605,3213
2605,4216
2605,4608
2605,5676
2605,6139
2605,9401
2606,2615
2606,5009
2606,6361
2607,3060
2607,3462
2607,4040
2607,4717
2607,8857
2608,3022
2608,5275
2608,9874
2609,5095
2609,7529
2610,2808
2610,3194
2610,4084
2610,7124
2611,3397
2612,3158
2612,3378
2612,3443
2612,6611
2612,9617
2613,3888
2613,4629
2613,8790
2614,3010
2614,3095
2614,3168
2614,7581
2615,3078
2615,3330
2615,3549
2615,4122
2615,4755
2615,5561
2615,6948
2615,8856
2616,2891
2616,2950
2616,2988
2616,4367
2616,4394
2616,4769
2616,8339
2616,8809
2617,3388
2617,3442
2617,5356
2617,8791
2618,3332
2618,3453
2618,3743
2618,4141
2618,4885
2618,5214
2619,3585
2619,5402
2619,6136
2619,7267
2620,3468
2620,6176
2621,3990
2621,4960
2621,5096
2621,9310
2622,2629
2622,5177
2623,2650
2623,2744
2623,2973
2623,8665
2624,3197
2625,3434
2625,3716
2625,4086
2625,4755
2625,5026
2625,6679
2625,8161
2626,3040
2626,3253
2626,4065
2626,7162
2626,8690
2627,3509
2627,4046
2627,4947
2627,5935
2628,3760
2628,5013
2628,5370
2628,6928
2629,2812
2629,3125
2629,4798
2629,5869
2629,6615
2629,6807
2630,3688
2630,4108
2630,4355
2630,5810
2630,7235
2630,8448
2631,3123
2631,3261
2631,5186
2631,9133
2631,9784
2631,9834
2632,4408
2632,4740
2632,6592
2633,3902
2633,6200
2634,2643
2634,2652
2634,5109
2634,6526
2634,9056
2634,9708
2635,2809
2635,3238
2635,5209
2635,9972
2636,3000
2636,8133
2636,8656
2637,2873
2637,3033
2637,3991
2637,5888
2637,6503
2637,6671
2637,6956
2637,7074
2638,2904
2638,5188
2638,8818
2638,9802
2639,6228
2639,7370
2639,7593
2640,3109
2640,3474
2640,4605
2640,5488
2640,5751
2640,7270
2640,7998
2640,8556
2640,8610
2640,9221
2641,3046
2641,3169
2641,3546
2642,2721
2642,2777
2642,3010
2642,3115
2642,3287
2642,4356
2642,5158
2642,5533
2643,6886
2643,8361
2644,3114
2644,4034
2644,6504
2644,7098
2645,5904
2645,6450
2645,6473
2645,7800
2647,2653
2647,2676
2647,2815
2647,4436
2647,4890
2647,4920
2647,8315
2647,8336
2647,8660
2648,2780
2648,3211
2648,3539
2648,4085
2648,6683
2648,8617
2648,8861
2648,9805
2649,3560
2649,5012
2649,5906
2649,5966
2649,9207
2650,6820
2651,3997
2651,4800
2652,4189
2652,8213
2652,8490
2652,9579
2652,9969
2653,2804
2653,3652
2653,3835
2653,3883
2653,5204
2653,6919
2653,8586
2654,4690
2654,9052
2655,4106
2655,4255
2655,4326
2655,4405
2655,4482
2655,4503
2656,3236
2656,3285
2656,3534
2656,6386
2656,6817
2657,2720
2657,2879
2657,4349
2658,2914
2658,3262
2658,4264
2658,5662
2658,7842
2659,3433
2659,3809
2659,4780
2659,5105
2659,5534
2659,5787
2659,9520
2660,3422
2660,3609
2660,8029
2661,3768
2661,7414
2661,8251
2662,3061
2662,5706
2662,6426
2662,6498
2662,9074
2663,2764
2663,3143
2663,3337
2663,4068
2663,4858
2664,3495
2664,4104
2664,4550
2664,4795
2664,5448
2664,5631
2665,3031
2665,4623
2665,5831
2665,5842
2666,2764
2666,5638
2666,7258
2666,7995
2666,9708
2666,9867
2667,2697
2667,3781
2667,3804
2667,8176
2668,3144
2669,3523
2669,5551
2670,3113
2670,3430
2670,3581
2670,4203
2670,5910
2670,6004
2670,7143
2670,9570
2671,4190
2671,6277
2671,7273
2672,2894
2672,3331
2672,4426
2672,4975
2672,5309
2672,5814
2672,7804
2672,9844
2673,2995
2673,3193
2673,3805
2673,5580
2673,6428
2673,6663
2674,2753
2674,6442
2674,6617
2675,5907
2675,9226
2676,3012
2676,3969
2676,4525
2676,4803
2676,5120
2676,5693
2676,6341
2676,7467
2676,8353
2677,4680
2677,5914
2677,6510
2678,2780
2678,5392
2678,7842
2678,8138
2679,2945
2679,3154
2679,3575
2679,4047
2679,5086
2680,3017
2680,3323
2680,4425
2680,5238
2681,3216
2681,3570
2681,3750
2681,4486
2681,5886
2682,3024
2682,4002
2682,5987
2682,7781
2683,3039
2683,3511
2683,7431
2684,3256
2684,5277
2684,5413
2684,7490
2684,7601
2685,2940
2685,3753
2685,5166
2685,5942
2685,6642
2685,7302
2686,3218
2686,3750
2686,3956
2686,4448
2686,8019
2687,2758
2687,3663
2687,5435
2687,7554
2687,7572
2687,8453
2687,9234
2688,2755
2688,2984
2688,4274
2688,5230
2688,5589
2688,9716
2688,9792
2688,9845
2688,9918
2689,4919
2689,5022
2689,5383
2689,6841
2690,3409
2691,2770
2691,3580
2691,6672
2691,6930
2691,7877
2691,9021
2692,4185
2692,4218
2692,5693
2692,6058
2692,7717
2692,8502
2692,9086
2693,3482
2693,3596
2693,4057
2693,6350
2693,7185
2694,3104
2694,4635
2694,5862
2695,3049
2696,2862
2696,3799
2696,4858
2696,8727
2697,5141
2697,5826
2698,4418
2698,6169
2699,3139
2699,3395
2699,5287
2699,6774
2699,6893
2699,7584
2699,8220
2699,8560
2700,3783
2700,8148
2700,8488
2701,2727
2701,3269
2701,3816
2701,4325
2701,5609
2701,6276
2702,3310
2702,9681
2703,2713
2703,2936
2703,3607
2703,3742
2703,3968
2703,8249
2703,9340
2703,9495
2703,9598
2704,4810
2704,6478
2704,6690
2704,6765
2704,9543
2706,3055
2706,3180
2706,6093
2706,8149
2706,9647
2707,3231
2707,3492
2707,4011
2707,4570
2707,6458
2707,7565
2707,7694
2707,8659
2708,7805
2709,2961
2709,5536
2709,5996
2709,6524
2710,3925
2710,9463
2711,2776
2711,3974
2711,5823
2711,6140
2712,4444
2712,5200
2712,7991
2713,2739
2713,4180
2713,7704
2714,4508
2714,4532
2714,4941
2715,5428
2715,7161
2715,7200
2715,9026
2716,2882
2716,3043
2716,4385
2716,4447
2716,7546
2716,8099
2716,8313
2717,3990
2717,5391
2717,7463
2718,4365
2718,5340
2718,6443
2719,2840
2719,3207
2719,3308
2719,5110
2719,5767
2719,6475
2719,6780
2720,3587
2720,4013
2720,4358
2720,4598
2721,5371
2721,6966
2721,7366
2722,3401
2722,4752
2722,5221
2722,5574
2722,8021
2723,3187
2723,4888
2723,8510
2724,2850
2724,2963
2724,3068
2724,3507
2724,3752
2724,4699
2724,5935
2724,6285
2724,6434
2724,6448
2724,7184
2724,7943
2724,9158
2725,3675
2725,3961
2725,4311
2725,4407
2725,5661
2725,6157
2726,3982
2726,6318
2726,7555
2727,3083
2727,4110
2727,4704
2727,7557
2727,8090
2727,8476
2727,9841
2728,2832
2729,7893
2730,2751
2730,3284
2730,3839
2730,7410
2730,8845
2731,2871
2731,3816
2731,4197
2731,4398
2731,4958
2731,5829
2731,6028
2732,3105
2732,6381
2732,8993
2733,5183
2733,5755
2733,6285
2734,3751
2734,6080
2735,3633
2735,5950
2736,3432
2736,3690
2736,6205
2736,7442
2737,3730
2737,9349
2737,9380
2738,4516
2738,4628
2738,5017
2739,3866
2739,4164
2739,4249
2739,5919
2739,6230
2739,6594
2739,8072
2740,2784
2740,6223
2740,6463
2740,9870
2741,2874
2741,3010
2741,4460
2741,4889
2741,5843
2741,7132
2741,8116
2741,8498
2741,8678
2742,3023
2742,9116
2742,9140
2743,2881
2743,2902
2743,6087
2743,7349
2744,2796
2744,7487
2746,3731
2746,5442
2746,7308
2746,8765
2747,3867
2747,5554
2747,6588
2747,6718
2747,6742
2747,7633
2747,9244
2748,2878
2749,4828
2749,7339
2750,3402
2750,3547
2750,4205
2750,4273
2750,5412
2750,6168
2751,3490
2751,3557
2751,7248
2752,3924
2752,4877
2752,5872
2752,6176
2752,6687
2753,3708
2753,4358
2753,6915
2755,2958
2755,3068
2755,4881
2755,9499
2755,9791
2756,3157
2756,4397
2756,9517
2757,5072
2757,5720
2757,7105
2757,8096
2758,3088
2758,3210
2758,5137
2758,5948
2759,8423
2760,6497
2760,7606
2762,4126
2762,6445
2762,7113
2762,9899
2763,4068
2763,5148
2763,5452
2763,5591
2763,8858
2763,9459
2763,9845
2764,3204
2764,4210
2764,5415
2764,6948
2765,6077
2766,2842
2766,3775
2766,4249
2766,7369
2767,3437
2767,3467
2767,4151
2767,5558
2767,5805
2768,3422
2768,4543
2768,5005
2768,5425
2769,3280
2769,3433
2769,4941
2769,8005
2770,4206
2770,9202
2770,9500
2771,4102
2771,6191
2771,6723
2772,2939
2772,3941
2772,6620
2773,3026
2773,3061
2773,3488
2773,6153
2773,8343
2773,9420
2774,2950
2774,4559
2774,6269
2774,8487
2775,3305
2775,3796
2775,4257
2775,5160
2775,5192
2775,5361
2775,5430
2776,3379
2776,3561
2776,9622
2777,3029
2777,3149
2777,4058
2777,4134
2777,6698
2777,7392
2778,2947
2778,3335
2778,3477
2778,8009
2779,3007
2779,3390
2779,4017
2779,4797
2779,6417
2779,6772
2779,8839
2779,9052
2780,5838
2780,7797
2780,9467
2781,2941
2781,4072
2781,4161
2781,4558
2781,7018
2782,6553
2783,4855
2783,4864
2783,8559
2784,3510
2784,5253
2784,6959
2784,9253
2785,2883
2785,7972
2785,9606
2786,3446
2786,3566
2786,8301
2786,8895
2787,2896
2787,3031
2787,5380
2787,6188
2787,8569
2788,4189
2788,4195
2788,4355
2788,4758
2788,6632
2789,3317
2789,3731
2789,4152
2789,6645
2790,5725
2790,6307
2790,8555
2791,5513
2791,6549
2792,5791
2793,3363
2793,3975
2793,4048
2793,6069
2793,6155
2793,6754
2793,7208
2793,7604
2794,3702
2794,5731
2794,5756
2794,9210
2795,2802
2795,5928
2795,6471
2796,4392
2796,6816
2797,3254
2797,4621
2797,6594
2797,7754
2797,8321
2798,3100
2798,3135
2798,5902
2798,7017
2798,7137
2799,3009
2799,4711
2799,5098
2800,4543
2800,9058
2801,4217
2801,4859
2801,5261
2801,6861
2802,3427
2802,9770
2803,3764
2803,4490
2803,7289
2804,5332
2804,8620
2804,8684
2804,9554
2805,4320
2805,4844
2805,5251
2805,7045
2805,8526
2806,2954
2806,3223
2806,5504
2806,6123
2807,4312
2807,4365
2808,4135
2808,5012
2808,9623
2809,4267
2809,6668
2809,8330
2810,6405
2810,7958
2810,8071
2810,8671
2810,9065
2811,4145
2811,4373
2811,4561
2811,4948
2811,5196
2811,8895
2812,3655
2812,3987
2812,4091
2812,6364
2813,3008
2813,4298
2813,5430
2813,5556
2813,5817
2814,2982
2814,3307
2814,4062
2814,4535
2814,4664
2814,7298
2815,6357
2815,6575
2815,6947
2816,5558
2817,9197
2818,4292
2818,6874
2819,7650
2820,4070
2820,4618
2820,6149
2820,7082
2822,2927
2822,3369
2822,3791
2822,4149
2822,6736
2823,2839
2823,5132
2824,4930
2824,5476
2824,6965
2824,8292
2824,8698
2825,2995
2825,6337
2825,8833
2826,5863
2826,7271
2827,4478
2827,7757
2828,2960
2828,3813
2828,7356
2829,3477
2829,3669
2829,4245
2829,4675
2829,4994
2829,5657
2829,6006
2829,7415
2830,3467
2830,6059
2830,8280
2830,8645
2830,9230
2830,9240
2831,7103
2832,5559
2833,4293
2833,4434
2833,7307
2833,8776
2833,9047
2833,9591
2834,3114
2834,3912
2834,4174
2834,7300
2834,7558
2834,8855
2835,3516
2835,4526
2835,6043
2835,6530
2835,6724
2835,7520
2836,3143
2836,6976
2836,7378
2837,2951
2837,9947
2838,8851
2839,3195
2839,6303
2839,7151
2839,9020
2839,9694
2840,4198
2840,4200
2840,4471
2840,4627
2840,4665
2840,5470
2840,9662
2841,3199
2841,3221
2841,4816
2841,4883
2841,5726
2841,8627
2841,9082
2842,3237
2842,3497
2842,4455
2842,7527
2842,8127
2843,5028
2844,5055
2844,5087
2844,5944
2844,6383
2845,4133
2845,4164
2845,4440
2845,6537
2845,7197
2845,7886
2845,8033
2845,9119
2846,3021
2846,3525
2846,4119
2846,4899
2846,4990
2846,5021
2846,5320
2846,5560
2846,6104
2846,6806
2846,7093
2846,9080
2847,4019
2848,4698
2849,5522
2849,6466
2849,9837
2850,3311
2850,4197
2850,5666
2850,7269
2850,7909
2851,4140
2851,4670
2851,6188
2852,2917
2852,4577
2852,6756
2852,9065
2852,9963
2853,3001
2853,4730
2853,6314
2853,7517
2854,4050
2854,5042
2854,6961
2854,7190
2854,7883
2855,4593
2855,5474
2855,5525
2855,6354
2856,3015
2856,3806
2856,3995
2856,8294
2857,3372
2857,4812
2857,5187
2857,7149
2857,8980
2858,3659
2858,3696
2858,4679
2858,5380
2858,5920
2858,6339
2858,9760
2858,9800
2859,4597
2859,6795
2860,3454
2860,5258
2860,7471
2860,8252
2861,4504
2861,5250
2861,7719
2861,9312
2862,3073
2862,5650
2862,7710
2862,9203
2863,4222
2863,6210
2863,6916
2863,7142
2864,3412
2864,3417
2864,3761
2864,3798
2864,8654
2865,4986
2865,7165
2865,8543
2866,3097
2866,7231
2867,3939
2867,4271
2867,4781
2867,5573
2868,8542
2869,3773
2869,4028
2869,4499
2869,7733
2870,3736
2870,5899
2870,9734
2871,9965
2872,4221
2872,4618
2872,5118
2872,6163
2873,3532
2873,4653
2873,5208
2874,2895
2874,2928
2874,3642
2874,5051
2875,3322
2875,4097
2875,4673
2875,5684
2875,8051
2876,3544
2876,3689
2876,4241
2876,6738
2878,6352
2879,4318
2879,4371
2879,8772
2880,3147
2880,3343
2880,4696
2880,4800
2880,6371
2880,7324
2880,7465
2880,9039
2880,9422
2881,5347
2882,5120
2882,5535
2882,6112
2882,6993
2883,3364
2883,4291
2883,5925
2883,6243
2884,3869
2884,5684
2884,6591
2884,8210
2884,9081
2884,9891
2885,2952
2885,3376
2885,3590
2885,4253
2885,5852
2886,2889
2886,4733
2886,7207
2886,7973
2887,4335
2887,6060
2887,9975
2888,3405
2888,3721
2888,7033
2888,7768
2888,9136
2889,9004
2890,3796
2891,3157
2891,5956
2892,4431
2892,5077
2892,7723
2892,9729
2893,2996
2893,3148
2893,6195
2893,7167
2894,9124
2894,9634
2895,2913
2895,4472
2895,5632
2895,5986
2896,7703
2897,2983
2897,3845
2897,4994
2897,7139
2898,4911
2898,5043
2898,5305
2898,5963
2898,6041
2898,8578
2899,2911
2899,3162
2899,3339
2899,4366
2899,5781
2899,6742
2899,9879
2900,6165
2900,6700
2901,3099
2901,8576
2902,3464
2902,3518
2902,4216
2902,4675
2902,8352
2903,2965
2903,2991
2903,4978
2903,8401
2903,9769
2904,3942
2904,7432
2904,9991
2905,5485
2905,5649
2905,7351
2906,5680
2906,5703
2907,3192
2907,3848
2907,4035
2907,4729
2907,5468
2907,5973
2907,9433
2908,3921
2908,4133
2908,6233
2908,6394
2908,8657
2909,3011
2909,3043
2909,3183
2909,3420
2909,7073
2909,8680
2909,9961
2910,2992
2910,3514
2910,4209
2910,6338
2910,9177
2911,4128
2911,4352
2911,6494
2911,7122
2911,7753
2911,8276
2911,9007
2912,3469
2912,5256
2912,6439
2912,7798
2912,9184
2913,3718
2913,4308
2913,4513
2913,8509
2913,8792
2913,9029
2914,3648
2914,3974
2914,4340
2914,4738
2914,7825
2915,3485
2915,3653
2915,8926
2916,2998
2916,4457
2916,4470
2916,5127
2916,9727
2917,3025
2917,3930
2917,7110
2918,3886
2918,3983
2918,4167
2919,3671
2919,5626
2919,7912
2919,9556
2920,3371
2920,5037
2920,5487
2920,9373
2920,9692
2921,3062
2921,3079
2921,3623
2921,6480
2921,9308
2922,3314
2922,4576
2922,5385
2922,5571
2922,6544
2922,6564
2923,4528
2923,5088
2925,4979
2925,5116
2925,8060
2925,8293
2925,8790
2925,9287
2926,3377
2927,3561
2927,4703
2927,6595
2928,3613
2928,4337
2928,4772
2928,8377
2928,9878
2929,8279
2930,4435
2930,4518
2930,5748
2930,7732
2931,3889
2931,4591
2931,4897
2931,7253
2931,7497
2932,3345
2932,3999
2932,4873
2932,6752
2932,7042
2932,8121
2933,3588
2933,3739
2933,4053
2933,4585
2933,6377
2933,7531
2933,9602
2934,6885
2934,7696
2934,8777
2934,9388
2934,9862
2935,3253
2935,3509
2935,3563
2935,7770
2935,8245
2935,8759
2936,3047
2936,4564
2936,5295
2936,6423
2937,5762
2938,4285
2938,5241
2938,5574
2939,3783
2939,3939
2939,4621
2939,5536
2939,5852
2940,3594
2940,4500
2940,6004
2940,6256
2940,7394
2940,9502
2941,3341
2941,9164
2941,9886
2942,5086
2942,7849
2942,8399
2942,8637
2943,2963
2943,3057
2943,3476
2943,4181
2943,4984
2944,3100
2944,3462
2944,7462
2944,9641
2945,3472
2945,6147
2945,6270
2945,6918
2945,8199
2945,8512
2946,3059
2946,3223
2946,5950
2946,8205
2947,5951
2948,3738
2948,9139
2948,9419
2949,4424
2949,6092
2949,6221
2949,6249
2949,8537
2950,3753
2950,4333
2950,8403
2951,3263
2951,3312
2951,4609
2951,5788
2952,3270
2952,4344
2952,4828
2952,8565
2953,3136
2953,3340
2953,3425
2953,5058
2953,5438
2953,5450
2954,6494
2954,7013
2955,4604
2955,5459
2955,5952
2955,7031
2955,8805
2955,9663
2956,3955
2956,4712
2957,3032
2957,3051
2957,4375
2957,5265
2957,5972
2957,8592
2957,9250
2958,3344
2958,3611
2959,3575
2959,8594
2959,8724
2960,3771
2960,8199
2961,3757
2961,7901
2962,3313
2962,3666
2962,3871
2962,4031
2963,3034
2963,4639
2963,6747
2963,7792
2964,3759
2964,4126
2964,6206
2964,9513
2964,9635
2965,3244
2965,4239
2965,5995
2965,7227
2966,3486
2966,6068
2966,6076
2966,8495
2967,3360
2967,5348
2967,6554
2967,8224
2968,3524
2968,3599
2968,5363
2968,5619
2968,6947
2969,3938
2969,4870
2969,5780
2969,7897
2970,4316
2970,5630
2970,5764
2970,8183
2971,3379
2971,4922
2971,6759
2972,3230
2972,3825
2972,4656
2972,6149
2973,4486
2974,6159
2974,6921
2975,3241
2975,8208
2976,3117
2976,3498
2976,4611
2976,5925
2976,9373
2977,3537
2977,4616
2977,5401
2977,6382
2977,7142
2978,4095
2978,6770
2978,7068
2978,8481
2979,2989
2979,4504
2979,5613
2979,7465
2979,7935
2980,5342
2981,3989
2981,5121
2981,5436
2981,7256
2981,9170
2981,9434
2981,9906
2982,5114
2982,6095
2982,9976
2983,3834
2983,5479
2983,5824
2983,6109
2983,7224
2984,8269
2985,3414
2985,7997
2986,3156
2986,4594
2986,7076
2986,8231
2986,9955
2987,4302
2987,4950
2987,4954
2987,6260
2987,7029
2987,7383
2987,7516
2987,9670
2988,3202
2988,3998
2988,5381
2988,6557
2989,3014
2989,3378
2989,4651
2989,6603
2989,9258
2990,5286
2990,5414
2990,5704
2990,5944
2991,3844
2991,3860
2991,4194
2991,6100
2991,6263
2991,8075
2992,4714
2992,4966
2992,7818
2993,4547
2994,3483
2994,5378
2994,6708
2994,7707
2994,7741
2994,9424
2995,4395
2995,6371
2995,8923
2996,7066
2996,8258
2997,3217
2997,4967
2997,9545
2998,4796
2999,6159
2999,7519
2999,9082
2999,9336
3000,3281
3000,3999
3000,4825
3000,4904
3000,5348
3000,7951
3001,3049
3001,3347
3001,3506
3001,3596
3001,4480
3002,3780
3003,3070
3003,3657
3003,4721
3003,8858
3004,3457
3004,3472
3004,3549
3004,5817
3005,6476
3006,7475
3006,7538
3006,9035
3007,3180
3007,4393
3008,3208
3008,3967
3008,5793
3008,9624
3009,3245
3009,3944
3009,3959
3009,4591
3009,5542
3009,6604
3010,3767
3010,9925
3011,3093
3011,3839
3011,4648
3011,5188
3011,6629
3011,9762
3012,5338
3012,8546
3012,9941
3013,5279
3013,6291
3013,9737
3014,4167
3014,5784
3014,6565
3015,4617
3015,6964
3016,3700
3017,3079
3017,3983
3017,5160
3017,5480
3018,4541
3018,4783
3018,5174
3018,5902
3018,7209
3018,7751
3018,8615
3019,3309
3019,4986
3019,6475
3020,4276
3020,5656
3020,6356
3021,3410
3021,3473
3021,6178
3021,8508
3022,3758
3022,6772
3022,8034
3022,8759
3023,3429
3023,5987
3023,6550
3023,8078
3025,3267
3025,5391
3025,8408
3026,4493
3026,5647
3026,7825
3026,8158
3027,3806
3027,6226
3027,6435
3027,6895
3027,8515
3028,3707
3028,3786
3028,4128
3028,4868
3028,5224
3028,5593
3028,7121
3028,8802
3028,8848
3028,9750
3029,3253
3029,4133
3029,4634
3029,5369
3029,5420
3029,6341
3029,6749
3030,6208
3030,8157
3031,4961
3031,6178
3031,7165
3031,7841
3032,4667
3032,5067
3032,5708
3032,5840
3032,5896
3032,9521
3033,4729
3033,5267
3033,7318
3034,5129
3034,7591
3035,3326
3035,4908
3035,8082
3036,3690
3036,4480
3036,5791
3036,7358
3037,4718
3037,7981
3038,3081
3038,3200
3038,3675
3038,4568
3039,3496
3039,8308
3040,3147
3040,3601
3040,3980
3040,4177
3040,4836
3040,9056
3041,5669
3041,9178
3042,6583
3042,7977
3043,3556
3043,5387
3043,7115
3043,7130
3043,8288
3044,3090
3044,8960
3045,4614
3045,9291
3046,5344
3046,5953
3046,6030
3046,8237
3046,8882
3047,3174
3047,3704
3047,4848
3047,4878
3047,6192
3047,8305
3047,9031
3048,7024
3049,4129
3049,4411
3049,7356
3049,8086
3049,9128
3050,3653
3050,4419
3050,6052
3050,6815
3051,3175
3052,4115
3052,5768
3053,4671
3053,4745
3053,6035
3053,6870
3053,8944
3053,9404
3054,5933
3055,3904
3055,5325
3055,7737
3055,9111
3056,8789
3057,7630
3057,9456
3058,3313
3058,7326
3058,9540
3059,3365
3059,4210
3060,4684
3061,3526
3061,6021
3062,4380
3062,7942
3063,3134
3063,6236
3063,6527
3063,8602
3064,5089
3064,7708
3064,8312
3064,9145
3065,7891
3065,9141
3066,3407
3066,5765
3066,5848
3066,7267
3066,7330
3066,7627
3066,9936
3067,3710
3067,4127
3067,6800
3067,7545
3068,3942
3068,5012
3069,3111
3069,3749
3069,4067
3070,3574
3070,4918
3070,9080
3071,3447
3071,3865
3071,4464
3071,4916
3071,5196
3071,6656
3072,4441
3072,6819
3072,8292
3072,8505
3074,3115
3074,6041
3075,3246
3075,6316
3075,6419
3075,8812
3075,9086
3076,6396
3076,9223
3077,3136
3077,5637
3077,6492
3078,4866
3078,4990
3078,8630
3079,5095
3079,8664
3080,5187
3080,5202
3080,7149
3080,8463
3080,9473
3081,3832
3082,3795
3082,4764
3082,6100
3082,7965
3083,3956
3083,7765
3083,9512
3084,4046
3084,5429
3084,7836
3084,9902
3085,3192
3085,4425
3085,4539
3085,7364
3086,3275
3086,3445
3087,3445
3087,3879
3087,4686
3087,5341
3087,5782
3087,8419
3087,8639
3087,8839
3087,8956
3087,9883
3088,3531
3088,4103
3088,5112
3089,6007
3089,7406
3090,5014
3090,5449
3090,6431
3091,5063
3091,5518
3091,6662
3091,7055
3092,3321
3092,7695
3092,8329
3094,3826
3094,4559
3094,5271
3094,8510
3095,3122
3095,3326
3095,3913
3095,4110
3097,5672
3097,6066
3097,6531
3097,6784
3097,7740
3098,3848
3098,4434
3098,8381
3099,3496
3099,3863
3100,7590
3101,5711
3101,6574
3102,5015
3102,6037
3102,7701
3103,4450
3103,5567
3103,5875
3103,6900
3103,7466
3103,9154
3104,3158
3104,3961
3104,4092
3104,4369
3104,5135
3104,6501
3105,3529
3105,4236
3105,5157
3106,6422
3106,6607
3107,4326
3107,6477
3107,8780
3108,4773
3108,8931
3109,4859
3109,5690
3109,6187
3109,8195
3110,3135
3110,5119
3110,5954
3110,6577
3111,3855
3111,4005
3111,4694
3111,4946
3111,7227
3111,9504
3111,9892
3112,4742
3112,6495
3112,7599
3112,8229
3112,9739
3113,4927
3113,5668
3113,5671
3114,3833
3114,7840
3115,4744
3115,9053
3116,3649
3116,3939
3116,6086
3116,8973
3117,3769
3117,5355
3117,6998
3117,8905
3118,3333
3118,4130
3118,5741
3118,8099
3119,3587
3119,4693
3119,6666
3119,8316
3121,3295
3121,5099
3121,8060
3121,8696
3121,8939
3121,9643
3123,4559
3123,4623
3123,7228
3123,9747
3124,3887
3124,5358
3124,6926
3125,3852
3125,3926
3125,4606
3125,5326
3125,6185
3125,7333
3125,8030
3126,3303
3126,4557
3126,6691
3126,8375
3127,3586
3127,5317
3127,5324
3127,9170
3128,3258
3128,3728
3128,4204
3128,4563
3128,4958
3128,6271
3128,8901
3129,3670
3129,5149
3129,9417
3130,6243
3130,7228
3131,3816
3131,4111
3131,4965
3131,6798
3131,9537
3132,3273
3132,3460
3132,3528
3132,4308
3132,6369
3132,9195
3132,9287
3133,5393
3133,5419
3133,5521
3134,3989
3134,4325
3134,6489
3134,9481
3134,9657
3135,3426
3136,3532
3136,4073
3136,6595
3136,6836
3136,7554
3137,4599
3137,4942
3138,4176
3138,4793
3138,5366
3138,6775
3138,6874
3138,9239
3139,4716
3139,5339
3139,9903
3140,3272
3140,3742
3140,3871
3140,7699
3141,3308
3141,6249
3141,6650
3141,7070
3141,7699
3141,8774
3141,8934
3142,4101
3142,4235
3142,4808
3142,6375
3142,7422
3144,3252
3144,3532
3144,3784
3144,4258
3144,4364
3144,5139
3144,5511
3144,6238
3145,3872
3145,4177
3145,4278
3145,4775
3145,8951
3147,4436
3147,6261
3148,3741
3148,4983
3148,5773
3149,4233
3149,5864
3149,6373
3149,7039
3150,5710
3150,6093
3150,7341
3150,7986
3150,9986
3151,3789
3151,7886
3151,7951
3151,7985
3153,4260
3153,4527
3153,7265
3154,3483
3154,5092
3155,4515
3155,4595
3155,4769
3155,4953
3155,8116
3156,6689
3156,6834
3156,7202
3156,9693
3157,4521
3157,7916
3158,4112
3158,4171
3158,4339
3158,4619
3158,5108
3158,5165
3158,6485
3158,7908
3158,8040
3158,9286
3159,4623
3159,6185
3159,6219
3160,4352
3160,6142
3160,8022
3160,8121
3160,8723
3161,3569
3161,4681
3161,7101
3162,8211
3163,4567
3163,5660
3163,5956
3164,5160
3164,5242
3164,5991
3164,7878
3164,8407
3165,3310
3165,9001
3165,9497
3166,4424
3166,4742
3167,3315
3167,3836
3167,4730
3167,8612
3168,7567
3168,7922
3169,3853
3169,4272
3169,4451
3169,4467
3169,4658
3169,5912
3170,3360
3170,4252
3170,6102
3170,6885
3170,7536
3170,8880
3171,4007
3171,4879
3171,6186
3171,6830
3171,8047
3171,8799
3172,3250
3172,3957
3172,4787
3172,7612
3172,9972
3173,3599
3173,4883
3173,4938
3173,9364
3174,7779
3174,7854
3174,8056
3175,4356
3175,4478
3175,4596
3175,5787
3175,8201
3176,8182
3176,8681
3177,7589
3177,8554
3178,4689
3179,5085
3179,5410
3179,7799
3180,6233
3180,7730
3180,8709
3180,9186
3181,3193
3181,3280
3181,4834
3181,5062
3181,6863
3182,3713
3182,4109
3182,7949
3182,9352
3183,6051
3183,9590
3184,4002
3184,5273
3184,6248
3184,7851
3185,5225
3186,5567
3187,6744
3187,6848
3188,3370
3188,3749
3188,6252
3189,4259
3189,5623
3189,5811
3189,6104
3189,7103
3189,7742
3189,8832
3191,9184
3192,7390
3193,5229
3193,5375
3193,5891
3193,9001
3194,3996
3194,4733
3194,5941
3194,5949
3194,6349
3195,3784
3195,5647
3195,6877
3196,3672
3196,5379
3196,7765
3197,3373
3197,5221
3197,8984
3198,3773
3198,5709
3198,8207
3198,9378
3200,3366
3200,3630
3200,6046
3200,6053
3200,8685
3201,4087
3201,4677
3201,4729
3201,7814
3201,8560
3202,4464
3202,4485
3202,4574
3202,7214
3202,7547
3203,3925
3203,7967
3203,8671
3204,3581
3204,4062
3204,5116
3204,5333
3204,5350
3204,5733
3204,6691
3204,8970
3205,4596
3205,5382
3205,6098
3205,6926
3206,4209
3206,5093
3206,7263
3207,3908
3207,6748
3207,7292
3207,7601
3208,3334
3208,3616
3208,4370
3208,8272
3209,4917
3209,7387
3210,3453
3210,4100
3211,5163
3211,5610
3211,5656
3211,5768
3212,5905
3212,6607
3213,4403
3213,6950
3213,8052
3213,8813
3214,4013
3214,4592
3214,5222
3214,5469
3214,6939
3214,8747
3214,9899
3216,3856
3216,3914
3216,5411
3216,5880
3216,8293
3217,3591
3218,6517
3219,4234
3219,7447
3220,3697
3220,5379
3220,7550
3221,3706
3221,3926
3221,4204
3221,5089
3221,7193
3222,6544
3222,9098
3222,9894
3223,5016
3223,5868
3223,6056
3223,9970
3224,4130
3224,5594
3224,9248
3225,4715
3225,6300
3225,6748
3226,5278
3226,6537
3227,3297
3227,3849
3227,6089
3227,7035
3227,8219
3227,8480
3228,3300
3228,4241
3228,6165
3228,6771
3228,7020
3228,7636
3229,4009
3229,4026
3229,4214
3229,5023
3229,6628
3229,7418
3230,3456
3230,3459
3230,4750
3230,5044
3231,5061
3231,5938
3231,9977
3232,3800
3232,3911
3232,5060
3232,8595
3233,3922
3233,6915
3233,7129
3234,3558
3234,5334
3234,6779
3234,6897
3234,7419
3234,7522
3235,3345
3235,5127
3235,5720
3235,7862
3235,7898
3236,4120
3236,5590
3236,7703
3237,4669
3237,6977
3239,7657
3239,9214
3239,9647
3240,4791
3240,5149
3241,3790
3241,5947
3241,8187
3242,4192
3242,4571
3242,5029
3242,5846
3242,6543
3242,7876
3242,8196
3242,9572
3243,3732
3243,3866
3243,3978
3243,3992
3243,4020
3243,5038
3244,3721
3244,5167
3244,5379
3244,7159
3244,7361
3245,4228
3245,4677
3245,4724
3246,4606
3246,4884
3246,4928
3246,5786
3246,8033
3247,4459
3247,4763
3247,4918
3247,6668
3247,7088
3247,7410
3248,6382
3248,6623
3249,4449
3249,5241
3249,5748
3249,6280
3250,3337
3250,4156
3250,6761
3250,8814
3251,4514
3251,4641
3251,7795
3251,8438
3252,4079
3252,4260
3252,8821
3253,4098
3254,4096
3254,7107
3254,8350
3254,9015
3254,9186
3255,6890
3255,7953
3255,8333
3256,3491
3256,3579
3256,5521
3256,5582
3256,6155
3256,8206
3257,4272
3257,5409
3257,5813
3257,6237
3258,4359
3258,4560
3258,6044
3259,7272
3259,7344
3260,4418
3260,6923
3260,8827
3261,3356
3261,3937
3261,5104
3261,6639
3261,7496
3261,9401
3262,8604
3263,6632
3264,4929
3264,9430
3265,4636
3265,5675
3265,9536
3266,3622
3266,4161
3266,5529
3266,6681
3267,3959
3267,5374
3267,7344
3268,6813
3268,8244
3269,4322
3269,5192
3269,6199
3269,6787
3269,7159
3270,3589
3270,7374
3270,7659
3270,7810
3270,8296
3271,4436
3272,4454
3272,7608
3273,4246
3273,5169
3273,5895
3273,7024
3274,7273
3275,3535
3275,6963
3275,7549
3276,3957
3276,4022
3276,6500
3277,4296
3277,4509
3277,5534
3277,6182
3277,6692
3277,7205
3277,8493
3278,3530
3278,4228
3278,6246
3278,6278
3278,7552
3278,8173
3279,3919
3279,4093
3279,4379
3279,6804
3279,9496
3280,7492
3280,8230
3281,4605
3283,3451
3283,3930
3283,4615
3283,4984
3283,8815
3284,6075
3285,3877
3285,7860
3286,3299
3286,4371
3286,4648
3286,5993
3286,6252
3287,4313
3288,3725
3288,3836
3288,5505
3288,6419
3288,8637
3289,3565
3290,3461
3290,3582
3290,3630
3290,3997
3290,4277
3290,4467
3290,6052
3290,8713
3291,3920
3291,5142
3291,5618
3292,9323
3293,4160
3294,3353
3294,3506
3294,3911
3294,4226
3294,4643
3294,5931
3294,8660
3294,8823
3294,8946
3295,5031
3296,4124
3296,5249
3297,3339
3297,4856
3297,4870
3297,6460
3297,9325
3298,3568
3298,4314
3299,3310
3299,3561
3299,3896
3299,6435
3299,9063
3300,4055
3300,6241
3300,8198
3300,9576
3300,9834
3301,3909
3301,5239
3301,7189
3301,7675
3301,9153
3302,3430
3302,6224
3302,6361
3302,9263
3303,4021
3303,6245
3303,6698
3303,7176
3303,7415
3303,8250
3304,3913
3304,6612
3304,7538
3304,9930
3305,4848
3305,7357
3305,7412
3305,7882
3306,7898
3307,3457
3307,4033
3307,4640
3307,6050
3307,6529
3307,7204
3307,9132
3308,3684
3308,6351
3308,7624
3309,3757
3309,5853
3310,4512
3310,5264
3310,6098
3310,6984
3310,8584
3311,7514
3311,7654
3312,3718
3312,8666
3312,8843
3313,3377
3313,4052
3313,5381
3314,6358
3314,6697
3315,5741
3315,7725
3316,6137
3317,3395
3317,3438
3317,5369
3317,5894
3317,6149
3317,7845
3318,3421
3318,5226
3318,5393
3318,6088
3318,9058
3319,3577
3319,4437
3319,6429
3319,6924
3319,9782
3320,3321
3320,4583
3320,6662
3321,3696
3321,4223
3321,5816
3321,6910
3322,3921
3322,5105
3322,8550
3324,5050
3324,8861
3325,3505
3325,3617
3325,8227
3325,8402
3326,3327
3326,4980
3326,5535
3326,5875
3326,7353
3326,8065
3326,8068
3326,8719
3327,5397
3327,6082
3327,6345
3327,7660
3328,3408
3328,3450
3328,3551
3328,3736
3328,9266
3329,3380
3329,4472
3329,5303
3329,8850
3329,9054
3330,4290
3330,4746
3331,3361
3331,5113
3332,3637
3332,4186
3332,7496
3333,8813
3334,5218
3334,7335
3334,8376
3334,9295
3335,4699
3335,7592
3336,3614
3336,4287
3336,6292
3336,7027
3338,3661
3338,3907
3338,5654
3338,8484
3338,9695
3339,3386
3339,5563
3340,4494
3340,4705
3341,3823
3341,5319
3341,7787
3341,8715
3342,3527
3342,4121
3342,5735
3342,5847
3342,7735
3342,9118
3344,4150
3344,6751
3345,3758
3345,4192
3345,5955
3345,7483
3345,9206
3345,9676
3346,7469
3347,4822
3347,5002
3347,5588
3348,6774
3348,6839
3348,7174
3348,7224
3348,7403
3348,9810
3348,9977
3349,4726
3349,4960
3350,5643
3350,7474
3351,6421
3351,6967
3351,8499
3352,3651
3352,4143
3352,5564
3352,6171
3353,4312
3353,5327
3353,6495
3353,7182
3353,7547
3354,3471
3354,7489
3354,9319
3355,4358
3355,7457
3355,9577
3356,3769
3356,4789
3356,6005
3358,4846
3358,4921
3358,5330
3358,5754
3358,6556
3358,7508
3358,9913
3359,4116
3359,7868
3360,6523
3361,7136
3361,8217
3362,3751
3362,4047
3362,4777
3362,7443
3363,4077
3363,4522
3363,7205
3363,7473
3363,8654
3364,4424
3364,4858
3364,8237
3364,8444
3364,9255
3365,4100
3365,5834
3365,8227
3365,8231
3366,5571
3366,6778
3366,7465
3367,5953
3367,7382
3367,7984
3368,3778
3368,7752
3369,3831
3369,5280
3369,5889
3369,7211
3370,5626
3370,5909
3370,6733
3370,8924
3371,5128
3371,5168
3371,8044
3371,8688
3372,4535
3372,7609
3372,9590
3373,4193
3373,5007
3373,6692
3374,3500
3374,7532
3374,9519
3375,5130
3375,7798
3375,9995
3376,3512
3376,4635
3376,5419
3377,4063
3377,8096
3377,9810
3378,5823
3378,7625
3378,8347
3379,3498
3379,4010
3379,4765
3379,5011
3379,6408
3379,6798
3379,9679
3380,3610
3380,4481
3380,6492
3380,7449
3380,9836
3382,3534
3382,4266
3382,8383
3382,9980
3383,4704
3383,6799
3383,6956
3384,5290
3384,6366
3384,8252
3384,9219
3384,9530
3385,3468
3385,4198
3385,4807
3385,5268
3385,6904
3386,4189
3386,4949
3386,7255
3388,3612
3388,4591
3388,6042
3388,7983
3389,8704
3390,8874
3391,4330
3391,5976
3391,6085
3392,3475
3392,5912
3393,3470
3393,5073
3393,7348
3393,8000
3394,5672
3394,6091
3394,7928
3394,8512
3395,3408
3395,3602
3395,5000
3396,3404
3396,4689
3396,6678
3396,8846
3397,5633
3397,6497
3397,6580
3397,9682
3398,4027
3398,7437
3398,7527
3398,7597
3398,9037
3399,5226
3399,5270
3399,9174
3400,3401
3400,4345
3400,4697
3400,7106
3400,8794
3401,4056
3402,4407
3402,4542
3402,4732
3402,7016
3402,7569
3402,7824
3403,4694
3403,4783
3403,9894
3404,5407
3404,6374
3404,7099
3405,3849
3405,3946
3405,4222
3405,4708
3405,5729
3406,5018
3406,8708
3406,9021
3407,4603
3407,5075
3407,5458
3407,9614
3407,9767
3407,9889
3408,4059
3408,5684
3408,8937
3409,4047
3409,4342
3409,5072
3409,7433
3409,7928
3410,4137
3410,4743
3410,5654
3410,8035
3411,3685
3412,7702
3412,9284
3413,5627
3413,6703
3415,4699
3415,5073
3415,5240
3415,8175
3415,8316
3416,3908
3416,4060
3416,8656
3416,8749
3417,4078
3417,4204
3417,5204
3417,7909
3418,5769
3418,7762
3418,7783
3418,9403
3419,4127
3419,4953
3420,3992
3420,5998
3420,6067
3420,9873
3421,4173
3421,6539
3421,6545
3421,6801
3421,7280
3421,8139
3422,4147
3422,5483
3422,5839
3422,7003
3423,5102
3423,8210
3424,5955
3424,7195
3424,8079
3425,3654
3425,6673
3425,9937
3426,3872
3427,3871
3427,5865
3427,9032
3428,4255
3428,4896
3428,5210
3428,7174
3428,7771
3428,7979
3428,8016
3428,8214
3428,9683
3429,9397
3430,4227
3430,4529
3430,7094
3430,9498
3431,3819
3431,5422
3431,5460
3431,6687
3432,5741
3433,3552
3433,4445
3433,5515
3433,5661
3433,7223
3433,7479
3433,8066
3434,4626
3434,4822
3434,8003
3434,9469
3434,9833
3436,3724
3436,6630
3436,7535
3436,7565
3436,8623
3437,5570
3437,6222
3438,4089
3438,4584
3438,4936
3438,5197
3438,5625
3438,5931
3438,6814
3438,8779
3439,5985
3439,7724
3439,8739
3440,4205
3441,4864
3441,6150
3441,6264
3442,3666
3442,5541
3442,6346
3443,5509
3444,4122
3444,4480
3444,5386
3445,3508
3445,4848
3445,6142
3446,3986
3446,5511
3447,5150
3447,5608
3447,6025
3447,7048
3447,8286
3447,8422
3447,8461
3448,4081
3448,8304
3449,5441
3450,6726
3450,7578
3451,4746
3451,5361
3451,8212
3451,9636
3452,9168
3453,4852
3454,3577
3454,4827
3455,3584
3456,3754
3456,3812
3456,4818
3456,6805
3456,8990
3456,9028
3456,9409
3457,3771
3457,6255
3458,3957
3458,4364
3458,7480
3459,3658
3459,4094
3459,7148
3459,8054
3460,3493
3460,3607
3460,8669
3460,8865
3461,3502
3461,9204
3462,8136
3463,9096
3464,4123
3464,5152
3464,6019
3464,7518
3464,9655
3465,4423
3465,4536
3465,4997
3465,5833
3465,6116
3465,6508
3466,4726
3466,6008
3466,8259
3467,3952
3467,4324
3467,4863
3467,5767
3467,5897
3467,6238
3467,8132
3467,9033
3468,3808
3468,9407
3469,4571
3469,5272
3469,8083
3469,8570
3470,5799
3470,6404
3470,6829
3470,8339
3471,3865
3471,4914
3472,3859
3472,6153
3472,6453
3473,3564
3473,5422
3473,8650
3474,4084
3475,4025
3475,6900
3475,7927
3476,7647
3476,9218
3477,3965
3477,5454
3477,6015
3477,6116
3477,8961
3477,9085
3478,5959
3478,7773
3479,5084
3479,7749
3479,8489
3480,4027
3480,4469
3480,4477
3480,7247
3480,8326
3480,9190
3481,5186
3481,7121
3481,9878
3482,3947
3482,4922
3482,5624
3482,8783
3483,3598
3483,5362
3483,6003
3484,3774
3484,4064
3484,4366
3484,4815
3484,6352
3484,6730
3484,7406
3484,8092
3484,9293
3485,5341
3485,6932
3485,9955
3486,4084
3486,8713
3487,3759
3487,4106
3487,4138
3487,4362
3487,7552
3487,9025
3488,6213
3488,8052
3488,8668
3489,3678
3489,4739
3489,6072
3489,8624
3489,9562
3491,3945
3491,5077
3491,6907
3491,8736
3492,4622
3492,4722
3492,5138
3492,5794
3492,5960
3492,7697
3492,9610
3493,3850
3493,4069
3493,4151
3493,5232
3493,7671
3493,7834
3493,9159
3494,3923
3494,5280
3494,6181
3494,7382
3495,3927
3495,4268
3495,4792
3495,8551
3495,8744
3495,9861
3496,5321
3497,3841
3497,4219
3497,6973
3497,7599
3497,9491
3498,4054
3498,8384
3499,3699
3499,4666
3499,6229
3500,4356
3500,8121
3501,3569
3501,3738
3501,9803
3502,3985
3502,5288
3502,5648
3502,6227
3502,6567
3502,7115
3502,9573
3503,4112
3503,4183
3503,4185
3503,5640
3503,7071
3505,3717
3505,5140
3505,6575
3505,6771
3506,3777
3506,4525
3506,6367
3506,9108
3507,3883
3507,5493
3507,8085
3507,8291
3508,3627
3508,5865
3508,7875
3509,4080
3509,8144
3509,9953
3510,5462
3510,6013
3510,8025
3511,3662
3511,7548
3511,8159
3511,9075
3512,3576
3512,3744
3512,3932
3512,4527
3512,5459
3512,8351
3513,4744
3513,6317
3514,7572
3514,9474
3515,7620
3515,7833
3515,9400
3516,3895
3516,4276
3516,7292
3517,3526
3517,9040
3518,3689
3518,3711
3518,5165
3518,6139
3518,7105
3518,9852
3519,5641
3519,8264
3520,3805
3520,5898
3520,6996
3521,7554
3522,3720
3522,4604
3522,5642
3522,8443
3523,3801
3523,3809
3523,4212
3523,4327
3523,5830
3523,5933
3524,3836
3524,4171
3524,6952
3525,6897
3525,9975
3526,4083
3526,5201
3526,9136
3527,4117
3527,4178
3527,5559
3527,8971
3528,3593
3528,3872
3528,7653
3529,3654
3529,4414
3529,4906
3529,5428
3529,8548
3529,8796
3530,4774
3530,4827
3530,5592
3530,9965
3531,4008
3531,5190
3531,5744
3532,6541
3532,6781
3532,8568
3533,3949
3533,4165
3533,5276
3533,5765
3533,6756
3533,7340
3533,9518
3534,5423
3534,5658
3534,5698
3535,3827
3535,5694
3535,6471
3536,4027
3536,4150
3536,4735
3536,5839
3536,7753
3536,8516
3537,3815
3537,3887
3538,4505
3538,4630
3538,6592
3538,8235
3538,9023
3538,9661
3539,4030
3539,4041
3539,4421
3539,4423
3539,5322
3539,5497
3539,6517
3540,3991
3540,4011
3540,5161
3540,9768
3541,5614
3541,7307
3541,9121
3541,9779
3542,5901
3542,9864
3543,5114
3544,3647
3544,5572
3544,8986
3544,9913
3545,4391
3545,4955
3545,5940
3546,3567
3546,3702
3546,4994
3546,5665
3546,6640
3546,6863
3546,7024
3547,3711
3547,4539
3547,4639
3547,5121
3547,7931
3547,9172
3547,9978
3548,9835
3549,3850
3549,4674
3549,7170
3549,7607
3549,8183
3549,9064
3550,4906
3550,4995
3550,6572
3550,7666
3551,5976
3551,6058
3551,6196
3552,7296
3552,9990
3553,5750
3553,6333
3554,4242
3554,4672
3554,5869
3554,6823
3554,6945
3554,7590
3554,7890
3555,3595
3555,5311
3555,7598
3557,4931
3557,6862
3557,9609
3558,4941
3558,6717
3559,4970
3559,5835
3559,7867
3559,8942
3560,5307
3560,5910
3560,9488
3561,4294
3561,4679
3561,4876
3561,5949
3561,7503
3562,5415
3562,5532
3562,6207
3562,6483
3563,5565
3563,6108
3564,5385
3564,8538
3565,4656
3565,7794
3566,4274
3566,4523
3566,5002
3566,5657
3566,8421
3566,9933
3567,4303
3570,3622
3570,4894
3570,5253
3570,5692
3570,6089
3570,7726
3570,7801
3570,8291
3571,5417
3571,5860
3572,8006
3573,3818
3573,4162
3574,3788
3574,4830
3574,6557
3574,7043
3575,4428
3575,6342
3575,6882
3575,7045
3575,7080
3576,3638
3576,4631
3576,7386
3576,8360
3576,8631
3577,4538
3577,8051
3577,9301
3578,4843
3578,6047
3578,7182
3578,7871
3579,3608
3579,4219
3579,4761
3579,6449
3579,6957
3579,9068
3580,4992
3580,8547
3580,9742
3581,5176
3581,6201
3581,7360
3581,7659
3581,9686
3582,4105
3582,6465
3582,8970
3583,4157
3583,9558
3584,4178
3584,5818
3584,5967
3584,6252
3584,6602
3584,6791
3585,4461
3585,4920
3585,7195
3585,7552
3586,3659
3586,3842
3586,3873
3587,4252
3587,4784
3587,5808
3587,6302
3588,9393
3589,3840
3589,5398
3589,5948
3589,7395
3589,8554
3590,3993
3590,5090
3590,5606
3591,6757
3592,3788
3592,5243
3592,5480
3592,9363
3593,4112
3593,8693
3594,3597
3594,8561
3596,4242
3596,4926
3596,6992
3596,7164
3597,3611
3597,3636
3597,3905
3597,4438
3597,5980
3597,7658
3598,5513
3598,7954
3598,8517
3599,4589
3599,4805
3599,5006
3599,5688
3599,7609
3599,8888
3600,7894
3600,8308
3600,9625
3601,6684
3601,6856
3601,7739
3601,8228
3601,8452
3601,8856
3601,9862
3602,4696
3602,5450
3602,6299
3602,9726
3603,4168
3603,4682
3603,5266
3603,6481
3603,6530
3603,7216
3603,7670
3603,8957
3604,5208
3604,9989
3605,6166
3605,7822
3605,8289
3606,7892
3606,8222
3606,9252
3607,4050
3607,4571
3607,4701
3607,5508
3607,9549
3608,7507
3608,9439
3609,9125
3610,3741
3610,3837
3610,5570
3610,5659
3610,5983
3610,7057
3611,3674
3611,6889
3611,9021
3611,9022
3611,9375
3612,4399
3612,6596
3612,6601
3613,3947
3613,6203
3613,6214
3613,9148
3614,4175
3614,7569
3615,3847
3615,4727
3615,7832
3615,9150
3616,5405
3616,6226
3616,6384
3616,7058
3616,9743
3617,7721
3619,3791
3619,4376
3619,5146
3620,4581
3620,4969
3620,6112
3620,7455
3621,4492
3622,5575
3622,6631
3623,3854
3623,4282
3623,5695
3623,8584
3624,5188
3624,6385
3624,7741
3625,6556
3625,8529
3626,4657
3626,6826
3627,7733
3627,8331
3628,3973
3628,5787
3628,5837
3628,7999
3629,4045
3629,4753
3629,5131
3629,5341
3629,6162
3629,6242
3630,4246
3631,4213
3631,6216
3631,9273
3632,3903
3632,4142
3633,3747
3633,6133
3634,4089
3634,4830
3634,6689
3634,7179
3634,7685
3635,5427
3636,3714
3636,5538
3636,5740
3636,6971
3636,7791
3637,5723
3637,7755
3638,4035
3638,5975
3638,6130
3640,4144
3640,6434
3640,7108
3641,5353
3641,9091
3642,3715
3642,4284
3642,4336
3643,3851
3643,3951
3643,4439
3644,4058
3644,8336
3644,8695
3644,8897
3645,7714
3646,6909
3646,9959
3647,3798
3647,6807
3647,7134
3647,9226
3647,9596
3648,4961
3648,5144
3648,5468
3648,5548
3648,6761
3648,7729
3648,9451
3649,5746
3649,7192
3649,7691
3649,7886
3649,9999
3650,3962
3650,5170
3650,5191
3650,6486
3651,6464
3652,3901
3652,5055
3652,6753
3652,6825
3652,9366
3652,9613
3653,3924
3653,5723
3653,6564
3653,9377
3654,3851
3654,3966
3654,5124
3654,7576
3654,8878
3655,7453
3655,8466
3655,8744
3655,9301
3656,5209
3656,6424
3657,5048
3658,5349
3658,6203
3658,9261
3658,9475
3659,6525
3659,6892
3659,8209
3660,6112
3660,7511
3661,4573
3661,5019
3661,7930
3661,9870
3662,4440
3662,5180
3662,5705
3663,4049
3663,4316
3663,7731
3664,3751
3664,4264
3664,4716
3664,8377
3664,8664
3666,3685
3666,6423
3666,7994
3667,4053
3667,6825
3667,8059
3668,3712
3668,6045
3668,6466
3669,3812
3669,4173
3669,6000
3669,6513
3669,7738
3670,8622
3671,5556
3671,6529
3671,7375
3672,4198
3672,4741
3672,5064
3672,6969
3672,8188
3672,8742
3673,7345
3674,4309
3674,8222
3674,9116
3675,3691
3675,4578
3676,4186
3676,4393
3676,6037
3677,4756
3677,4993
3677,6710
3677,7298
3678,3844
3678,3980
3678,4095
3678,4266
3678,4646
3678,4695
3678,5266
3678,5529
3678,6218
3678,6256
3678,9744
3679,3920
3679,4751
3679,4976
3679,5135
3679,5973
3679,8555
3680,3943
3680,9211
3681,5934
3681,5983
3681,6349
3682,4934
3682,6969
3683,4457
3685,4346
3685,4936
3685,5469
3685,5941
3685,9069
3686,8139
3687,7594
3687,8937
3687,8967
3687,9840
3688,4547
3688,4883
3688,7015
3688,8077
3689,4560
3689,5506
3689,8297
3689,8689
3689,8807
3690,6508
3690,6968
3691,3829
3691,6235
3692,3701
3692,5358
3692,6705
3692,7169
3693,4912
3693,5601
3693,5644
3693,6649
3693,8891
3694,3804
3694,7230
3694,7637
3696,4633
3696,9385
3697,3945
3697,4375
3697,6331
3697,6875
3697,7050
3698,5220
3698,5846
3699,4280
3699,7098
3699,8769
3700,3814
3700,7049
3700,7956
3701,3818
3701,3835
3701,6267
3702,6701
3703,4387
3703,9987
3704,4096
3704,4669
3704,5510
3704,6017
3704,6200
3704,6759
3704,6864
3705,3708
3705,4098
3705,4309
3705,5496
3705,6030
3705,7212
3705,8562
3705,8746
3706,4789
3706,4942
3706,6020
3706,6275
3706,6437
3706,9547
3707,5126
3707,5645
3708,5508
3708,7428
3708,8006
3709,3804
3709,4385
3709,4799
3709,7905
3709,8958
3710,8853
3710,8866
3711,4078
3711,7080
3711,7894
3712,5547
3713,6281
3713,6559
3713,8679
3714,4354
3714,5499
3714,6742
3714,7348
3715,7312
3715,7818
3716,4772
3716,7092
3716,8872
3717,5622
3717,6550
3718,3969
3718,5744
3718,7801
3719,6842
3719,7283
3719,9983
3720,3892
3720,5215
3721,5552
3723,3917
3723,7600
3723,9268
3724,4003
3724,4925
3724,6151
3724,8835
3725,4600
3726,3880
3726,4005
3726,4592
3726,5557
3727,4143
3727,4904
3728,4072
3728,4637
3728,5687
3728,7252
3728,7933
3729,4083
3729,4186
3729,4627
3729,5404
3729,8608
3730,3927
3730,7923
3731,8914
3732,4307
3732,5168
3732,6128
3732,6876
3733,3797
3733,4668
3733,5338
3733,6507
3735,4366
3735,4443
3735,6082
3735,6298
3735,8684
3736,4758
3736,7631
3736,9750
3736,9764
3737,6901
3737,8796
3738,4389
3738,7667
3739,4428
3739,5866
3739,5919
3739,6229
3740,5611
3741,4154
3741,4376
3741,6630
3741,7390
3742,3762
3742,4841
3742,4947
3742,7131
3742,7429
3742,9546
3742,9730
3743,4435
3743,4624
3743,6308
3743,6413
3743,6971
3744,3928
3745,3800
3745,4441
3745,5075
3745,8254
3745,9045
3746,4692
3746,4778
3746,7855
3746,8149
3746,8517
3746,9044
3748,3887
3748,5670
3748,9115
3748,9526
3749,4080
3749,4184
3749,4208
3749,4949
3749,4968
3749,8097
3749,8514
3750,4747
3750,7524
3750,8023
3750,9945
3751,5770
3751,5949
3751,6553
3751,8311
3751,8782
3751,8965
3752,4072
3752,5812
3752,7225
3753,6398
3753,7222
3754,4136
3754,5248
3754,6051
3755,7666
3755,8440
3755,9239
3756,7123
3756,8549
3757,3867
3757,5546
3758,4897
3758,7771
3759,4911
3759,5078
3759,6025
3759,7239
3760,4719
3761,5238
3761,5737
3761,6707
3762,6786
3762,7342
3763,6016
3763,8178
3763,8866
3764,5818
3764,6764
3764,7057
3764,8331
3764,8842
3765,3883
3765,3893
3765,4533
3765,4851
3765,7698
3765,8994
3766,5438
3766,7492
3766,8181
3766,9678
3767,8008
3768,4524
3768,4632
3770,4378
3770,5061
3770,6315
3770,7563
3771,6040
3772,4245
3772,7498
3772,7856
3773,4037
3773,4655
3773,6220
3773,7128
3773,7800
3774,4169
3774,4437
3774,5151
3774,5440
3774,6061
3774,9370
3775,4029
3775,9696
3776,6809
3776,8614
3776,9337
3777,6716
3777,6997
3778,4450
3778,4747
3778,5080
3778,5260
3778,5388
3778,6667
3779,6514
3779,7216
3779,8300
3780,4960
3780,8719
3782,5433
3782,8786
3782,9973
3783,5140
3783,9391
3784,5376
3784,7982
3784,8945
3785,3857
3785,5697
3785,5969
3785,7614
3787,4088
3787,5926
3787,7289
3787,8351
3787,8751
3788,3840
3788,3950
3788,4483
3789,6295
3789,6690
3790,5401
3790,5451
3791,4582
3791,8148
3792,6259
3792,9446
3793,4734
3793,5789
3793,9083
3794,5224
3795,4664
3796,4530
3796,7274
3797,4233
3797,7095
3797,7528
3797,8362
3797,9243
3798,5294
3798,6270
3798,7898
3801,5992
3801,6465
3801,9612
3802,5503
3802,7697
3802,7846
3802,8049
3803,4301
3803,5101
3803,5107
3803,8186
3804,4066
3804,4782
3804,5776
3804,6177
3804,6810
3805,8779
3806,4893
3807,4959
3807,5646
3807,7286
3808,4903
3808,5599
3808,5747
3808,6844
3808,7052
3808,8388
3808,9434
3809,4152
3809,9414
3810,4842
3810,6495
3810,6999
3810,9228
3812,4525
3813,5164
3814,7977
3815,4003
3816,4974
3816,5381
3816,8253
3817,6657
3817,6990
3817,7786
3817,9907
3818,5036
3818,7832
3819,8563
3819,9197
3820,7806
3820,8963
3820,9845
3822,4213
3822,4817
3822,5653
3822,6483
3823,4823
3823,4839
3823,5368
3823,7186
3823,7848
3824,6107
3824,6323
3825,3838
3825,4176
3825,8500
3825,9228
3826,4476
3826,5772
3827,4482
3827,5893
3827,6363
3828,4642
3828,5822
3828,5833
3829,4477
3829,5530
3830,4978
3830,7996
3831,8197
3831,8371
3832,4193
3832,4383
3832,5242
3832,5305
3832,6928
3832,8147
3833,5063
3833,6477
3834,3855
3834,6658
3834,6820
3835,4463
3835,7118
3835,7313
3835,8112
3836,5593
3836,5606
3837,3865
3837,5763
3837,6496
3837,7254
3839,4874
3839,6485
3840,5364
3840,5592
3840,8888
3841,3901
3841,6464
3841,8108
3842,7268
3843,9554
3844,5305
3844,7134
3844,8715
3845,4946
3845,5264
3845,5281
3846,9911
3847,6860
3847,8552
3848,4394
3848,7774
3848,9458
3849,5443
3849,6206
3849,6391
3849,7545
3849,9473
3850,4701
3850,7757
3851,6790
3851,6921
3851,8474
3852,7277
3853,4970
3853,5137
3853,6311
3853,8366
3854,5847
3854,6516
3855,7245
3855,9320
3855,9632
3856,6126
3856,6569
3856,7104
3856,8585
3856,9104
3856,9658
3857,5769
3857,6869
3857,7541
3857,9627
3858,6487
3859,4706
3859,5134
3859,5303
3859,6352
3859,7244
3859,7616
3860,3963
3860,4569
3860,9085
3860,9904
3861,4285
3861,4510
3861,8643
3862,4324
3862,4368
3864,5904
3864,6746
3864,7191
3864,8855
3865,4689
3865,4698
3865,7231
3866,4543
3866,5326
3866,8607
3866,9180
3866,9780
3867,4099
3867,7745
3868,3929
3869,5474
3869,5970
3869,6646
3869,8037
3870,5099
3870,8804
3871,7459
3872,6113
3872,8372
3873,5210
3873,6342
3873,9146
3873,9222
3874,4137
3874,4577
3874,5601
3874,7879
3875,4488
3875,5328
3875,8711
3876,3886
3876,6558
3877,5251
3877,6798
3879,4640
3879,5240
3879,6255
3879,8111
3880,3907
3880,6096
3880,9901
3881,4660
3881,5331
3881,5845
3881,6474
3881,6550
3881,7316
3882,4911
3882,9754
3883,4581
3883,5865
3883,5977
3883,6889
3883,8992
3884,4063
3884,5136
3884,8398
3884,8848
3885,9741
3886,5506
3887,3899
3887,4044
3887,5778
3887,9333
3887,9501
3888,3992
3888,4280
3888,5476
3888,5544
3888,6566
3888,6941
3889,6264
3890,5100
3890,8969
3891,4202
3891,5528
3891,8726
3892,5311
3892,8234
3892,9177
3893,4218
3893,6169
3893,9008
3894,4070
3894,4159
3894,5115
3894,8217
3894,8378
3894,8857
3895,4667
3895,4762
3895,5365
3895,7057
3895,7213
3896,7674
3897,4900
3897,5003
3897,6181
3898,4321
3898,4564
3898,4842
3898,6187
3898,6313
3899,5014
3899,6163
3899,6796
3899,7847
3899,7874
3900,8271
3901,5013
3901,7763
3901,9254
3902,7100
3902,7515
3903,4477
3903,5942
3903,6326
3903,7673
3903,9981
3904,8427
3904,9077
3905,8876
3905,8877
3906,4647
3906,5277
3906,6821
3906,7322
3906,7706
3906,8369
3907,7312
3907,8241
3907,9049
3908,5683
3909,4536
3909,7110
3909,8211
3910,7916
3910,8417
3912,4574
3912,5929
3912,7924
3913,3979
3913,5292
3914,5497
3914,6898
3915,4447
3915,5126
3915,5328
3915,8504
3916,5424
3916,6755
3917,4533
3917,7701
3918,4672
3918,6022
3918,8293
3919,4154
3919,4603
3919,4774
3919,5005
3919,6334
3919,6344
3920,4179
3920,5550
3921,7111
3921,9943
3922,4066
3922,5416
3923,7398
3923,8059
3923,8344
3924,5508
3924,6141
3924,6681
3924,6854
3924,8211
3926,4319
3926,4847
3926,6238
3927,4121
3927,4607
3928,5146
3928,5973
3929,4464
3929,7198
3929,7541
3929,8257
3930,5038
3930,7976
3930,8304
3930,9276
3931,4145
3932,5974
3932,6039
3932,6627
3932,6713
3932,8795
3933,7321
3934,4202
3934,8591
3935,9160
3936,5507
3937,4345
3937,7254
3937,8465
3938,5037
3939,4123
3939,4766
3939,5327
3940,5250
3940,7950
3941,3971
3941,4158
3941,6896
3941,9551
3942,4511
3942,5147
3942,5264
3943,4709
3943,9289
3943,9321
3944,4907
3944,4918
3944,5482
3944,8111
3944,8800
3945,5423
3946,4723
3947,6083
3948,8307
3948,8374
3948,9603
3949,8808
3949,9470
3950,5104
3950,7582
3951,3976
3951,4778
3952,4814
3952,5134
3952,8711
3954,5885
3954,7243
3955,4034
3955,4250
3955,4276
3955,4621
3955,4812
3955,5891
3955,7136
3955,7895
3955,7932
3956,4981
3956,5077
3956,6922
3956,7249
3957,8275
3958,4973
3958,7491
3959,4417
3959,6321
3959,8884
3960,6843
3961,4706
3961,5678
3961,5940
3961,7284
3961,8980
3962,4330
3962,5558
3962,5783
3962,7429
3963,8498
3963,8867
3964,4035
3964,9461
3965,4207
3965,5819
3965,7085
3965,7299
3966,4028
3966,7299
3966,7707
3966,8171
3967,7169
3967,9376
3968,4661
3968,5522
3969,4451
3969,6936
3969,7903
3970,5876
3970,7641
3970,8086
3970,8583
3971,5465
3971,8501
3971,9971
3972,4247
3972,4594
3973,4700
3973,5498
3973,6589
3974,5864
3975,5166
3975,6173
3975,6200
3975,6645
3975,9287
3975,9952
3976,9199
3977,4249
3977,4541
3977,5171
3977,6757
3977,7295
3978,5041
3978,5879
3979,7596
3980,6316
3980,7396
3980,8501
3981,6994
3982,5206
3982,9335
3983,4300
3983,5841
3983,6319
3983,6537
3983,7123
3984,4372
3984,4731
3984,8619
3984,9263
3985,7766
3985,9333
3986,4110
3987,5087
3987,7163
3987,7739
3988,5354
3988,7199
3989,4255
3989,5759
3989,6911
3991,7226
3991,8230
3992,4969
3992,5598
3993,4590
3993,5420
3994,4208
3994,5269
3994,7988
3994,8373
3995,4069
3995,5683
3995,6510
3995,8184
3995,9722
3996,4060
3996,6567
3996,6967
3997,8977
3998,5580
3998,6101
3998,7033
3998,7354
3998,8062
3998,9868
3999,7905
3999,8651
3999,9917
4000,4608
4000,4936
4000,6102
4000,9438
4001,4297
4001,5130
4001,7286
4002,6158
4002,7279
4003,4032
4003,4184
4003,4322
4003,5229
4003,5366
4003,6734
4003,9419
4003,9744
4003,9914
4004,4748
4004,5714
4004,7448
4004,7599
4004,9954
4005,5336
4005,9722
4006,4813
4007,4512
4007,4737
4007,5346
4007,8630
4008,4871
4008,5164
4008,5660
4008,6373
4008,7010
4008,7232
4008,8859
4009,5193
4009,6321
4009,7181
4009,8853
4010,5190
4010,9360
4011,4026
4011,6212
4012,6591
4012,7511
4012,8185
4013,6820
4013,8612
4013,8824
4013,9302
4014,7943
4014,7945
4014,9207
4015,6263
4016,4153
4016,4963
4017,4225
4017,5737
4018,8043
4019,5020
4019,6623
4019,6732
4019,7913
4020,4622
4020,6990
4020,7588
4021,4484
4021,5250
4021,8436
4022,5373
4022,7768
4023,5295
4023,6211
4023,9223
4025,4542
4025,5837
4025,6604
4025,7221
4025,7976
4026,6283
4026,7443
4026,8313
4026,9760
4027,7558
4027,8026
4028,4479
4028,4926
4028,6872
4029,4153
4029,4650
4029,5045
4029,5297
4030,5046
4030,7761
4030,9938
4033,9635
4034,4677
4034,4989
4034,5425
4034,5602
4034,6507
4035,5615
4035,8021
4036,5762
4036,7938
4036,9259
4037,5392
4037,6641
4037,9353
4038,5295
4038,6646
4038,6937
4038,8025
4039,4114
4039,4323
4039,7673
4039,8081
4039,8663
4039,9025
4039,9508
4040,4076
4040,4282
4040,4495
4040,4767
4040,5425
4040,5734
4040,9567
4041,4054
4041,4152
4041,5503
4041,6585
4041,8995
4043,4196
4043,5167
4043,8296
4043,9561
4044,6091
4045,7442
4046,4247
4046,4880
4046,7210
4047,5165
4048,4672
4048,4773
4049,4381
4049,5204
4049,6011
4049,7075
4049,7451
4049,8287
4049,8367
4050,4566
4050,4840
4050,5519
4050,9717
4051,5173
4052,4237
4052,7281
4053,4759
4053,8117
4054,4124
4054,7221
4054,8454
4054,9002
4054,9509
4055,4386
4055,7118
4055,7407
4056,6057
4056,8373
4056,9147
4057,5990
4059,6882
4059,6915
4059,7424
4060,8197
4061,6705
4061,7697
4062,5299
4062,5588
4062,6033
4062,7537
4062,8189
4063,5914
4064,6353
4064,9530
4065,4574
4065,4597
4065,5308
4066,4995
4066,6221
4066,6833
4066,7468
4066,8349
4067,4239
4067,4354
4067,4404
4067,5411
4067,8490
4067,8740
4068,5553
4068,9014
4068,9791
4069,4340
4069,4614
4069,5316
4069,6803
4069,8777
4070,5333
4070,5384
4070,6887
4070,7278
4070,8417
4071,7643
4071,7752
4072,4718
4072,4860
4072,7201
4073,4809
4073,5915
4074,4179
4074,4265
4074,6999
4074,7222
4074,8921
4076,7802
4077,5266
4077,6770
4078,4348
4078,7930
4079,5260
4079,7237
4079,8334
4079,9005
4080,6037
4080,8664
4080,9476
4081,4086
4081,4875
4081,5581
4081,5594
4081,6648
4082,4342
4082,5960
4082,6563
4082,6744
4082,7431
4083,5117
4083,6368
4084,4503
4084,5208
4084,9392
4085,5740
4085,6152
4085,7688
4085,7840
4085,8289
4086,6257
4086,8844
4086,9500
4087,5221
4087,6339
4087,7735
4088,4132
4088,4587
4088,4644
4088,4853
4088,6176
4088,7305
4088,8434
4088,8905
4088,9162
4089,7079
4089,8895
4089,9111
4091,6016
4092,7553
4092,8902
4094,4303
4094,4912
4094,5040
4094,6735
4095,4442
4095,5468
4095,5484
4095,6811
4096,5756
4096,6114
4096,6850
4097,7819
4097,8009
4097,8052
4098,6689
4098,6799
4099,4624
4099,7279
4099,9142
4100,5280
4100,5924
4101,4265
4101,6522
4103,4392
4103,5840
4103,9804
4103,9912
4104,6179
4104,6764
4104,8363
4104,9563
4105,9475
4106,5653
4106,7138
4107,4408
4107,4728
4107,6577
4107,9754
4108,4638
4108,5448
4108,7677
4109,6406
4109,9363
4109,9410
4110,6496
4110,7026
4110,8288
4111,4244
4111,4281
4111,4887
4111,5041
4112,5236
4113,8349
4114,4666
4114,6709
4114,9656
4115,4389
4115,7263
4115,7834
4116,4884
4116,4897
4116,4975
4116,9469
4117,8527
4117,9808
4118,4535
4118,4799
4119,5033
4119,8640
4120,4611
4120,5465
4120,6935
4120,7952
4121,8428
4121,8568
4122,6281
4122,7007
4122,8395
4122,9391
4123,5142
4125,6676
4125,6694
4125,7382
4126,7420
4126,9046
4127,5157
4127,7301
4128,7778
4129,8670
4130,5805
4130,9196
4130,9614
4131,4261
4131,4969
4132,4710
4132,4735
4132,7604
4132,8600
4132,8797
4132,9393
4133,6504
4133,6883
4133,8568
4134,4180
4134,4898
4134,6236
4134,7354
4135,5022
4135,5068
4135,9370
4136,5936
4137,6068
4138,8404
4139,5285
4139,5821
4139,6539
4140,4953
4140,5501
4140,6583
4140,6704
4140,7559
4140,7692
4140,9010
4141,9960
4142,5516
4143,6209
4143,9919
4145,4310
4145,4329
4145,4388
4145,6074
4145,6854
4146,4214
4146,5225
4146,5501
4146,5574
4147,7292
4147,7827
4147,9467
4148,8655
4149,4620
4149,6439
4149,6709
4149,7425
4149,9064
4149,9103
4149,9669
4150,4201
4150,8949
4151,5527
4151,6378
4151,9394
4152,5562
4153,5879
4153,5943
4153,6643
4154,7638
4154,7884
4155,8298
4158,4654
4159,5319
4159,6126
4159,6365
4159,6853
4160,5033
4160,9158
4161,5076
4161,8127
4162,6294
4162,7281
4163,5426
4163,5591
4163,6225
4164,4612
4164,7729
4164,7967
4164,9826
4165,5387
4165,8881
4166,4374
4166,5731
4166,7315
4166,8369
4166,8518
4167,5085
4167,5409
4168,5685
4168,8451
4168,9355
4169,5638
4169,8050
4170,5451
4170,7715
4171,4748
4171,4761
4171,5480
4172,4840
4174,5155
4174,5189
4174,8195
4174,8290
4175,6202
4175,6611
4176,6470
4177,6740
4177,8485
4177,8626
4178,4552
4178,4794
4178,9569
4180,7986
4180,8789
4180,9245
4180,9523
4181,4448
4181,4972
4181,7987
4181,9408
4182,8159
4182,8486
4182,8902
4183,6054
4183,6803
4183,7908
4185,8924
4186,5816
4186,8278
4186,9942
4188,8323
4188,9658
4189,4671
4189,4924
4190,6735
4191,9537
4192,4497
4192,7152
4192,7555
4193,5219
4193,9309
4194,8248
4195,4233
4195,5343
4195,5515
4195,5717
4195,6329
4196,4549
4196,8575
4196,9375
4197,4791
4197,5074
4197,6682
4198,5001
4198,5838
4198,7155
4198,9030
4199,5492
4200,4429
4200,6393
4200,9782
4201,4299
4201,6653
4201,7858
4201,9928
4202,4232
4202,5028
4202,5223
4203,4607
4203,4721
4203,4846
4204,6907
4204,6989
4204,8337
4205,9127
4206,4350
4206,5199
4206,5622
4206,5996
4207,4294
4207,6966
4208,5342
4208,6534
4208,9450
4209,5318
4209,9092
4210,5602
4211,5781
4211,7130
4211,7134
4212,7929
4212,8133
4212,8398
4213,5473
4213,8979
4214,4401
4214,5892
4214,9535
4215,7910
4216,5600
4216,7317
4217,4481
4217,5312
4217,8804
4218,5316
4218,6416
4218,7812
4219,9181
4220,8355
4220,9490
4221,8098
4222,7236
4223,4617
4223,6779
4224,6066
4224,9010
4225,6644
4225,8089
4226,5525
4226,8966
4226,9490
4227,4810
4227,5251
4227,6387
4227,8496
4228,7347
4228,7759
4229,4300
4229,5700
4229,6332
4229,8216
4229,9586
4230,5285
4230,5431
4230,7266
4230,8153
4231,5406
4232,4734
4232,5612
4232,5928
4232,6819
4232,9710
4233,7089
4233,7327
4234,5143
4234,5483
4234,5961
4235,7939
4236,5144
4236,5360
4236,6137
4236,7619
4237,4359
4237,5938
4237,8097
4238,5815
4238,5902
4238,7310
4238,7683
4238,8931
4239,4589
4239,5417
4239,5751
4239,6042
4240,6108
4241,5340
4241,6598
4241,9165
4242,5139
4242,7460
4243,4426
4243,8063
4243,8325
4244,6846
4244,7725
4245,4875
4245,8429
4245,9044
4246,7256
4246,9492
4247,4580
4247,7139
4247,8346
4248,5943
4248,8048
4249,5596
4249,7202
4250,5071
4250,5918
4250,6285
4250,6858
4250,9457
4250,9544
4251,4550
4251,7746
4251,9016
4252,4315
4252,5069
4252,7400
4252,7997
4253,4443
4253,4982
4253,9745
4254,4406
4254,6869
4254,9638
4255,4892
4255,5808
4255,7004
4255,9934
4256,5828
4256,7338
4256,9609
4257,4268
4257,4604
4257,6174
4257,6369
4257,8083
4258,6780
4258,7012
4258,8249
4259,5174
4260,4320
4260,4814
4260,9070
4260,9437
4261,4374
4261,4434
4262,4330
4263,6242
4263,8406
4263,8958
4264,4340
4264,6310
4264,6613
4264,8511
4264,9423
4265,6390
4265,7109
4265,8773
4265,9465
4266,4766
4266,4859
4266,5335
4266,7684
4267,5761
4267,9799
4268,5500
4268,8625
4269,4955
4269,6224
4270,4579
4270,4771
4270,5203
4270,7700
4271,4667
4271,5009
4271,7190
4271,9723
4273,4785
4273,6438
4273,6787
4273,7716
4273,8126
4274,4454
4274,5013
4274,5694
4275,4390
4275,5293
4275,8892
4276,6417
4276,6523
4278,6087
4278,7436
4279,7677
4279,9191
4279,9644
4280,4545
4281,5920
4282,8770
4283,6684
4283,6942
4283,7186
4284,6306
4285,4593
4285,9084
4286,4670
4286,6761
4287,9624
4288,4659
4288,7193
4289,4839
4289,8734
4289,9306
4291,4320
4291,4816
4291,6195
4291,8703
4291,8934
4292,5418
4292,9027
4293,5500
4293,7076
4294,4304
4294,7463
4295,5349
4295,5512
4295,9749
4296,5660
4296,5797
4296,7794
4296,8124
4296,8716
4297,4507
4297,6455
4297,8448
4298,9570
4299,6421
4300,6310
4301,6738
4302,4768
4302,7925
4303,4369
4303,5040
4303,5609
4303,5690
4303,7823
4303,9960
4303,9973
4304,5725
4304,6358
4304,9002
4304,9736
4305,4682
4305,4702
4306,5300
4306,5829
4306,8322
4306,8860
4306,8891
4306,9689
4307,4416
4307,8152
4308,4790
4308,6388
4309,4915
4309,5752
4309,9256
4310,5073
4310,5090
4310,9637
4311,5200
4312,6332
4313,5724
4313,7296
4314,8315
4314,8740
4314,8805
4315,5170
4315,7275
4315,8394
4316,5349
4316,5421
4316,7023
4316,8610
4317,6462
4318,7063
4318,9503
4319,6434
4319,7468
4319,7869
4319,8260
4320,4663
4321,5813
4321,5992
4321,6023
4321,7961
4321,9589
4322,4684
4322,5525
4322,7261
4322,7371
4323,4361
4323,4644
4323,5008
4323,6033
4324,4567
4324,5935
4324,6334
4324,6769
4324,9369
4325,4951
4325,6458
4326,4671
4326,5739
4326,6621
4326,7499
4327,4695
4327,9031
4328,4786
4328,6616
4329,6115
4329,9285
4329,9743
4330,7112
4330,7423
4330,7664
4330,9137
4331,4344
4331,5861
4331,8602
4331,8708
4332,5598
4332,6209
4332,7309
4332,9255
4333,4740
4333,5685
4333,6089
4334,4348
4334,5043
4334,8809
4335,5779
4336,5937
4336,7872
4337,5262
4337,7101
4338,4396
4339,4518
4339,6134
4339,9824
4340,9358
4341,4378
4341,4657
4341,6407
4341,9304
4342,4700
4342,4895
4342,5822
4342,5988
4342,6175
4342,6643
4342,9811
4342,9981
4343,5412
4343,6517
4343,9640
4345,6647
4345,7495
4345,9006
4346,4674
4346,4971
4346,9017
4347,4686
4347,6609
4347,8967
4348,6157
4348,8387
4348,9252
4349,4519
4349,6972
4349,8959
4350,6823
4350,8282
4351,6627
4352,6852
4354,8275
4355,4414
4355,7404
4356,4665
4356,5228
4356,6470
4356,6677
4356,6844
4357,5092
4358,5502
4358,5580
4358,5824
4358,6981
4359,5057
4360,4548
4360,5801
4361,5946
4361,7760
4362,4382
4362,4856
4362,9722
4363,4997
4363,8132
4364,6708
4364,6813
4366,4498
4366,7582
4367,5415
4367,8827
4367,9013
4368,4903
4368,6154
4369,5179
4369,6546
4369,7425
4370,4750
4370,8077
4371,6992
4372,4456
4372,5898
4372,9978
4374,6589
4374,6624
4374,7505
4374,7906
4374,9389
4374,9479
4375,4962
4375,5061
4376,6660
4377,9763
4378,4803
4378,4832
4378,5081
4379,6710
4380,4765
4380,6335
4381,5686
4381,6526
4381,8065
4381,9395
4382,4757
4382,5035
4383,4809
4383,6097
4383,7345
4384,4511
4384,5405
4384,5506
4384,8992
4385,8417
4386,4606
4386,4710
4386,6718
4386,7653
4387,5972
4387,6248
4387,8460
4388,4400
4388,4475
4388,5615
4388,7121
4388,8698
4389,6319
4389,6778
4390,4758
4390,5753
4390,6193
4390,7240
4390,7523
4390,7919
4391,4702
4391,7184
4391,9741
4392,4780
4392,5482
4392,5859
4392,6684
4393,4398
4393,5276
4393,8807
4393,9787
4394,5734
4394,9441
4395,5202
4395,8984
4396,5279
4396,5633
4397,7475
4397,8442
4398,6808
4399,8148
4399,9703
4400,4482
4400,5796
4400,7328
4400,9419
4401,7055
4401,8614
4402,4881
4402,6693
4402,6784
4402,6898
4402,8506
4402,8627
4403,6680
4403,7093
4403,7326
4404,4558
4404,5825
4404,6117
4404,6440
4404,6605
4404,6846
4404,8036
4405,8964
4406,4656
4406,4880
4406,5074
4406,9804
4407,4761
4407,5048
4407,9649
4407,9679
4408,9290
4409,6348
4409,7259
4410,4812
4410,5466
4410,7521
4410,8518
4411,5803
4411,5835
4411,9043
4412,5911
4412,6232
4412,7804
4412,8224
4412,9324
4413,6615
4413,6854
4414,4917
4414,5723
4414,6489
4415,5939
4415,6110
4415,6170
4415,7237
4415,9767
4416,4496
4416,4910
4416,8053
4416,9253
4417,7926
4417,7999
4418,6114
4418,6877
4418,8002
4419,9770
4419,9865
4420,5861
4420,8225
4421,6811
4422,4625
4423,6916
4423,9555
4424,4688
4424,6168
4425,5101
4425,8288
4426,5857
4426,7279
4427,9055
4428,4887
4428,5609
4428,6481
4428,9066
4429,5262
4429,8439
4430,4943
4430,5261
4430,6156
4430,9439
4431,4861
4431,4984
4431,5237
4431,5301
4431,5492
4431,7325
4431,9908
4432,5231
4432,5413
4432,6671
4433,7317
4433,7433
4433,9424
4433,9982
4434,4838
4434,5183
4434,5537
4434,6025
4434,6609
4434,7050
4434,7561
4434,7636
4435,5697
4435,8984
4436,5254
4436,5656
4436,6308
4436,7174
4436,7651
4436,9789
4436,9929
4437,4609
4438,5486
4438,6233
4438,7342
4439,5245
4439,8412
4440,7352
4441,5216
4441,6161
4441,7171
4442,8912
4443,4488
4443,8655
4444,4468
4444,8652
4445,7444
4446,4598
4446,7400
4447,6835
4448,4645
4448,8383
4448,9709
4449,5719
4450,4834
4450,7027
4450,8850
4451,6934
4451,8593
4452,5464
4452,5504
4452,9587
4453,5679
4453,6452
4453,7277
4453,9279
4454,7766
4455,5608
4455,5702
4455,8467
4456,4498
4456,5172
4456,5514
4456,5682
4457,8869
4457,9325
4458,5538
4458,9145
4459,5774
4459,6223
4459,9246
4460,5364
4460,9253
4461,6468
4462,6377
4462,8302
4462,8416
4463,5126
4463,6709
4463,6974
4463,9198
4463,9591
4464,7092
4464,8682
4465,9105
4467,4495
4467,4987
4467,6081
4467,6085
4467,6397
4467,6490
4467,8571
4468,6268
4468,7748
4470,4964
4470,6581
4471,5085
4471,6022
4471,6579
4472,5482
4472,7255
4472,7643
4473,4707
4473,5785
4473,6459
4473,6647
4474,5419
4474,8594
4475,5796
4477,6859
4477,9424
4478,5761
4478,7402
4479,9280
4481,4925
4481,6026
4481,8694
4482,4786
4482,5378
4482,7763
4483,5524
4483,5652
4483,7923
4484,4490
4484,7626
4484,7791
4484,8298
4485,6091
4485,6269
4485,8655
4486,4829
4486,5708
4486,5990
4486,6529
4486,7223
4487,4822
4487,6834
4487,7477
4487,7787
4487,9567
4488,6618
4488,7485
4489,5458
4489,5497
4490,5437
4490,5709
4490,5884
4490,6031
4491,7272
4491,9915
4493,6760
4493,9647
4495,5757
4495,7792
4496,6768
4496,8330
4497,6178
4498,6192
4498,6624
4498,6832
4499,4915
4499,5906
4500,5792
4500,6214
4500,8442
4504,4978
4504,6436
4504,8734
4505,4540
4506,6295
4506,8385
4507,5844
4507,5913
4507,7686
4507,9116
4508,4649
4508,6136
4509,4514
4510,5059
4510,8771
4510,9309
4510,9351
4511,5794
4511,9986
4512,5370
4512,6996
4512,7042
4512,9996
4513,5712
4513,5754
4513,5991
4513,6638
4514,5094
4514,5172
4514,5443
4514,7969
4515,4544
4515,6231
4515,6375
4516,6022
4516,7032
4516,8819
4516,9843
4517,7482
4517,9138
4518,6383
4518,6745
4518,7571
4519,5045
4520,8850
4520,9206
4521,4601
4521,6262
4521,7767
4522,8128
4523,7396
4523,8621
4524,8890
4524,9342
4525,4795
4525,8831
4526,4759
4526,5929
4526,7043
4527,6812
4528,6385
4528,9912
4529,6248
4529,6890
4529,7032
4529,7810
4529,8751
4529,9425
4530,5758
4530,6424
4531,8642
4532,9532
4533,4801
4533,4920
4533,5449
4533,7229
4533,9817
4535,7061
4535,7622
4536,6948
4538,5147
4538,5487
4538,6217
4538,9320
4539,7454
4539,8702
4540,5840
4540,7911
4540,7925
4541,5191
4541,5692
4541,8322
4541,9918
4542,6801
4542,7979
4542,9954
4543,4826
4543,4881
4543,5355
4543,5903
4543,6965
4543,8582
4543,8829
4544,7608
4544,7815
4545,5383
4545,6394
4545,8728
4546,5515
4546,5567
4546,5760
4547,4895
4547,6562
4548,5016
4548,6325
4549,6523
4549,8744
4549,9175
4550,6292
4551,6560
4551,8105
4552,6158
4553,4700
4553,5352
4553,7750
4553,9416
4554,7693
4554,8017
4555,6064
4555,6150
4555,6447
4555,8134
4556,4844
4556,5616
4556,6440
4556,9726
4557,4774
4557,6068
4557,6783
4558,4678
4558,5093
4559,5181
4559,6980
4559,8919
4559,8999
4559,9009
4560,5357
4560,9055
4562,7537
4563,7413
4563,8168
4565,8877
4565,8886
4566,5514
4566,7575
4567,5610
4567,6626
4568,5242
4568,5592
4568,5850
4568,6954
4568,7411
4568,8768
4569,5294
4569,5797
4570,5150
4570,8730
4570,8917
4571,5964
4571,6359
4571,8204
4571,9621
4572,9836
4573,5219
4573,7767
4574,6467
4574,8957
4575,7260
4576,6256
4576,7051
4576,7770
4577,6553
4578,5306
4578,8816
4578,9466
4579,5495
4579,9594
4580,5496
4580,6131
4580,8955
4581,5619
4581,6002
4581,6179
4581,7413
4581,7962
4582,4901
4582,6213
4582,6454
4583,4779
4583,5999
4583,6414
4584,4615
4584,7385
4584,7632
4585,5150
4585,5236
4585,6362
4585,8719
4586,4788
4586,5035
4586,5529
4586,5783
4586,9305
4586,9511
4587,5148
4587,5335
4587,8305
4587,9887
4588,4743
4589,9867
4590,6001
4590,8154
4591,4688
4591,5599
4591,6337
4591,6843
4591,9388
4592,4877
4592,6360
4592,6402
4592,6468
4592,9288
4593,4647
4593,5161
4593,7257
4595,4802
4595,5867
4595,8028
4596,5306
4596,7011
4596,9668
4597,5066
4597,5175
4597,5178
4597,5742
4597,7072
4598,5434
4598,6835
4598,7321
4598,9038
4598,9182
4598,9634
4599,5173
4599,6274
4599,6584
4599,8346
4599,9346
4600,4909
4600,7045
4600,7211
4601,6129
4601,6780
4601,9651
4602,6625
4602,7560
4602,7935
4603,5097
4603,6668
4606,8710
4607,7235
4609,6289
4609,6398
4609,6563
4609,9155
4609,9493
4610,7578
4611,5162
4611,6699
4611,8864
4612,5481
4612,5988
4612,9963
4613,5738
4613,8074
4614,4813
4614,5472
4615,4628
4615,4737
4615,8852
4615,9799
4615,9802
4616,7006
4616,7479
4616,7885
4616,8386
4617,5438
4617,5618
4617,7991
4618,4712
4618,5136
4618,5238
4618,8184
4619,4967
4619,7221
4619,7386
4619,7416
4620,9530
4621,4648
4621,5511
4621,6240
4621,9774
4622,7365
4622,8856
4623,7314
4624,5764
4624,6133
4624,7904
4625,6615
4625,8425
4626,5153
4626,5629
4626,7176
4627,9334
4628,5455
4628,8246
4629,6111
4629,6985
4629,7154
4630,4882
4630,5245
4630,5435
4630,7580
4631,4804
4631,8217
4631,8424
4632,5491
4632,6229
4632,8172
4633,6322
4633,8761
4633,9680
4634,6344
4634,7370
4634,7420
4634,9903
4635,6239
4635,8003
4635,9414
4636,5926
4636,5976
4637,4654
4637,8897
4638,5162
4639,4660
4639,5365
4639,6865
4640,4835
4640,6721
4640,6990
4640,8007
4641,9724
4642,4907
4642,5966
4643,6003
4643,6938
4643,7441
4645,5112
4645,6097
4647,5745
4647,7153
4648,5050
4648,9252
4648,9428
4649,4954
4650,6171
4651,5715
4651,7350
4651,8662
4651,9018
4652,7028
4652,9360
4654,4837
4654,4871
4654,6383
4655,7297
4655,8562
4656,7708
4656,8393
4657,6329
4657,8980
4658,6715
4659,6622
4659,7102
4659,7261
4659,9281
4661,8573
4662,9178
4663,6609
4663,7962
4664,4753
4664,4891
4664,5345
4664,8960
4665,5309
4665,6698
4665,7359
4666,6161
4667,5545
4667,9761
4668,6393
4668,7806
4669,4820
4669,5997
4670,5005
4670,8356
4670,8376
4671,8940
4672,5375
4673,7806
4673,9569
4674,5154
4674,5539
4674,7181
4675,4882
4675,7025
4675,8142
4676,6429
4677,4739
4677,5673
4678,5491
4678,5766
4678,8028
4678,8146
4679,4764
4679,5080
4679,5263
4679,5291
4679,5774
4681,7203
4681,9050
4681,9897
4682,9250
4683,5114
4683,6083
4683,7990
4684,6702
4684,7531
4684,7854
4684,9759
4685,5258
4685,5487
4685,8104
4686,4800
4686,6330
4686,6547
4686,7586
4686,8598
4686,9148
4687,9314
4688,6042
4688,6996
4688,7509
4688,7878
4689,6644
4690,5117
4690,5795
4690,6542
4691,4731
4692,6536
4693,7544
4693,8641
4694,9188
4695,6133
4695,8998
4696,4930
4696,5938
4696,7175
4697,5249
4697,5802
4697,6925
4697,7368
4698,5572
4698,6117
4698,6417
4698,7177
4699,5453
4699,5936
4700,6862
4700,8395
4701,6850
4701,7609
4703,5754
4703,7021
4704,5019
4704,5078
4706,5658
4706,5670
4706,5821
4706,9626
4706,9888
4707,7821
4708,5575
4708,7001
4709,5004
4710,6237
4710,9968
4711,5857
4711,7574
4711,8028
4712,6818
4713,6750
4713,7700
4713,8634
4714,6365
4714,6430
4714,8682
4715,6190
4715,9038
4716,8405
4717,4853
4717,6312
4717,8887
4718,5499
4718,7056
4719,6210
4719,9339
4720,4736
4720,5850
4721,6244
4721,6867
4722,5006
4722,5447
4723,5481
4723,5971
4723,7375
4723,8153
4724,5549
4724,7140
4725,8538
4726,4860
4726,5127
4726,6244
4726,7380
4727,8667
4727,9441
4728,5303
4728,6628
4728,7271
4728,7575
4728,8485
4728,9840
4728,9976
4729,5081
4729,5157
4729,5356
4729,5386
4730,7688
4730,9341
4730,9444
4730,9774
4731,8735
4731,9332
4731,9748
4732,5729
4732,8019
4732,8720
4733,9714
4733,9924
4734,5912
4734,6376
4734,7287
4735,7224
4735,7598
4735,8826
4736,7775
4737,4852
4737,7099
4737,8993
4737,9164
4738,8753
4738,9497
4739,6141
4740,5079
4740,6666
4740,7046
4740,7400
4740,7671
4741,6357
4742,4807
4742,5576
4742,7143
4742,9685
4745,5649
4745,6760
4745,6785
4746,4998
4746,5337
4746,6382
4746,6569
4747,5982
4747,6765
4748,6397
4748,7173
4750,5125
4750,5283
4751,5372
4751,5418
4751,6791
4752,5015
4752,5310
4752,6297
4753,9985
4754,5406
4754,5610
4754,6201
4755,7659
4756,8109
4757,7623
4757,8045
4758,7663
4758,8520
4759,7961
4759,8446
4760,6024
4760,6247
4760,9156
4761,5903
4761,6697
4761,7750
4762,6580
4763,5019
4763,7460
4764,5771
4764,8705
4767,4797
4767,6003
4768,5710
4768,6196
4769,5600
4769,5642
4769,6444
4769,6552
4769,7444
4770,6688
4771,6251
4771,6507
4771,6888
4771,9248
4771,9552
4772,5729
4772,6366
4773,5812
4773,9601
4774,6474
4774,6782
4775,8474
4776,6075
4777,6074
4777,6733
4777,9015
4778,7621
4778,9575
4779,8867
4780,7687
4781,5367
4781,7175
4782,7534
4783,5018
4783,6235
4783,6962
4783,7416
4784,5889
4784,8521
4784,8630
4784,9320
4785,5950
4786,6635
4786,7007
4787,7049
4788,7941
4788,9258
4788,9344
4789,4854
4789,5877
4790,6195
4790,6386
4791,4853
4791,8171
4791,9737
4792,8598
4793,6048
4793,8207
4793,9418
4794,6148
4794,6438
4795,5246
4795,6015
4796,4996
4796,9671
4799,5490
4799,5519
4799,5975
4799,6421
4799,7633
4799,8618
4799,9318
4800,5132
4801,7248
4801,9659
4802,7949
4804,5282
4804,6867
4804,7784
4806,9365
4807,4991
4807,5600
4807,5635
4808,6349
4808,7330
4809,4838
4809,7897
4809,8268
4810,7034
4810,7146
4810,7933
4812,6865
4813,7065
4813,8038
4814,4862
4815,7350
4815,7776
4816,5533
4816,8006
4816,8675
4817,4867
4817,6322
4817,8309
4818,8379
4818,8380
4819,9229
4819,9435
4820,5407
4820,7011
4821,8364
4821,8834
4823,5926
4823,6688
4823,7904
4824,7644
4825,8113
4826,6751
4826,6910
4826,7339
4826,8058
4828,5626
4828,6330
4829,8710
4829,9862
4830,4850
4830,5263
4831,6115
4831,9549
4832,5831
4832,6278
4832,7428
4832,7918
4832,8552
4833,5578
4834,5176
4835,5217
4835,5583
4836,5026
4836,5428
4836,5488
4836,9846
4838,6262
4838,6651
4839,6406
4839,7759
4839,8415
4840,6001
4840,6829
4840,6993
4840,9906
4841,5664
4842,5489
4842,5871
4842,9766
4843,5440
4843,9090
4843,9994
4844,5421
4844,5854
4844,8754
4845,6804
4846,5722
4846,5952
4846,6309
4846,6448
4846,6980
4846,7668
4846,9371
4846,9687
4846,9793
4847,5244
4848,6208
4848,7605
4848,7959
4849,5834
4849,8966
4849,9457
4849,9682
4850,4871
4850,8788
4851,4910
4851,8785
4851,9369
4851,9686
4852,4928
4852,7865
4853,4865
4853,6239
4854,5957
4854,6278
4855,4980
4855,5579
4855,9695
4856,5138
4856,6669
4856,7626
4856,8840
4857,5773
4857,5774
4858,8572
4859,5756
4859,6605
4860,9188
4861,5115
4861,6505
4861,8344
4861,8468
4863,6799
4864,4951
4864,4985
4864,5664
4864,6482
4864,6721
4864,8468
4866,7473
4867,5890
4867,6179
4867,6194
4867,8626
4868,6119
4868,8170
4868,8188
4868,9085
4869,8360
4870,5258
4870,5462
4870,5707
4870,6755
4870,9558
4872,4923
4872,5357
4872,5623
4872,5895
4872,6247
4872,6983
4872,8102
4873,5911
4875,7305
4876,4930
4876,5414
4876,7623
4876,9831
4877,4951
4877,6535
4877,7133
4877,8592
4877,9758
4878,6389
4878,6792
4879,8470
4879,9292
4880,5867
4880,6354
4880,6487
4880,7706
4880,8547
4880,9108
4882,9043
4882,9316
4883,6456
4883,9005
4883,9349
4884,6343
4885,7388
4886,6181
4886,7681
4887,7762
4889,7947
4890,4924
4891,5124
4891,7625
4892,5234
4892,5260
4894,7578
4894,9286
4895,8286
4895,8623
4896,7645
4896,8243
4896,9139
4897,7293
4897,7624
4897,7646
4897,8155
4898,8754
4898,9471
4899,5345
4899,6167
4899,6714
4899,7350
4900,5583
4900,5811
4901,5801
4901,6039
4902,7548
4904,5927
4904,8668
4905,9075
4905,9199
4907,6792
4908,5621
4908,5724
4908,6548
4908,8577
4909,7480
4909,9772
4910,7649
4910,9542
4912,9045
4912,9151
4913,6681
4915,6446
4916,5100
4916,5616
4916,6044
4916,8106
4917,5022
4917,6244
4918,6301
4918,6813
4918,8838
4919,5356
4919,6939
4919,7702
4919,9611
4919,9824
4920,9429
4921,5034
4921,5374
4921,6218
4921,8192
4922,9476
4923,5246
4923,7128
4923,9577
4925,7088
4925,7587
4928,5307
4928,9292
4929,8395
4930,8708
4931,7306
4931,9236
4932,5566
4932,9016
4932,9200
4933,5539
4933,5811
4934,5304
4934,7704
4934,7861
4934,8906
4935,5670
4935,6012
4936,5906
4936,8756
4937,7635
4938,5267
4938,8361
4939,6878
4940,5193
4941,5945
4941,6989
4941,8312
4941,8932
4942,7702
4943,4958
4943,8106
4943,9347
4944,5243
4944,7905
4945,7029
4946,5594
4946,7667
4947,5006
4948,6463
4949,5233
4949,5281
4949,7437
4950,5198
4950,7097
4950,9048
4951,5097
4952,5083
4952,6572
4952,9483
4953,6449
4953,7512
4954,6885
4955,5887
4955,9684
4956,6160
4957,5172
4957,5224
4957,5555
4957,6884
4958,7020
4958,9887
4959,5171
4959,5474
4959,9531
4960,9886
4961,8729
4963,6691
4963,6861
4963,7075
4963,7815
4963,8297
4963,9947
4964,6535
4965,7283
4965,7953
4966,6029
4967,6274
4967,7271
4967,8301
4968,5047
4968,5350
4968,5947
4968,7617
4969,5407
4969,7556
4969,7761
4970,9164
4971,6591
4971,8022
4973,9487
4974,8808
4974,9418
4976,7494
4976,8875
4977,7660
4977,8450
4978,7316
4978,9364
4979,9535
4982,5082
4982,8561
4982,9648
4983,8073
4983,8335
4984,6414
4985,5024
4985,6538
4985,6666
4985,9112
4987,5986
4987,6103
4988,6667
4988,8276
4989,6340
4989,8483
4990,5591
4990,5883
4990,9025
4990,9712
4991,6769
4991,6801
4991,7013
4991,7736
4991,7874
4992,6119
4992,6809
4992,7312
4992,9574
4993,7707
4993,9761
4994,7069
4995,7505
4996,5009
4996,6336
4996,6637
4996,7945
4996,9041
4997,7890
4997,9886
4998,6111
4998,8915
4998,9351
5000,8613
5001,5314
5001,8413
5002,5569
5002,6819
5002,9174
5003,8593
5003,8959
5006,5704
5006,6326
5006,6493
5006,9073
5007,5896
5007,9201
5008,7273
5009,5501
5010,5507
5010,6730
5010,7784
5011,6109
5012,6125
5012,8256
5013,7365
5013,8253
5013,9708
5015,5027
5015,5451
5016,6808
5016,7766
5016,8439
5017,5050
5017,5291
5017,5881
5017,6288
5017,7457
5017,7866
5017,8134
5017,9733
5018,5134
5018,6351
5018,7471
5018,8733
5019,8748
5020,5875
5021,6606
5021,8616
5021,9051
5022,8452
5023,6997
5023,7758
5024,8539
5025,8538
5026,8700
5027,9382
5028,5490
5028,7788
5029,5602
5030,5466
5030,7777
5031,7188
5031,8771
5031,9100
5032,7861
5033,9036
5034,5520
5034,5780
5034,8318
5035,5324
5036,6712
5036,7197
5036,8553
5036,9409
5036,9547
5037,5595
5037,6016
5037,8193
5039,5871
5040,5605
5040,7230
5040,7607
5041,5465
5041,9922
5042,5455
5042,5504
5042,6874
5042,8691
5044,6976
5044,8170
5044,8300
5044,8787
5044,9940
5045,7468
5045,9440
5045,9876
5046,8361
5046,8550
5046,9936
5047,5078
5047,5370
5047,5639
5047,9833
5048,5621
5048,6186
5048,6358
5048,9388
5049,5052
5049,5212
5049,6223
5049,6929
5049,8525
5051,5466
5051,6467
5051,6478
5052,7888
5053,6221
5053,6324
5054,5079
5054,5105
5054,5715
5054,8101
5054,8317
5054,9653
5055,5735
5055,5985
5055,9786
5056,6286
5056,8753
5057,5289
5057,8620
5059,5434
5059,6396
5059,7701
5060,7446
5060,9825
5061,5488
5061,9261
5061,9394
5063,6363
5063,6593
5065,5724
5065,8503
5066,6763
5066,7347
5067,6858
5067,8303
5068,6429
5068,7451
5071,5225
5071,7502
5071,8653
5071,9765
5072,8064
5073,5230
5074,5096
5074,6482
5074,7315
5074,8321
5075,7745
5076,7793
5076,9029
5076,9840
5077,5313
5077,6262
5077,9354
5078,9516
5079,6117
5079,6322
5081,5347
5081,6940
5082,5357
5083,6189
5083,9034
5083,9099
5083,9372
5084,7116
5085,5460
5085,6399
5085,9739
5087,8639
5088,7096
5088,8135
5089,7851
5089,9358
5089,9792
5090,5655
5090,9432
5091,5705
5091,8574
5093,5151
5093,8210
5094,6038
5094,6201
5094,7038
5095,6324
5095,6332
5095,7488
5096,5123
5096,7365
5097,9296
5098,7049
5099,6641
5099,7644
5099,8898
5099,9735
5100,5329
5100,9050
5102,5122
5102,5560
5102,5671
5102,6659
5102,8703
5103,5826
5104,5169
5104,5619
5104,6634
5104,7438
5104,8643
5104,9573
5105,5113
5105,5678
5105,6506
5105,6509
5105,8314
5106,5682
5108,6220
5108,7889
5108,9260
5109,5321
5110,5732
5110,9189
5111,6411
5111,9725
5112,9790
5114,6934
5114,9212
5114,9399
5115,5297
5115,6072
5115,7002
5115,7126
5115,7793
5115,7796
5116,6020
5116,8659
5117,6542
5117,8049
5118,5665
5118,6389
5118,8447
5118,9857
5119,9366
5121,5993
5121,7512
5121,8065
5122,6566
5122,7568
5124,5479
5124,6323
5124,8057
5125,5554
5125,6412
5125,6727
5125,7417
5125,8576
5125,9850
5126,5170
5126,7889
5126,9675
5127,6955
5128,6157
5128,6512
5129,6116
5129,6180
5129,6446
5129,9516
5130,8846
5130,9628
5130,9906
5131,7389
5131,9546
5134,5317
5134,5874
5134,9104
5135,9964
5136,8046
5136,9568
5137,6267
5138,5867
5138,5918
5138,6848
5139,7877
5139,7974
5139,9821
5141,6009
5141,6470
5141,8830
5142,8603
5144,5537
5144,8950
5145,5408
5145,9472
5146,5984
5147,6696
5148,5325
5148,5344
5148,6896
5149,7856
5151,6291
5151,7849
5151,9633
5152,7306
5152,9192
5153,6339
5154,5445
5155,6731
5155,7087
5156,5589
5156,6716
5156,7156
5156,8277
5157,8160
5157,9040
5158,5326
5158,5449
5158,6020
5158,6652
5158,9358
5158,9534
5159,6207
5159,8930
5160,5669
5160,9944
5161,5321
5161,6524
5162,5536
5162,6144
5162,8855
5163,6174
5163,9462
5164,6659
5164,6972
5164,8583
5167,8671
5167,9153
5168,5690
5168,8459
5169,5634
5169,6781
5169,7789
5170,6063
5170,8851
5170,9322
5171,5437
5171,5820
5173,6981
5173,7515
5174,6245
5174,8220
5175,5747
5175,6519
5175,6775
5175,7311
5175,7662
5176,6623
5177,6009
5177,7341
5177,9967
5178,9718
5179,7969
5179,8239
5179,8561
5179,8991
5180,5311
5180,6400
5181,7672
5182,5289
5182,7542
5183,9087
5184,5484
5184,9816
5185,8141
5185,8665
5186,5581
5186,6837
5186,7053
5186,9742
5187,8781
5189,5477
5189,5657
5189,6341
5189,7108
5191,5954
5191,9262
5193,7399
5193,9869
5194,5686
5194,6622
5195,5570
5195,6621
5196,9230
5197,6446
5197,6823
5197,6957
5197,7705
5199,6802
5199,7161
5201,8442
5203,5299
5203,5836
5203,6953
5204,5270
5204,6344
5205,6853
5205,9517
5206,7550
5206,7627
5207,5923
5207,6266
5208,7125
5208,8785
5208,8973
5209,5681
5209,8233
5210,6289
5210,7354
5211,7618
5211,9210
5212,8834
5213,5512
5213,6035
5214,7092
5215,5418
5215,6881
5215,7628
5215,7848
5217,5494
5217,6296
5217,7361
5217,9133
5217,9559
5218,9670
5219,6306
5219,8600
5220,6656
5221,8522
5221,9803
5222,5873
5223,5665
5223,7071
5224,5241
5224,8731
5225,8150
5225,9867
5226,8326
5226,8949
5226,9305
5228,5655
5228,8543
5229,6468
5229,9157
5230,6196
5230,7700
5230,9707
5231,5707
5232,6177
5232,6275
5234,5290
5234,6297
5234,7441
5234,9692
5235,5559
5235,6818
5235,9063
5236,5382
5236,6987
5236,9706
5237,6827
5238,5479
5239,6351
5239,6842
5240,5886
5240,8226
5240,8353
5241,8150
5242,9000
5243,7980
5244,7711
5244,7747
5245,7838
5245,9872
5246,5763
5246,7689
5247,6033
5247,9009
5248,5607
5248,6392
5248,6500
5249,7333
5250,7520
5251,6129
5251,7246
5252,6099
5252,6496
5253,6589
5253,7665
5255,7239
5255,8038
5255,8772
5256,8058
5256,8820
5256,9639
5257,9027
5258,8242
5259,6881
5260,6670
5260,8356
5261,8591
5262,5894
5262,9835
5263,6065
5264,5945
5264,6911
5264,8350
5265,9083
5266,7908
5267,5786
5267,6653
5267,6675
5267,7662
5267,9790
5269,6027
5269,8645
5270,5673
5270,7029
5271,5766
5271,7214
5272,6216
5272,6954
5273,5923
5273,7891
5274,6515
5275,6725
5276,7500
5276,9275
5279,6172
5279,6525
5279,7755
5279,9513
5280,6333
5280,8346
5280,8421
5280,8947
5280,9357
5281,6057
5281,9952
5284,5878
5284,9007
5284,9456
5285,6596
5285,7301
5285,9065
5286,6121
5287,5362
5287,8281
5287,8433
5288,7377
5288,9763
5289,5568
5289,9324
5290,6945
5290,9111
5291,5477
5291,6960
5292,6099
5293,7173
5294,5485
5294,6526
5295,5364
5296,8999
5297,6797
5297,6931
5297,7430
5297,8113
5297,8380
5298,7943
5298,7962
5298,8679
5298,9772
5299,6851
5300,9396
5301,5351
5301,6601
5301,7709
5302,5668
5302,9416
5303,5767
5303,6994
5303,8308
5304,7948
5305,6995
5305,7060
5306,6215
5306,6399
5306,6540
5306,7946
5306,7983
5307,6129
5307,6300
5307,7615
5307,9905
5308,7500
5308,8847
5308,8878
5309,7294
5311,6520
5311,7241
5312,7848
5312,9313
5313,5393
5313,6686
5314,5513
5314,6750
5314,7577
5314,9202
5315,5477
5315,5553
5315,8725
5316,8066
5317,7211
5317,8844
5318,9803
5319,6845
5319,7861
5321,5704
5321,6220
5321,8012
5322,5983
5322,6123
5322,7843
5322,8701
5322,9121
5323,5900
5324,7901
5325,7232
5326,7304
5328,5509
5329,5552
5329,5972
5330,5377
5330,5586
5330,6224
5330,6873
5330,7417
5330,8040
5330,8683
5331,6052
5331,8002
5331,8276
5332,6463
5333,5526
5333,6968
5333,7229
5333,7330
5333,9581
5334,8271
5334,9132
5334,9172
5335,6949
5335,7101
5335,8018
5335,8622
5336,6663
5336,9852
5337,7112
5337,7487
5337,7604
5337,7960
5337,8263
5337,9775
5338,8130
5339,6895
5339,9137
5339,9185
5340,5819
5341,6205
5342,6838
5342,6867
5342,7403
5343,7185
5343,7813
5344,8851
5344,9873
5345,6411
5346,7960
5346,7978
5346,8194
5346,8606
5347,5911
5347,8229
5348,7821
5348,8124
5348,8530
5348,8717
5348,8917
5348,9900
5349,6318
5349,7039
5349,8695
5350,5701
5350,8339
5350,9150
5351,6927
5351,7823
5352,5951
5352,6578
5353,5399
5353,7114
5354,6053
5354,8058
5354,9805
5355,8301
5355,9524
5355,9620
5356,6561
5356,9300
5357,5777
5357,6361
5357,6704
5357,7553
5357,9941
5358,6785
5360,5431
5361,8334
5362,5439
5362,6258
5362,6355
5364,9159
5365,8913
5366,6049
5366,7683
5366,9540
5366,9761
5368,6567
5370,6403
5370,8886
5372,5939
5372,8945
5373,7147
5374,6272
5374,7194
5375,5532
5375,9794
5376,5862
5377,6518
5381,8956
5382,5963
5382,7502
5382,8893
5383,9808
5384,7010
5384,7284
5384,8150
5384,8204
5385,7934
5385,9271
5386,7833
5387,6403
5387,9393
5387,9478
5387,9884
5388,6124
5388,8345
5389,6329
5389,7329
5389,7379
5393,6600
5393,8040
5393,8221
5394,6944
5394,9928
5395,6231
5395,8342
5398,6670
5398,7420
5399,7535
5399,8870
5400,6944
5400,7485
5401,6040
5401,8574
5402,8483
5404,8910
5404,8994
5405,7060
5405,8162
5406,6353
5408,5447
5408,6058
5408,7431
5408,8332
5408,9462
5409,6048
5409,6575
5410,7469
5411,7608
5411,8066
5411,8318
5413,7709
5414,5528
5414,6565
5414,7734
5416,5888
5416,6140
5416,6750
5416,8803
5417,5471
5417,5621
5418,5818
5419,7419
5420,6620
5420,9169
5423,5988
5423,7632
5424,5779
5424,6800
5425,7857
5426,9491
5428,8432
5429,5745
5429,6310
5429,7706
5429,9090
5430,6430
5430,6921
5430,8747
5431,6320
5431,7235
5432,5968
5432,7115
5433,6189
5434,6998
5434,7669
5436,6746
5436,8411
5436,8601
5436,9531
5437,6388
5439,6124
5439,8499
5440,6582
5440,6625
5441,6716
5441,7984
5441,9042
5442,7008
5443,7111
5443,8350
5445,6625
5445,7168
5445,7518
5447,8093
5447,8589
5447,9489
5448,5790
5449,9511
5450,7219
5450,7417
5452,5611
5452,8831
5452,9785
5453,6338
5453,6521
5453,7742
5453,8205
5453,8852
5454,8814
5455,6472
5456,5753
5456,5755
5456,6103
5457,7472
5459,5500
5459,7484
5459,7493
5459,7893
5459,9452
5461,5706
5463,8745
5464,8238
5465,5560
5465,9179
5466,5770
5466,7023
5467,5855
5467,8865
5468,6135
5468,7486
5469,7562
5470,6071
5470,6414
5471,6660
5472,6268
5472,7906
5472,7927
5472,8952
5473,5540
5473,8557
5475,9351
5476,5625
5477,9038
5478,5597
5478,5916
5479,6953
5480,6519
5481,8179
5481,9407
5482,6518
5482,8547
5483,9971
5485,6255
5485,6440
5485,6893
5485,6973
5486,6831
5487,7144
5487,8068
5487,8976
5488,6282
5488,7177
5489,8147
5492,8476
5492,8742
5494,7026
5494,7853
5495,5917
5495,7740
5496,7536
5496,8473
5497,7684
5497,7888
5498,5750
5498,6198
5498,6240
5498,6377
5498,6688
5498,6895
5498,7556
5500,6737
5500,7593
5501,6432
5501,7258
5501,7566
5501,7870
5502,6459
5503,6891
5503,7218
5503,7872
5504,6759
5505,6272
5505,8556
5505,8875
5505,9610
5506,9242
5507,6636
5507,7138
5507,7769
5508,8755
5509,7035
5509,7937
5510,6121
5510,6794
5511,7009
5512,6672
5512,9292
5515,6044
5515,8161
5515,8479
5516,6046
5516,6849
5516,8735
5516,9677
5516,9807
5517,8794
5517,9140
5519,5726
5521,8766
5522,6619
5522,8036
5523,7353
5524,7621
5525,6441
5525,7394
5525,9853
5528,8122
5529,5990
5529,7502
5530,5611
5530,6345
5530,6562
5530,7911
5531,6502
5531,6521
5531,8515
5532,6109
5532,8470
5533,5577
5533,6134
5533,6373
5533,7802
5534,7376
5536,5994
5536,6317
5536,8521
5537,9795
5538,6603
5538,6892
5538,8029
5539,7426
5539,9856
5539,9969
5540,6415
5541,6946
5542,8873
5543,7439
5543,7726
5544,9898
5545,6328
5545,7597
5545,9160
5546,6732
5546,7119
5547,9008
5547,9935
5548,5675
5548,8600
5549,6783
5550,6250
5550,7594
5551,6304
5551,6933
5551,7141
5551,9852
5552,6790
5552,9659
5554,6521
5556,8110
5557,7807
5557,8833
5559,7201
5560,5700
5560,7443
5562,5716
5562,5901
5562,6847
5563,9389
5564,6741
5564,8363
5564,9359
5566,5886
5567,5849
5567,8590
5568,6694
5568,7180
5569,7096
5569,7611
5570,6678
5571,6343
5571,7598
5571,8669
5573,6151
5573,6678
5573,7318
5573,8731
5573,9299
5574,5800
5574,6428
5574,7543
5574,7569
5575,6279
5576,6935
5576,9372
5576,9449
5577,7728
5578,6360
5580,6206
5581,5961
5581,7415
5581,7906
5582,6568
5582,8542
5583,6488
5583,7957
5585,6138
5585,7252
5586,5612
5586,6335
5586,9020
5587,5997
5588,9853
5589,7009
5589,8296
5589,9603
5590,6637
5591,6031
5591,8447
5591,8832
5592,6008
5592,7544
5594,6720
5595,7530
5596,5890
5596,7047
5596,7727
5596,8680
5597,5711
5597,6447
5597,8903
5597,9224
5598,6136
5598,8042
5598,9566
5599,6786
5599,8587
5600,8694
5601,7399
5602,6728
5602,7270
5603,9036
5604,6120
5604,6503
5604,6518
5604,7446
5605,6576
5605,7179
5605,7461
5605,8386
5606,7280
5606,8768
5607,9069
5607,9559
5608,6367
5609,5766
5609,8357
5611,6988
5612,5993
5612,7127
5613,6194
5613,9305
5616,6592
5616,7801
5617,6085
5617,6172
5617,6406
5618,7592
5618,7785
5619,7422
5619,9539
5620,5999
5621,6280
5621,6343
5621,8351
5622,5843
5624,6077
5624,7154
5624,7893
5625,6859
5625,9719
5626,8801
5627,5882
5627,6409
5627,6478
5629,8113
5629,8901
5629,8982
5630,7564
5630,7982
5631,6060
5631,6669
5631,8482
5632,8687
5632,9460
5633,7537
5633,7790
5634,5806
5634,8559
5635,6412
5635,7207
5635,7559
5635,9833
5639,7118
5639,8416
5640,5776
5640,7308
5640,9800
5641,5722
5641,6466
5642,7914
5642,8277
5643,5964
5643,9752
5644,7320
5646,5958
5646,6063
5647,7774
5648,7159
5648,9353
5650,5827
5650,5854
5650,6762
5650,7021
5650,7120
5650,9026
5651,9130
5652,5887
5652,5958
5652,8667
5652,8774
5653,7378
5653,8283
5653,9057
5654,7963
5655,6055
5655,7194
5655,9040
5656,8683
5657,5881
5657,7490
5657,8474
5658,6937
5659,7128
5659,9927
5659,9984
5660,7668
5660,7778
5661,9135
5662,6879
5663,6286
5663,6435
5663,7397
5664,7006
5665,5735
5665,6197
5665,7854
5665,7957
5665,8085
5665,8130
5666,6026
5666,6128
5666,8412
5666,9444
5667,6392
5667,8908
5667,9150
5668,6388
5668,6899
5669,7319
5669,8387
5669,9559
5670,7736
5671,7040
5671,7392
5671,7404
5672,6043
5672,7430
5673,8096
5674,6243
5675,5873
5675,9193
5676,7745
5678,6894
5678,8131
5678,9838
5680,9099
5681,5977
5681,6840
5681,7215
5681,9959
5682,6719
5682,7673
5683,7021
5683,7512
5684,6359
5684,7348
5684,8454
5685,7817
5685,8736
5686,7087
5686,7462
5686,8045
5686,9405
5687,5919
5687,8245
5688,5698
5688,6152
5688,8180
5689,6141
5689,8143
5689,8569
5689,9685
5690,6564
5690,7175
5690,8174
5691,7445
5691,8469
5692,8255
5693,6119
5693,6302
5693,6677
5693,7299
5693,7773
5693,9122
5694,6014
5695,6132
5696,8101
5697,8013
5698,7791
5699,5824
5699,6212
5699,8425
5700,5924
5700,6211
5700,6778
5700,8528
5701,5877
5704,6228
5704,7720
5704,9633
5705,6118
5705,7506
5705,8797
5706,7871
5707,6593
5708,7959
5709,6546
5709,7081
5710,5850
5710,6936
5710,8392
5711,8155
5712,6712
5712,9844
5713,6449
5713,8036
5713,9675
5715,6995
5716,5820
5716,7239
5717,5900
5717,9771
5719,5841
5719,6225
5719,8722
5719,8791
5720,9645
5723,7743
5725,6486
5726,5807
5726,6395
5727,6728
5728,6571
5728,7061
5728,9668
5729,6205
5729,8071
5730,5827
5731,6559
5732,6056
5733,7162
5734,7176
5736,7506
5737,5800
5737,5969
5737,7844
5737,7981
5737,9536
5738,6534
5738,7401
5739,5930
5739,6328
5740,5962
5740,8399
5740,8456
5741,9359
5742,6993
5742,7042
5742,9361
5744,8228
5745,7915
5746,5989
5746,7430
5746,8625
5747,5984
5747,8157
5747,9653
5748,7458
5748,9677
5748,9849
5749,5778
5750,8820
5754,6065
5754,7782
5756,8444
5757,6871
5757,9138
5757,9477
5758,9604
5758,9846
5759,6532
5760,6137
5760,6571
5760,8647
5761,7746
5761,8317
5762,6929
5762,9525
5764,7640
5764,7826
5764,9571
5765,7432
5765,9797
5767,7081
5767,9102
5768,6391
5768,6624
5768,8309
5768,9585
5769,8012
5770,8225
5771,8151
5772,6982
5772,7179
5773,6514
5774,8326
5775,8420
5775,9247
5775,9859
5777,6284
5777,8259
5777,8499
5778,8930
5779,9738
5780,8228
5781,6418
5782,7816
5784,5967
5784,6902
5784,8358
5785,6552
5785,8541
5786,6481
5786,8854
5787,6331
5787,9543
5787,9590
5789,5970
5789,7843
5789,8584
5790,6315
5792,8943
5793,7047
5794,7490
5795,7073
5795,8310
5795,8791
5795,9872
5796,5809
5796,6105
5796,9605
5798,6607
5798,7756
5798,8324
5799,7818
5799,7828
5799,8633
5800,7677
5800,8816
5800,9584
5801,6175
5801,7722
5801,9110
5801,9775
5802,6862
5802,7017
5802,7754
5802,9209
5803,7800
5804,7220
5805,6901
5805,6905
5807,7884
5808,7288
5810,7811
5811,6062
5811,7143
5811,8946
5811,9608
5812,8730
5812,9033
5813,8599
5814,5855
5814,5856
5814,8921
5815,7291
5815,8513
5816,7710
5817,7623
5817,8765
5817,9529
5819,6426
5819,6710
5819,6975
5820,6702
5820,7275
5820,8933
5821,7658
5822,6219
5823,8758
5824,8429
5825,6918
5825,9476
5826,6805
5826,7705
5827,7288
5828,7068
5829,5999
5829,6685
5830,7501
5831,6827
5831,8290
5831,9922
5832,6492
5833,7363
5835,7584
5835,7958
5835,8718
5835,8821
5835,9362
5836,6977
5836,7510
5836,9136
5837,6473
5837,7323
5837,7675
5838,6216
5838,8581
5839,8327
5839,9932
5842,5870
5842,5891
5842,6011
5843,9582
5844,7961
5845,6418
5845,7246
5845,8558
5845,9390
5846,6294
5846,6621
5848,6105
5848,6626
5848,7471
5848,9007
5848,9501
5849,9421
5850,8437
5850,9772
5852,8427
5853,5913
5854,7744
5854,9279
5855,6167
5856,6944
5857,5965
5859,7151
5859,9500
5860,7322
5860,7843
5860,8118
5861,6649
5862,9327
5864,6143
5865,6100
5865,6390
5866,7979
5866,8874
5867,6324
5867,8767
5868,7913
5868,9219
5869,9572
5870,6574
5870,7504
5870,8736
5870,8787
5870,9251
5872,6166
5872,7836
5874,8457
5874,9652
5875,6114
5877,6420
5878,5946
5878,7022
5879,7476
5880,8372
5880,9683
5881,6071
5881,6187
5882,7242
5884,6822
5886,6747
5888,8533
5889,6794
5889,7728
5890,7282
5890,7409
5891,6126
5891,8010
5891,9404
5892,8663
5892,9663
5893,6788
5894,8805
5897,8981
5898,8542
5900,6754
5900,8160
5900,8837
5901,6487
5901,6914
5901,9928
5904,6249
5905,6922
5905,8234
5905,8643
5905,9934
5906,7370
5906,8114
5906,9162
5906,9307
5907,8011
5907,9413
5907,9493
5909,6682
5910,8119
5910,8443
5910,9189
5910,9330
5912,9531
5913,6043
5913,7097
5913,9112
5914,7762
5915,7019
5917,7469
5917,7809
5919,6961
5919,7073
5920,6635
5920,9816
5921,6917
5921,8570
5923,7268
5924,6408
5924,6528
5924,6773
5924,7917
5925,6511
5926,9946
5927,6209
5928,9196
5930,6413
5930,9958
5931,9042
5931,9341
5932,6381
5932,6579
5932,8114
5932,9147
5933,6318
5933,6812
5933,7428
5933,7782
5934,6084
5934,6215
5935,7146
5935,8768
5936,6651
5937,7882
5937,8832
5938,6443
5938,6914
5938,7617
5938,9139
5940,8159
5941,6184
5941,6236
5941,6826
5942,6877
5943,6039
5943,6837
5943,9030
5944,6345
5945,7823
5947,6173
5948,6156
5949,7812
5949,8172
5950,8788
5952,7062
5952,9755
5953,8914
5953,9961
5954,9367
5957,8448
5959,6538
5959,8007
5962,6054
5963,9001
5964,9560
5966,6634
5966,8300
5967,8325
5968,6616
5968,9070
5968,9148
5968,9644
5969,7257
5969,8707
5971,6407
5972,8656
5973,7885
5973,8373
5974,6951
5975,9288
5976,8801
5978,6350
5978,7492
5978,8292
5978,9731
5980,7813
5981,6686
5981,6926
5981,7648
5982,6576
5982,6977
5983,7189
5984,6769
5984,7960
5985,6013
5985,6876
5986,6745
5986,7054
5986,8455
5987,7786
5988,9795
5989,7199
5990,9228
5991,8551
5991,8995
5993,6264
5994,6298
5994,9425
5996,9820
5996,9885
5997,6892
5997,7710
5997,9558
5998,6153
5998,9238
5999,6251
5999,9347
6000,6061
6000,9580
6001,9678
6002,6614
6002,7106
6002,7655
6002,9607
6003,7014
6003,9458
6005,6227
6006,6144
6006,6250
6006,6482
6006,7719
6006,9405
6007,9688
6008,9560
6009,6923
6011,7922
6011,8143
6011,8500
6012,7870
6014,7964
6014,8115
6014,8186
6016,8786
6016,9738
6018,6938
6018,7408
6019,6920
6019,8095
6019,8411
6020,9577
6022,6105
6022,6912
6023,6586
6023,7229
6024,7346
6024,7869
6025,9026
6026,6408
6026,9273
6028,6810
6028,7945
6029,6128
6029,9571
6030,6988
6031,6770
6035,7792
6036,9707
6037,8063
6037,9880
6038,6460
6039,6138
6039,7036
6039,8436
6040,9842
6041,9600
6043,6479
6043,7814
6044,6573
6044,7628
6044,8084
6044,9618
6045,6587
6046,6144
6047,7060
6047,7126
6048,6431
6048,6486
6048,6766
6049,8763
6051,6582
6051,7275
6051,9839
6051,9985
6052,8287
6053,6940
6053,8737
6054,6569
6054,7582
6055,6743
6056,8678
6056,9858
6057,8235
6059,7461
6060,9771
6061,6325
6062,9170
6063,6097
6064,6983
6064,7314
6064,8985
6064,9596
6065,6355
6065,6372
6067,7568
6067,8478
6067,9061
6068,7269
6069,6908
6069,7172
6069,9681
6070,7107
6070,7426
6070,8806
6071,9326
6072,7204
6072,7850
6072,8580
6074,6498
6074,8431
6075,7454
6075,8676
6075,8951
6076,6731
6076,9054
6077,8580
6077,8765
6078,7077
6079,9919
6081,9801
6081,9924
6083,9004
6085,8240
6085,9518
6086,7983
6086,8683
6086,9957
6088,8456
6089,6436
6090,8871
6092,6600
6092,7052
6092,8714
6092,9429
6093,6445
6093,9397
6094,7580
6095,6654
6095,9694
6096,8714
6097,6407
6097,7390
6097,7829
6098,6134
6098,9200
6100,8205
6102,6715
6102,8067
6104,9464
6106,7534
6107,7329
6107,8793
6107,9155
6108,6690
6108,8540
6109,6271
6109,8320
6109,9008
6112,6672
6112,9633
6113,8198
6114,6788
6115,7899
6115,8107
6116,7437
6117,6619
6117,7090
6118,7050
6118,8070
6120,8769
6122,8104
6123,9096
6123,9574
6124,9745
6126,7483
6126,9182
6127,6138
6127,6304
6127,7859
6128,6465
6128,6561
6129,6168
6129,8385
6130,7037
6130,8557
6131,6247
6131,6857
6131,8427
6132,6841
6133,8686
6134,8614
6134,9765
6135,8323
6136,6812
6136,6999
6137,8488
6137,9942
6138,6276
6138,7524
6139,6527
6139,8800
6139,9592
6140,6305
6141,7238
6142,7810
6143,6335
6143,6540
6143,8262
6144,6431
6144,8321
6145,9010
6147,7651
6147,8443
6148,6562
6148,6568
6148,9869
6149,9400
6151,6776
6153,6950
6154,9971
6155,7732
6155,8263
6156,6767
6157,7303
6157,8773
6157,8995
6158,7533
6158,7889
6158,8073
6159,7476
6159,8328
6159,8670
6160,6565
6160,6674
6160,8382
6161,9257
6162,6506
6163,8550
6163,8912
6164,6717
6164,6806
6164,7773
6164,8475
6164,8909
6165,6286
6165,6902
6165,6908
6165,7563
6165,9993
6166,6838
6166,8585
6166,8689
6167,6802
6167,8269
6169,7517
6169,7551
6170,7387
6170,7782
6170,8069
6170,8725
6171,6573
6172,7264
6172,9019
6172,9620
6173,7088
6175,7611
6175,9554
6176,7065
6176,8472
6176,9075
6177,6253
6177,7718
6177,8212
6179,8445
6180,7570
6180,8779
6180,9072
6180,9367
6181,7936
6182,8138
6182,8241
6182,9652
6183,7109
6184,8559
6186,6416
6187,6776
6187,7225
6189,7145
6190,7096
6191,7104
6192,9290
6194,6581
6194,9904
6195,8492
6196,7549
6197,6547
6197,6676
6198,7466
6199,6847
6199,9924
6200,8505
6201,9595
6202,6380
6202,6646
6203,8918
6204,6464
6204,6479
6204,8564
6204,8927
6205,8616
6205,9206
6206,9485
6207,6461
6207,9110
6208,6321
6208,6360
6209,6629
6209,8183
6210,6502
6210,7036
6212,6987
6212,8658
6212,9012
6213,6356
6213,9788
6214,6912
6214,9404
6215,6773
6215,7775
6215,9216
6216,8672
6218,8532
6218,8576
6218,9416
6218,9461
6221,8507
6222,9826
6223,8013
6223,9077
6225,6875
6225,7559
6225,8075
6230,6983
6230,7319
6230,9350
6232,9936
6233,6822
6233,7568
6233,7858
6233,8432
6235,7577
6236,9212
6237,8795
6238,8032
6238,8102
6238,8828
6238,9444
6239,7612
6240,7938
6240,8913
6241,6578
6242,8925
6243,8652
6244,8285
6245,7993
6245,8354
6246,9191
6247,7031
6247,8076
6248,7610
6248,8762
6248,9769
6252,8540
6256,7692
6256,8797
6256,9304
6257,6896
6258,7075
6258,8565
6259,6779
6259,8920
6260,7530
6260,9337
6261,7160
6262,6863
6262,8893
6263,7971
6265,6558
6265,9812
6266,7100
6266,7206
6268,6952
6268,7249
6268,9012
6270,9585
6271,6379
6271,7610
6272,6989
6272,7123
6272,7447
6272,7769
6272,9211
6272,9618
6272,9821
6273,7048
6273,8968
6274,9533
6275,8997
6275,9327
6276,6368
6277,6588
6278,6299
6278,6448
6278,6729
6279,6374
6280,9454
6281,6596
6282,8157
6282,8890
6282,9916
6283,7260
6284,6546
6284,6942
6285,7135
6286,6362
6286,7878
6286,8062
6288,6802
6289,6631
6289,7533
6289,7641
6289,7654
6290,6502
6290,8379
6290,8404
6291,7052
6291,9962
6293,6314
6294,7855
6295,7233
6295,9256
6296,8898
6297,7427
6298,7152
6298,7526
6298,8126
6299,8307
6299,9681
6300,8165
6301,6594
6302,8206
6303,9674
6304,6889
6305,9825
6307,7570
6309,9714
6310,7466
6310,7783
6310,8377
6310,8679
6311,8338
6312,6524
6312,7501
6312,8842
6312,9131
6313,6586
6313,7551
6313,9161
6314,7217
6314,8119
6314,9846
6315,6764
6315,7352
6315,8137
6315,8627
6317,8992
6317,9553
6318,9384
6320,8061
6321,7311
6321,8987
6322,9241
6323,8103
6325,6974
6325,8944
6326,7137
6327,9757
6328,8883
6328,9479
6329,7508
6332,6613
6333,8262
6335,7120
6335,7445
6335,8056
6336,6364
6336,7334
6336,7722
6337,6793
6337,8840
6338,9495
6339,7966
6341,8558
6342,6441
6343,8978
6345,7874
6346,7727
6347,7398
6349,6667
6349,9410
6350,9992
6352,9551
6353,9135
6353,9198
6358,9510
6359,7776
6360,7450
6360,8460
6360,8647
6361,6472
6361,8767
6362,9171
6365,6815
6366,7226
6367,6949
6367,7383
6367,7975
6367,9143
6367,9548
6368,8310
6368,8564
6369,7084
6369,9303
6371,8085
6372,8500
6373,9796
6374,9080
6375,6508
6375,6856
6375,9185
6376,7574
6377,6400
6377,8594
6378,6765
6379,7389
6379,8761
6380,7799
6381,8534
6382,8638
6386,8406
6389,7162
6389,8615
6390,8885
6390,9712
6391,7025
6392,6903
6392,7747
6392,9146
6393,8900
6393,9003
6393,9665
6394,7535
6394,8120
6394,9129
6395,6753
6395,8951
6395,9512
6396,8839
6398,8008
6399,8421
6399,8838
6400,7095
6401,6558
6401,6955
6401,7416
6401,7624
6401,8785
6402,6574
6403,9204
6403,9706
6404,6788
6404,8050
6406,7249
6407,7567
6407,7611
6407,7734
6407,8690
6409,8661
6410,6878
6410,8589
6411,6545
6411,9584
6413,7493
6413,7546
6413,8413
6413,8445
6414,7494
6414,7809
6414,8433
6415,7571
6416,6509
6416,7160
6416,7930
6416,7989
6417,6461
6418,7975
6418,8145
6421,6451
6421,7122
6421,7576
6421,8628
6421,9452
6422,7367
6422,8562
6422,8883
6422,9094
6422,9865
6424,8428
6425,7585
6426,6931
6427,7355
6427,8438
6429,7830
6429,9233
6429,9945
6430,7315
6430,8957
6430,9141
6430,9468
6431,6933
6431,7232
6432,7873
6432,9411
6434,6797
6434,8094
6434,9441
6435,7536
6435,9983
6436,9398
6436,9415
6437,8451
6438,6843
6438,6973
6438,7367
6438,8631
6439,8274
6440,9470
6441,8926
6441,9451
6443,7619
6443,8336
6444,7105
6445,7267
6450,6455
6451,7117
6451,8266
6452,7981
6452,8868
6454,6713
6455,6866
6455,7441
6457,7965
6457,8471
6457,9372
6457,9997
6458,7986
6458,9412
6463,6943
6464,8681
6464,8775
6465,9423
6466,7811
6466,8238
6467,8492
6467,9086
6468,6645
6468,9732
6470,8144
6472,8494
6475,8688
6476,8904
6477,6982
6477,7127
6477,9741
6479,8030
6479,8577
6479,9467
6481,7144
6483,7602
6483,9129
6485,8872
6486,7452
6486,8256
6486,9856
6488,7978
6488,9322
6489,6793
6489,7166
6489,8265
6489,8563
6490,9438
6492,7545
6492,8154
6492,8880
6495,7504
6495,9496
6497,8822
6498,7276
6498,9240
6498,9503
6499,8700
6499,9245
6499,9950
6500,8607
6501,6871
6501,9426
6502,7654
6502,9343
6503,7779
6503,8434
6508,6975
6508,7191
6508,7693
6508,8617
6509,7278
6510,7521
6511,6925
6511,8703
6512,7117
6512,8941
6513,7316
6513,7676
6515,7988
6515,8541
6517,7133
6517,7234
6519,6864
6521,7061
6521,9848
6522,8337
6523,9232
6523,9301
6523,9390
6523,9615
6526,8107
6527,7237
6527,8462
6528,7285
6528,7730
6529,8209
6529,9486
6530,8686
6531,6971
6531,7069
6532,7475
6533,7164
6535,7408
6535,9153
6535,9271
6536,8014
6538,7850
6538,8548
6539,7936
6541,8640
6542,7447
6543,8602
6547,9316
6549,6842
6550,7083
6552,7383
6552,7622
6552,7929
6554,9727
6556,6618
6556,8101
6556,8365
6557,6982
6557,8055
6557,8565
6558,7363
6559,6612
6559,9929
6561,9109
6562,7605
6563,8203
6563,8408
6564,7831
6565,7672
6566,8672
6567,7503
6569,7338
6570,8108
6571,6845
6571,9932
6572,6741
6573,7907
6575,7777
6576,8173
6576,9281
6577,6695
6577,7760
6577,8471
6578,6848
6580,8700
6581,8991
6583,9806
6584,7603
6584,8849
6585,7349
6585,8597
6586,6822
6586,9068
6588,7815
6589,8248
6590,9049
6590,9657
6592,6749
6592,7030
6592,7135
6592,7257
6592,8807
6593,7628
6595,8566
6595,9383
6597,7864
6597,9864
6601,9254
6601,9628
6602,6925
6603,7780
6603,8891
6606,8647
6607,7630
6607,8820
6607,9678
6609,8532
6610,8459
6610,9124
6610,9773
6611,8543
6611,9028
6612,7259
6612,7511
6614,8592
6615,7109
6615,9533
6616,6883
6616,8320
6616,9193
6617,7276
6617,7711
6621,8732
6622,9514
6622,9689
6623,7907
6623,9346
6624,7163
6624,8041
6624,8778
6625,7150
6626,9865
6626,9941
6628,9272
6629,6640
6629,7448
6630,7637
6630,9641
6631,8124
6631,8393
6632,9598
6632,9857
6633,7583
6633,7705
6633,7827
6633,9131
6635,7294
6636,6729
6638,9696
6639,8128
6639,9297
6642,6974
6642,7351
6642,9900
6643,7198
6644,8340
6645,9453
6646,8374
6646,9137
6647,6824
6647,7756
6648,7196
6648,7265
6648,9788
6650,8269
6651,8722
6652,6928
6653,9433
6655,6715
6657,7191
6657,7256
6658,8579
6659,8597
6660,6963
6661,8724
6661,9258
6662,7146
6662,7362
6664,9728
6666,7932
6666,8462
6667,6701
6667,9580
6668,6758
6668,8933
6669,8011
6669,8376
6669,8789
6669,9409
6670,8408
6671,7268
6672,8191
6673,6720
6674,9704
6675,9737
6676,8093
6678,7513
6679,7421
6680,9114
6680,9289
6681,8193
6681,9721
6682,7746
6682,8590
6682,9494
6685,9697
6687,8845
6687,9874
6689,8099
6690,7302
6690,7718
6691,9023
6692,7372
6692,7435
6693,6902
6693,7251
6693,7486
6693,9548
6696,9240
6699,8496
6700,8636
6701,8014
6703,7156
6704,7968
6704,8089
6704,8185
6704,9209
6704,9707
6705,8479
6706,6733
6706,8988
6706,9000
6707,7434
6709,6880
6709,7863
6709,8396
6709,9970
6710,7085
6711,7322
6712,9313
6713,7560
6713,9901
6717,7974
6718,7291
6718,7772
6718,8635
6719,7282
6719,7638
6719,7639
6722,7924
6722,8246
6722,8267
6724,9700
6726,7001
6727,7074
6727,8352
6728,6836
6728,6898
6728,7853
6729,8626
6730,6880
6732,8116
6733,7070
6733,8760
6734,6969
6736,8179
6736,8445
6736,9050
6737,7526
6737,7871
6737,8487
6737,8907
6738,6749
6739,8319
6740,7645
6740,8088
6740,8430
6741,7074
6741,7712
6741,9024
6742,6966
6743,8579
6745,7423
6749,7902
6749,8315
6749,8608
6749,9195
6752,6786
6752,8394
6752,8646
6752,9231
6752,9579
6754,8213
6758,8390
6758,8586
6759,7038
6760,9101
6762,8053
6762,8511
6763,9649
6764,8821
6765,8420
6766,7970
6766,8772
6768,8918
6770,7956
6772,9048
6773,9300
6773,9717
6774,9764
6776,9999
6777,7778
6778,8156
6779,6858
6779,7681
6783,7852
6783,8840
6784,7346
6784,9322
6785,8059
6786,7993
6786,8847
6787,7444
6787,9428
6789,6978
6789,8100
6789,9937
6790,7301
6790,9796
6791,6911
6793,7826
6793,8084
6793,8945
6794,9006
6795,8345
6795,9179
6796,6878
6798,6986
6798,7377
6799,8682
6799,9185
6800,6953
6800,7522
6801,7719
6802,6905
6804,8018
6804,9628
6806,8073
6808,7122
6809,9269
6810,8034
6810,9338
6810,9828
6811,8178
6812,9120
6816,6970
6818,7933
6818,7939
6819,8140
6821,8384
6823,8046
6823,9074
6823,9721
6824,8947
6826,9190
6829,7007
6829,7137
6830,7035
6830,8675
6834,8348
6835,7160
6835,7264
6838,7340
6838,9497
6839,8431
6839,9859
6841,7401
6841,9854
6842,8899
6842,9092
6843,6952
6843,7308
6845,7902
6846,7157
6847,8955
6848,9415
6848,9526
6848,9662
6848,9755
6849,7457
6849,9943
6850,9134
6851,8794
6852,8397
6852,9233
6854,7680
6854,7749
6854,9654
6858,8776
6860,6903
6860,8185
6861,8623
6861,8943
6862,8332
6862,9857
6863,6919
6863,8465
6864,8485
6865,7557
6865,8631
6867,8941
6868,7557
6868,7915
6871,7993
6872,7565
6872,7867
6872,9578
6874,8147
6874,9175
6874,9710
6875,7855
6875,9881
6877,8105
6877,9877
6878,7776
6878,8766
6879,8314
6879,9630
6880,8270
6881,7649
6881,8238
6883,8480
6883,8953
6885,8617
6888,9612
6889,8674
6890,8554
6892,7219
6892,9561
6892,9956
6893,6979
6893,7189
6893,7605
6894,7635
6895,7570
6901,9479
6901,9851
6902,7153
6902,8022
6905,7896
6905,9855
6906,8087
6906,8676
6907,8251
6908,8670
6909,8948
6910,6942
6910,7596
6910,8145
6911,7742
6911,7817
6913,9251
6915,7183
6915,7248
6916,9313
6917,9113
6917,9757
6918,7956
6919,8055
6921,8329
6921,9642
6924,8848
6926,8931
6926,9267
6927,7575
6927,8319
6927,8335
6928,8796
6929,6972
6929,7978
6931,7325
6931,7963
6931,8016
6931,9327
6931,9644
6933,8240
6933,9993
6934,9509
6936,8223
6936,8835
6938,7362
6939,7863
6939,9529
6940,8381
6941,7955
6942,7080
6943,7197
6943,7262
6944,7449
6944,9266
6944,9858
6946,7337
6946,8340
6946,8642
6947,7228
6948,9049
6949,7319
6951,7004
6952,7631
6953,7613
6953,8466
6954,8246
6955,7474
6955,8502
6955,8815
6956,9374
6958,7449
6958,7875
6958,9015
6962,9103
6964,9022
6965,7440
6965,7730
6965,8164
6965,9357
6966,7082
6967,7202
6968,8469
6969,7560
6971,8061
6975,8382
6976,7198
6976,8020
6976,9127
6976,9527
6977,8749
6978,8031
6980,9144
6980,9235
6982,9455
6983,7481
6983,8271
6984,7950
6984,7964
6984,8155
6984,8621
6984,9902
6986,8057
6986,9267
6987,7495
6988,7014
6989,8220
6989,8697
6990,7640
6990,8537
6990,9913
6991,7259
6991,8764
6993,8389
6994,8419
6996,7693
6996,7736
6996,8676
6997,6998
6997,8441
6998,7690
7001,7432
7002,7355
7002,7837
7003,7282
7003,8593
7005,8348
7005,9269
7006,7018
7006,7696
7006,7713
7007,7807
7010,9386
7011,7829
7011,8189
7012,7977
7013,8618
7013,8693
7014,7356
7015,8286
7016,7846
7019,7156
7020,7845
7020,8535
7020,9506
7025,9909
7025,9968
7026,8743
7026,9379
7027,7914
7031,8160
7032,7375
7033,8366
7033,8381
7033,9381
7034,7048
7034,9519
7036,7110
7036,7529
7037,9186
7037,9375
7038,7718
7043,7216
7043,7758
7043,8709
7043,9807
7046,7491
7049,8415
7052,7436
7054,8836
7057,7337
7058,7802
7058,8248
7059,9062
7060,8841
7061,9746
7063,7556
7064,7729
7064,7814
7064,8893
7068,9809
7069,7181
7069,9839
7070,7548
7070,8831
7072,7213
7072,7539
7073,7934
7073,9331
7074,8391
7074,9627
7075,7472
7075,7752
7075,9593
7076,7572
7076,7910
7076,7995
7076,9465
7076,9879
7077,8750
7078,7114
7078,8154
7079,8063
7081,8000
7082,7222
7082,8086
7083,8910
7084,7890
7085,9071
7086,8134
7089,8359
7090,7538
7091,9188
7096,8126
7097,9120
7098,8830
7099,9000
7101,9219
7101,9604
7103,7751
7103,8004
7104,7218
7104,9488
7106,8139
7107,7238
7107,8999
7110,7242
7111,9421
7112,7208
7114,8498
7114,9915
7115,7410
7116,8862
7116,9368
7117,7602
7117,8050
7120,8711
7121,7828
7121,8349
7123,8394
7124,9420
7126,7526
7128,9338
7128,9380
7130,7713
7130,8467
7130,8516
7130,8830
7131,7621
7133,8959
7134,9522
7135,8937
7137,7253
7139,8385
7139,8717
7140,7971
7141,7687
7142,8340
7142,9331
7144,9012
7146,8648
7146,8908
7148,8357
7149,9568
7150,7336
7153,8760
7153,9466
7155,9753
7158,7595
7159,8024
7160,9192
7161,8483
7162,8663
7163,8638
7164,7797
7166,8087
7166,9923
7167,8504
7167,9646
7171,8784
7171,9753
7174,9203
7175,8963
7176,7770
7176,8780
7178,8674
7180,8166
7181,7708
7181,8530
7181,9822
7182,7498
7185,9398
7185,9691
7186,7324
7187,7460
7189,9443
7191,8407
7192,7207
7192,9144
7194,7892
7195,8476
7195,9032
7196,9468
7197,7670
7197,7841
7197,8291
7198,7264
7198,8962
7199,8812
7199,9819
7200,8402
7200,8854
7202,8537
7205,7391
7205,8491
7206,8173
7208,7236
7208,9926
7210,7883
7211,9126
7214,7941
7222,8648
7228,7831
7229,7997
7229,8125
7232,8104
7233,7394
7233,9676
7234,9281
7235,7922
7236,9342
7237,7261
7237,9992
7238,7969
7238,9215
7239,9750
7240,7503
7240,9866
7242,7671
7242,9831
7243,8132
7244,8404
7245,7764
7245,8935
7247,8586
7250,7921
7252,8215
7252,9496
7254,8142
7255,7669
7255,8507
7255,9220
7256,7798
7258,7524
7258,8451
7259,9673
7260,8801
7261,8949
7262,7743
7262,9494
7263,8369
7263,9032
7265,9293
7267,7381
7268,7642
7268,8383
7268,8494
7269,8231
7269,8706
7269,9752
7273,7680
7274,8457
7274,8730
7275,8906
7276,7944
7276,9677
7279,8263
7279,8811
7280,9925
7281,8939
7282,7996
7282,8258
7282,9480
7283,7543
7285,8933
7286,7499
7287,9760
7288,7836
7288,8009
7288,8441
7289,8573
7289,8963
7290,7634
7290,8268
7291,9194
7295,8932
7295,9115
7296,9848
7298,9217
7298,9374
7300,9101
7301,7840
7301,8750
7302,7529
7302,8187
7303,9233
7304,8107
7305,7397
7307,8400
7308,7566
7309,8306
7312,8986
7313,8201
7314,7896
7315,7640
7315,8544
7315,9901
7316,8527
7319,8267
7321,7845
7321,8714
7321,9426
7321,9582
7324,8455
7326,7652
7326,7912
7327,9854
7329,9125
7334,7458
7336,8221
7339,8156
7340,9755
7343,8928
7344,9216
7344,9495
7344,9979
7345,7647
7345,7690
7345,7936
7345,9520
7346,8802
7347,8405
7348,9181
7348,9278
7348,9317
7349,9508
7352,8409
7353,8074
7353,8589
7353,8758
7353,8896
7354,7641
7354,9623
7355,7829
7357,7713
7363,8262
7363,8847
7364,9776
7365,9832
7366,7973
7366,9465
7369,7980
7370,8491
7372,8529
7373,8264
7373,9909
7374,8069
7374,8458
7374,9014
7375,8702
7375,9213
7376,9553
7378,9853
7378,9903
7385,7849
7386,9487
7386,9895
7388,8407
7390,9367
7391,7822
7391,9384
7391,9711
7392,7426
7393,8545
7394,9720
7396,7698
7397,9214
7399,8746
7400,9405
7402,7953
7402,8764
7403,7738
7403,7837
7403,8948
7405,9225
7406,8549
7407,7691
7407,8741
7408,9762
7409,8414
7411,8979
7412,7635
7413,9278
7414,7947
7416,7461
7416,8174
7417,7862
7417,9764
7419,8462
7421,8334
7421,9915
7422,7459
7422,9299
7423,9208
7426,7938
7426,9650
7427,8249
7428,7478
7428,8168
7434,9095
7435,8976
7438,8912
7441,9445
7442,8261
7443,7920
7444,7583
7444,8880
7445,7755
7445,7920
7448,7881
7449,8312
7450,9163
7451,7819
7452,8016
7454,7493
7454,8131
7454,8704
7457,9166
7459,9498
7462,8680
7466,8332
7467,8190
7468,8272
7469,7507
7469,8372
7474,8673
7475,9548
7476,7903
7476,8466
7480,7660
7480,8527
7480,8735
7480,9087
7481,8823
7482,9849
7483,9030
7484,7844
7484,9162
7485,7837
7486,9362
7489,8401
7490,8881
7491,8187
7491,8473
7492,8250
7494,8480
7496,7694
7496,9797
7498,8115
7500,9002
7500,9887
7502,7852
7502,8780
7506,7753
7507,9059
7508,9534
7508,9944
7510,8203
7512,7839
7512,9114
7513,8181
7514,8456
7515,9238
7518,8549
7519,7540
7519,7781
7521,9575
7525,7544
7525,8460
7525,9073
7526,9178
7527,7617
7527,7966
7527,9532
7528,7954
7529,9778
7532,9556
7533,8644
7533,9926
7534,7649
7535,8118
7539,8909
7541,9535
7548,9315
7548,9720
7549,8212
7549,8846
7550,9402
7550,9632
7552,9899
7553,8223
7555,7579
7556,8309
7557,9261
7562,8829
7562,8964
7563,9122
7563,9738
7569,7764
7569,8422
7570,8302
7570,9801
7571,9259
7572,8295
7572,8863
7573,9667
7574,7722
7576,8818
7577,9961
7579,8363
7579,9272
7579,9648
7580,8430
7580,8441
7580,8697
7580,9891
7582,7944
7582,8078
7582,8362
7583,8989
7584,8136
7584,9113
7584,9592
7585,9294
7586,7796
7587,8400
7590,9236
7592,9640
7596,8011
7596,8012
7596,9469
7597,9117
7597,9926
7599,8004
7599,9705
7600,9786
7601,9713
7603,9268
7606,8255
7607,8649
7607,8991
7608,9758
7610,7786
7610,8806
7610,9951
7611,8658
7617,8236
7618,9729
7620,9464
7621,8127
7623,8174
7624,8472
7631,9078
7632,9273
7635,7784
7635,9537
7636,9510
7637,8618
7637,9641
7639,8283
7639,9298
7642,8757
7643,8010
7643,8207
7644,8167
7644,9034
7644,9154
7645,8817
7645,8961
7645,9156
7645,9725
7646,9274
7650,9215
7653,8720
7655,9724
7655,9748
7656,8281
7656,8965
7659,9155
7659,9513
7659,9878
7661,8241
7663,8903
7664,9103
7665,8544
7666,9804
7669,8378
7671,7838
7677,8392
7678,8342
7678,9311
7678,9408
7679,8196
7680,9922
7682,8437
7682,9089
7683,7717
7684,8790
7684,9910
7685,9321
7686,8478
7687,8423
7689,8887
7691,7712
7691,7991
7694,8081
7696,8403
7697,8914
7697,9716
7698,8903
7706,8497
7706,9519
7707,9616
7708,7940
7711,7881
7711,9702
7712,9685
7713,8161
7713,9209
7714,9308
7714,9524
7714,9538
7716,9946
7717,8035
7717,9039
7717,9999
7718,8913
7720,7735
7720,9434
7722,8357
7722,9464
7723,7846
7723,8245
7724,8702
7725,8511
7726,8531
7727,8123
7727,9507
7728,8370
7729,8106
7731,8843
7731,9340
7732,7937
7733,9183
7735,8123
7737,9208
7738,7824
7738,9829
7739,8252
7739,9592
7743,7811
7743,8938
7745,7844
7747,8141
7748,9882
7751,9392
7757,8386
7758,9041
7759,9636
7761,9635
7761,9948
7762,8162
7765,7973
7765,9117
7768,9022
7769,8773
7770,9682
7771,8440
7771,9369
7776,9099
7777,9749
7779,8257
7780,9939
7784,8328
7786,9134
7787,9778
7790,8130
7791,9310
7792,9064
7793,8087
7793,8366
7794,9394
7794,9435
7794,9611
7797,8177
7797,8752
7798,7911
7799,9818
7800,8191
7800,9339
7803,7877
7804,8299
7804,8875
7806,9754
7807,9223
7807,9231
7807,9786
7809,9813
7809,9850
7810,9102
7811,9822
7812,8149
7813,8764
7814,9250
7814,9676
7815,8935
7817,9174
7817,9549
7819,9545
7819,9550
7825,8889
7827,8081
7827,8978
7828,7857
7832,8646
7832,8950
7833,7948
7833,9920
7834,9356
7835,9180
7839,9565
7839,9642
7841,8218
7842,9143
7842,9151
7844,7985
7845,8622
7845,8919
7846,8524
7849,9837
7850,8857
7852,9126
7853,9812
7855,8145
7858,9365
7859,8273
7859,9783
7861,8371
7861,8603
7862,7875
7863,8611
7865,9672
7867,8822
7867,9830
7870,8770
7875,8037
7876,8033
7878,9871
7879,9323
7879,9866
7881,7971
7884,9871
7885,9728
7888,9449
7888,9885
7889,9334
7889,9411
7892,7940
7893,9719
7894,9690
7896,8636
7896,9849
7898,8583
7899,8718
7899,8978
7899,9176
7901,8473
7901,8534
7901,8929
7901,9660
7902,8388
7902,9256
7903,8806
7906,8987
7907,8869
7907,9093
7908,8590
7909,8552
7911,8669
7911,9328
7914,8224
7917,8343
7918,8935
7920,9201
7920,9605
7921,8822
7922,8712
7923,8202
7923,8247
7925,8128
7926,8278
7926,9127
7928,9091
7930,8355
7930,9664
7931,9765
7932,9477
7933,9072
7935,8074
7935,9306
7935,9828
7936,8031
7936,8762
7939,8071
7940,9733
7940,9735
7942,8109
7943,8048
7946,9776
7947,8882
7947,9448
7948,8146
7948,8243
7949,8233
7951,8142
7958,8677
7960,9282
7963,8088
7963,8488
7964,8693
7964,9624
7967,9436
7968,8497
7973,9721
7974,8526
7974,9130
7982,8532
7983,8302
7985,8687
7987,9042
7988,9105
7990,8782
7990,9149
7990,9472
7991,8070
7992,9412
7996,8484
7996,8740
7998,8425
8000,9426
8001,8194
8001,8934
8001,9386
8002,9387
8003,8347
8003,9904
8004,9291
8006,8560
8013,9648
8015,9808
8016,8788
8017,8410
8018,8158
8020,8800
8021,8632
8022,8112
8025,9254
8025,9478
8032,9876
8033,9299
8034,8095
8034,9187
8036,9835
8037,9154
8039,8273
8040,9275
8043,9224
8045,8430
8045,9192
8047,9046
8047,9238
8049,9649
8050,8327
8050,8977
8051,9952
8053,8097
8053,9703
8055,8798
8057,8657
8057,8738
8058,9276
8058,9774
8062,9448
8062,9884
8064,9627
8065,8502
8066,9033
8072,9956
8074,9581
8078,8983
8080,8809
8080,8975
8081,8259
8082,8164
8082,9089
8082,9693
8083,9589
8094,8144
8094,9779
8098,9345
8099,9631
8101,9816
8107,9222
8108,8534
8110,8533
8113,8783
8115,8741
8115,8834
8116,9303
8117,8230
8117,9081
8118,9076
8119,9454
8120,8733
8120,9817
8121,8517
8121,9735
8122,8641
8123,8726
8124,9428
8133,8996
8134,8463
8134,8495
8137,8748
8138,8194
8138,8528
8138,8687
8139,8402
8140,9411
8147,9613
8148,8250
8153,8587
8154,8946
8155,8506
8155,9097
8158,8902
8160,9539
8162,8894
8162,9173
8162,9684
8165,8297
8165,8729
8165,8927
8165,9123
8166,8285
8169,9698
8170,8279
8174,9229
8174,9329
8175,8763
8175,8929
8176,8581
8177,9895
8178,9583
8179,8280
8180,9221
8180,9241
8181,9561
8183,9555
8184,8290
8184,9900
8185,8971
8186,8609
8186,9270
8186,9823
8189,9931
8191,9386
8192,8728
8193,8713
8197,8520
8198,9440
8200,8923
8200,9016
8200,9564
8201,9607
8202,8897
8203,8509
8204,8632
8206,8649
8206,8972
8207,9095
8209,8486
8209,8901
8211,9125
8213,9298
8214,9063
8214,9346
8214,9378
8216,8608
8219,9991
8221,8232
8222,8727
8225,8536
8225,9088
8227,9247
8236,9869
8241,9751
8242,8979
8245,8793
8245,9621
8246,8603
8247,8672
8247,8870
8247,8942
8252,8530
8253,9608
8255,9972
8257,9119
8259,8763
8260,9637
8263,8601
8263,9061
8265,9478
8266,9195
8267,9661
8269,9622
8271,9851
8277,9650
8281,9391
8281,9811
8282,9423
8285,8953
8286,9680
8286,9992
8291,8757
8292,9205
8295,9264
8298,8611
8300,9645
8302,9829
8304,9328
8305,8522
8305,8775
8307,9100
8307,9138
8307,9412
8311,9237
8311,9769
8314,8629
8318,9447
8323,8774
8324,8459
8325,9205
8326,9978
8327,9593
8333,8536
8335,8342
8335,8690
8336,8859
8339,8668
8340,8810
8340,9989
8341,8770
8341,9652
8342,9718
8345,8468
8347,8952
8351,8573
8359,9078
8360,8518
8361,9510
8364,9680
8367,8925
8370,9664
8370,9965
8373,9460
8375,9318
8377,9295
8382,9074
8385,9017
8387,8486
8389,8873
8389,9724
8390,9674
8391,8435
8395,9575
8397,8692
8399,8972
8401,9697
8402,9766
8403,9220
8404,8811
8404,9625
8406,9213
8410,9587
8411,9897
8414,9914
8415,8525
8415,9355
8423,9222
8424,8919
8424,9181
8425,8930
8425,9806
8429,9818
8430,9401
8432,8546
8434,9183
8435,8599
8435,8732
8435,9087
8435,9746
8435,9813
8437,8799
8437,9874
8438,9863
8441,9251
8444,8881
8447,8974
8447,9701
8447,9705
8451,8942
8451,9798
8452,9183
8457,9173
8459,8777
8460,9688
8462,8769
8462,9443
8462,9940
8465,8644
8468,9544
8468,9664
8470,8723
8471,8962
8472,9916
8474,9247
8484,9541
8488,8889
8488,9923
8489,9344
8490,9550
8490,9578
8493,8900
8494,9463
8495,8767
8497,8823
8504,8651
8510,8969
8510,9284
8512,9484
8513,9004
8515,8841
8515,9693
8522,9381
8526,9492
8527,8798
8527,9009
8528,8781
8529,9396
8534,9054
8534,9171
8535,8710
8546,9993
8551,8739
8552,8998
8552,9712
8552,9789
8553,9935
8555,8644
8559,8974
8559,9216
8567,8824
8568,8925
8573,9482
8578,8781
8582,9027
8583,9385
8595,9257
8599,8722
8601,9646
8603,8726
8608,9172
8608,9265
8614,8650
8616,9482
8617,8943
8618,9481
8618,9889
8619,9244
8631,9502
8632,9218
8643,8817
8650,9902
8651,8742
8652,9432
8654,8689
8654,8696
8659,9289
8660,8756
8661,8825
8665,8861
8669,8908
8670,9352
8671,9142
8671,9376
8671,9634
8672,9152
8674,9973
8675,9474
8676,9345
8678,9702
8680,8969
8684,9013
8686,9427
8686,9919
8688,9528
8688,9589
8692,8729
8695,9382
8697,9145
8697,9949
8698,9035
8698,9813
8699,9014
8702,9048
8702,9246
8703,9923
8712,8998
8715,9345
8715,9911
8726,9962
8727,9417
8728,9756
8731,9105
8735,9544
8739,9420
8743,9818
8745,8910
8746,9151
8751,8916
8754,9727
8761,9897
8766,9603
8767,9310
8775,9187
8779,8936
8781,8812
8781,9982
8783,9455
8786,9442
8787,8923
8792,9200
8792,9860
8793,9210
8796,9967
8808,9600
8808,9758
8809,9410
8810,9564
8813,8994
8814,8896
8817,9967
8825,9587
8825,9788
8830,9991
8833,9304
8835,9189
8840,9227
8841,8868
8842,9955
8847,9314
8851,9655
8855,9905
8865,9597
8867,9520
8868,9053
8878,8989
8880,9283
8880,9431
8881,9406
8887,9431
8889,9933
8889,9966
8903,9619
8907,9542
8909,8922
8909,9438
8909,9606
8916,9377
8917,9751
8917,9932
8919,9051
8923,8954
8925,9842
8934,9611
8949,9006
8952,9176
8954,9294
8959,9234
8967,9260
8968,9528
8977,9395
8978,9302
8979,9859
8979,9974
8980,9882
8981,9596
8981,9694
8983,9651
8987,9583
8994,9023
8998,9736
9001,9311
9004,9877
9008,9098
9008,9945
9012,9107
9014,9687
9019,9342
9022,9563
9023,9383
9026,9672
9033,9612
9042,9718
9043,9766
9045,9319
9049,9518
9054,9221
9054,9703
9059,9697
9065,9353
9069,9092
9070,9796
9072,9490
9075,9117
9078,9498
9080,9990
9081,9249
9082,9130
9082,9362
9086,9352
9087,9486
9088,9297
9094,9336
9096,9212
9096,9525
9096,9594
9099,9271
9105,9626
9110,9998
9111,9159
9120,9506
9121,9368
9127,9553
9127,9756
9128,9505
9128,9523
9133,9836
9134,9234
9134,9471
9134,9671
9136,9656
9136,9832
9137,9285
9138,9152
9140,9459
9145,9619
9146,9225
9160,9948
9164,9378
9169,9962
9178,9300
9184,9307
9184,9433
9192,9567
9204,9864
9205,9487
9206,9243
9212,9538
9214,9526
9220,9521
9221,9293
9222,9616
9227,9499
9228,9740
9232,9340
9233,9794
9234,9930
9236,9994
9244,9745
9249,9757
9257,9455
9259,9436
9260,9716
9268,9541
9272,9748
9273,9280
9275,9762
9283,9974
9287,9756
9292,9456
9293,9485
9296,9593
9297,9617
9297,9654
9307,9501
9310,9579
9312,9607
9313,9600
9320,9581
9324,9453
9324,9855
9325,9953
9327,9654
9327,9898
9337,9920
9344,9896
9350,9368
9352,9443
9356,9357
9357,9773
9360,9793
9371,9870
9375,9453
9390,9536
9398,9406
9404,9631
9406,9541
9414,9807
9417,9709
9418,9884
9435,9863
9438,9571
9439,9527
9449,9602
9455,9542
9458,9918
9460,9562
9473,9823
9474,9645
9475,9997
9484,9930
9488,9594
9488,9702
9515,9990
9523,9944
9532,9830
9533,9588
9533,9814
9541,9946
9543,9951
9544,9892
9580,9856
9584,9595
9584,9631
9586,9610
9594,9734
9599,9814
9607,9684
9619,9637
9620,9819
9632,9739
9640,9838
9664,9744
9673,9695
9678,9861
9688,9787
9690,9937
9697,9779
9707,9872
9714,9810
9721,9988
9724,9966
9729,9888
9786,9839
9792,9896
9805,9826
9808,9875
9809,9875
9812,9996
9829,9863
9855,9933
9860,9983
9869,9880
9908,9921
9916,9938
9953,9998
9970,9979
