0,611
0,1542
0,2504
0,5003
0,5662
1,1848
1,1996
1,2020
1,6235
1,7416
1,9831
2,2193
2,5829
2,6413
2,8198
2,9862
3,1360
3,2207
3,6141
3,8851
4,6006
4,6867
4,8501
4,9204
5,2408
5,2950
5,4461
5,5084
6,2991
6,4310
6,4642
6,7346
7,2602
7,4998
7,5093
7,6199
7,8134
7,8575
7,9976
8,2821
8,3762
8,4708
8,7198
9,334
9,1186
9,4746
9,5377
10,547
10,570
10,3513
10,4180
10,5740
10,7951
10,9438
11,301
11,1676
11,1897
11,3911
12,247
12,307
12,1487
12,5790
12,8161
12,9465
13,1712
13,6746
13,7425
13,9568
14,1211
14,2315
14,4767
14,6245
15,7071
15,9732
15,9921
15,9926
16,1209
16,2842
16,3091
16,3842
16,8046
17,1168
17,1352
17,1386
17,2737
17,4847
17,7377
17,8675
18,1630
18,2185
18,2348
18,2911
18,5745
19,393
19,2117
19,2479
19,4407
19,6822
20,1565
20,7530
20,9343
20,9768
21,1664
21,1850
21,1967
21,2910
22,6929
22,7155
22,7640
22,9105
23,3083
23,4299
23,7994
23,8459
23,8725
24,2952
24,3489
24,4336
24,7318
24,7329
25,898
25,8145
25,8634
25,8636
26,1388
26,1927
26,4178
26,4481
26,5946
26,6016
26,7312
26,9549
27,4400
27,7867
27,8323
27,8394
27,8946
28,434
28,585
28,1154
28,6967
28,8001
29,963
29,1991
29,3124
29,3434
29,7580
30,1129
30,2820
30,7536
30,8960
30,8967
31,117
31,291
31,1377
31,3930
32,5333
32,7114
32,8243
32,8319
33,200
33,1281
33,3037
33,7848
33,8267
34,2956
34,3176
34,5104
34,9442
34,9639
35,3847
35,6381
35,6587
35,8354
36,6559
36,6775
36,7788
36,8327
37,501
37,5632
37,7272
37,7729
37,8009
38,1439
38,5004
38,6595
38,6734
39,335
39,5516
39,9280
39,9313
40,297
40,1035
40,1327
40,3623
40,5125
41,2143
41,2260
41,3450
41,6002
42,2654
42,2726
42,4149
42,8790
42,9664
43,691
43,5614
43,5712
43,9852
44,1527
44,2411
44,2707
44,4922
44,5108
44,9410
45,5364
45,5480
45,6267
45,7321
45,9878
46,1247
46,5192
46,5258
46,5861
47,762
47,2282
47,4617
47,8699
48,1492
48,1675
48,3218
48,4473
48,6583
49,1229
49,2454
49,3501
49,4242
50,2853
50,6938
50,8891
50,9237
51,5498
51,6118
51,8198
51,8304
51,9583
52,1018
52,1135
52,1682
52,8651
52,9394
53,1531
53,2055
53,4987
53,5660
53,6042
53,8409
54,684
54,8381
54,9563
54,9869
55,388
55,577
55,3165
55,4313
56,4739
56,5477
56,6726
56,9504
57,780
57,5162
57,8176
57,8668
58,2288
58,5700
58,7959
58,9618
59,2200
59,6256
59,8235
59,8658
59,9781
60,1689
60,2589
60,3123
60,3769
60,7446
60,9252
61,998
61,4262
61,4515
61,7986
62,2489
62,3938
62,5274
62,5855
63,849
63,3297
63,6998
63,9072
64,1686
64,4362
64,5219
64,9519
65,1393
65,4889
65,6526
65,8280
65,9695
65,9697
65,9723
66,481
66,1866
66,3070
66,4415
66,4995
66,9511
67,334
67,1186
67,3263
67,7544
68,2140
68,3517
68,5888
68,9743
69,2400
69,2469
69,2713
69,3969
69,5686
69,5874
69,7202
69,8952
70,94
70,354
70,1508
70,6665
71,363
71,2714
71,3802
71,4349
71,8363
72,1010
72,1403
72,2034
72,3706
73,686
73,2829
73,4301
73,4367
73,6048
73,7388
74,1615
74,3556
74,4599
74,9042
75,983
75,6806
75,9884
75,9894
76,396
76,2082
76,3985
76,8732
76,9316
77,465
77,1818
77,2787
77,2828
77,6412
78,1497
78,4222
78,5417
78,8111
78,9789
79,1427
79,1927
79,3300
79,7312
79,8278
80,2042
80,2174
80,7901
80,8191
80,9033
81,119
81,2611
81,2855
81,5967
82,1399
82,4344
82,5319
82,8039
82,8517
83,1784
83,4589
83,7431
83,7584
83,7940
83,7958
83,9422
84,344
84,516
84,2233
84,2655
84,3127
84,4492
84,7962
84,9077
85,5110
85,6514
85,6540
85,6572
86,100
86,1098
86,1824
86,5156
86,8014
87,2565
87,4854
87,5296
87,5805
87,8423
88,3719
88,3807
88,7393
88,9818
89,2815
89,4542
89,7140
89,9038
89,9094
90,1444
90,3506
90,4959
90,6261
91,311
91,1533
91,3877
91,7072
91,8076
91,8826
92,1372
92,3994
92,4897
92,8913
92,9133
93,3647
93,3706
93,6929
93,9491
93,9872
94,3142
94,4595
94,4927
94,8349
95,3093
95,3461
95,3841
95,6848
95,8646
95,8843
96,1217
96,1249
96,5643
96,6391
97,206
97,4154
97,4262
97,6080
97,7394
98,574
98,888
98,5764
98,8013
98,8693
98,8703
98,9061
99,2446
99,3318
99,3757
99,4154
99,6102
99,6347
99,7199
100,1824
100,5156
100,8014
101,2830
101,6200
101,6324
101,8203
101,9682
102,1980
102,2506
102,3538
102,8610
102,9968
103,330
103,718
103,2802
103,8808
104,140
104,1482
104,7488
104,8087
105,155
105,1544
105,6624
105,8676
106,3038
106,3260
106,3265
106,6544
107,3144
107,6918
107,7698
107,8568
108,683
108,4568
108,5120
108,5293
108,8298
108,9909
109,4029
109,4441
109,6802
109,7022
109,8981
110,1692
110,5046
110,5942
110,6516
111,1350
111,3394
111,3396
111,7776
111,8028
111,8529
112,2874
112,3062
112,5978
112,9608
113,850
113,2367
113,2533
113,4115
113,5309
113,5399
114,844
114,5428
114,5729
114,5824
114,6436
114,6851
115,1081
115,1370
115,1443
115,4813
115,6676
116,680
116,2796
116,3254
116,6193
117,291
117,1377
117,3930
117,9018
118,1802
118,4018
118,5471
118,5678
118,9598
118,9779
119,2610
119,2611
119,2855
119,5967
119,7535
119,9917
120,253
120,2247
120,3667
120,6607
121,2622
121,3267
121,4103
121,4539
121,6288
121,6690
122,3458
122,4283
122,4794
122,9329
123,737
123,2060
123,3339
123,4648
123,9315
123,9923
124,511
124,1740
124,3137
124,3288
124,3489
125,403
125,908
125,2070
125,4636
125,8893
126,265
126,1107
126,2762
126,6494
127,3417
127,6087
127,6474
127,7949
127,9510
128,3766
128,4499
128,6573
128,8232
129,3474
129,5628
129,5707
129,9699
130,587
130,673
130,2322
130,3397
130,3763
130,7225
131,1898
131,5636
131,5793
131,8636
132,734
132,2580
132,3068
132,8404
132,8899
132,9286
133,970
133,1749
133,5730
133,6500
134,4230
134,4438
134,6281
134,8722
134,9994
135,343
135,379
135,5055
135,6654
135,8399
135,8585
136,1209
136,3578
136,3842
136,7285
137,964
137,1900
137,7754
137,9412
138,861
138,1017
138,2220
138,7854
138,8322
138,9928
139,1672
139,1712
139,2979
139,6228
139,6746
139,7425
139,9568
140,1482
140,1916
140,3633
140,8087
140,9522
141,4644
141,8033
141,8231
141,8382
142,1529
142,1681
142,2318
142,2537
142,2621
142,6103
142,8062
143,546
143,1210
143,1552
143,1806
143,5075
143,9240
143,9949
144,1929
144,5083
144,5217
144,6525
145,967
145,2983
145,3448
145,8443
145,9990
146,2867
146,3417
146,4356
146,6474
146,6713
146,9510
147,5656
147,6854
147,7489
147,9966
148,955
148,2084
148,3973
148,7027
148,9942
149,1914
149,5886
149,7032
149,8397
150,695
150,1362
150,5727
150,6275
150,6895
151,1693
151,1706
151,1888
151,5530
151,7821
151,9869
152,4751
152,8127
152,8833
152,9498
153,1425
153,1894
153,2298
153,7875
153,8227
153,9849
154,3013
154,3978
154,5488
154,9090
155,1544
155,1941
155,6439
155,6624
155,8182
156,348
156,3991
156,4382
156,5339
156,9885
157,293
157,722
157,3956
157,8007
158,2180
158,3061
158,5006
158,5908
158,7991
159,1163
159,4548
159,6765
159,6911
160,2062
160,2246
160,2306
160,6686
160,7421
160,8579
160,9136
161,2219
161,2297
161,2898
161,5170
162,601
162,3569
162,5941
162,5979
162,7002
163,2270
163,3104
163,3311
163,4147
163,4177
164,407
164,2309
164,4636
164,5087
164,6464
164,6830
164,9914
165,2169
165,2375
165,3626
165,5952
165,6336
166,6100
166,6342
166,7711
166,8645
167,229
167,1167
167,4701
167,7474
167,7723
168,4415
168,5487
168,5637
168,7506
168,7561
168,8563
169,2686
169,4173
169,4229
169,5365
169,8142
169,9901
170,1637
170,5572
170,6959
170,8488
171,1103
171,5800
171,6922
171,7751
171,8609
172,579
172,2090
172,6165
172,7355
173,2179
173,2896
173,5520
173,8928
173,8937
173,9495
174,4735
174,7296
174,9190
174,9469
174,9599
175,588
175,845
175,3691
175,5301
175,6004
175,9197
176,694
176,1870
176,4468
176,5429
177,1753
177,2248
177,2959
177,9803
178,6078
178,8210
178,8259
178,9951
179,340
179,776
179,1545
179,4812
180,745
180,2383
180,7627
180,9399
181,2870
181,4484
181,5061
181,5128
182,328
182,337
182,624
182,9275
183,5970
183,9021
183,9271
183,9320
184,911
184,1627
184,3852
184,5571
184,5619
184,6447
185,275
185,2102
185,5022
185,5744
185,6208
185,9119
186,1014
186,3423
186,3468
186,5127
186,6350
186,9466
187,2249
187,3577
187,6532
187,8987
188,2754
188,3150
188,3186
188,3361
188,8932
189,1701
189,3724
189,5761
189,8009
189,9298
190,520
190,1999
190,3632
190,6745
191,609
191,7850
191,8617
191,8945
192,805
192,1486
192,7891
192,8221
192,8716
193,1426
193,1532
193,3225
193,4039
194,571
194,887
194,2029
194,7708
195,435
195,2495
195,4109
195,5393
195,7344
195,8271
195,9693
196,2228
196,2642
196,5382
196,5490
196,6107
196,8175
197,326
197,2349
197,3363
197,6030
197,6935
198,5449
198,6351
198,7010
198,8918
198,9314
198,9358
199,512
199,1849
199,6795
199,7822
199,8656
199,9686
200,1281
200,3037
200,8267
201,328
201,2445
201,2805
201,3234
202,2008
202,5955
202,6514
202,8917
202,9762
203,411
203,4088
203,6794
203,7540
203,9458
204,3907
204,4624
204,4903
204,8380
204,8425
204,8748
205,357
205,4420
205,7835
205,9233
206,4154
206,4262
206,7394
207,3336
207,3916
207,4175
207,5797
207,6440
207,7278
207,8582
207,9215
208,1196
208,5066
208,5576
208,7758
208,9930
209,1988
209,3565
209,3742
209,8272
210,1264
210,3279
210,4307
210,5445
210,5936
210,7519
210,7538
211,3231
211,5750
211,5789
211,8421
212,2027
212,2441
212,5864
212,9760
213,5770
213,6719
213,7439
213,7960
213,9907
214,976
214,4656
214,6394
214,7857
215,2320
215,2808
215,2971
215,5767
215,8751
216,1590
216,7670
216,7680
216,8036
216,9595
217,4141
217,4488
217,8360
217,9127
218,446
218,1400
218,5012
218,5261
218,7790
219,596
219,1470
219,1549
219,9347
219,9500
220,1363
220,3433
220,4319
220,5450
220,9687
221,509
221,2617
221,5830
221,9457
222,447
222,1332
222,4729
222,4752
223,325
223,3625
223,4611
223,5436
223,6968
224,1772
224,3086
224,3245
224,4677
224,4939
225,1225
225,2577
225,4355
225,4671
226,489
226,6986
226,7879
226,8096
227,3142
227,3708
227,4927
227,8931
227,9697
228,668
228,1088
228,3213
228,3424
229,1167
229,3228
229,7474
230,2535
230,5167
230,7176
230,9591
231,1924
231,4536
231,6059
231,7473
231,9895
232,1231
232,4434
232,5634
232,6129
232,9543
233,3502
233,4267
233,5990
233,8467
234,1969
234,2630
234,2682
234,3236
234,7216
234,9278
235,1267
235,4800
235,6505
235,7302
236,506
236,3030
236,4289
236,4710
237,1484
237,4381
237,5915
237,6666
238,555
238,5273
238,5865
238,5882
238,7715
238,8832
239,1781
239,4822
239,5165
239,6054
239,7945
240,1860
240,1928
240,2017
240,3962
240,6253
240,9207
241,2746
241,5909
241,6647
241,9232
242,1085
242,2221
242,2372
242,7271
242,9169
242,9704
243,576
243,3356
243,5647
243,7332
243,9984
244,637
244,4881
244,6029
244,6610
244,8922
244,9382
245,1019
245,7085
245,7809
245,7877
245,7963
246,744
246,4256
246,4750
246,6665
246,7739
247,307
247,1487
247,5790
247,6761
247,9465
248,1141
248,4044
248,6169
248,9761
249,527
249,613
249,2643
249,6563
250,1097
250,1603
250,1757
250,4143
251,2086
251,4530
251,5175
251,5235
251,6098
251,7796
251,8654
252,1052
252,1825
252,3215
252,6047
252,7743
252,9435
253,721
253,3115
253,6607
253,8662
254,706
254,3351
254,4258
254,8557
255,1199
255,2000
255,7735
255,7843
255,8301
255,9054
256,1748
256,3140
256,3770
256,5285
256,6999
257,3443
257,4491
257,6888
257,7025
257,7696
258,262
258,2689
258,4428
258,7807
259,431
259,2362
259,5813
259,5981
259,6179
259,7396
259,9277
260,3718
260,3740
260,4050
260,5711
260,7673
261,6206
261,6272
261,6586
261,7110
261,8004
261,9040
261,9902
262,3462
262,4428
262,5551
262,8736
262,9607
263,1112
263,2471
263,3635
263,5460
264,341
264,5245
264,6906
264,7432
264,8633
264,9287
264,9941
265,1107
265,2762
265,9144
266,3696
266,4253
266,5484
266,5904
266,6093
267,729
267,1867
267,2074
267,4341
267,6402
267,8608
267,8762
268,3761
268,5845
268,8770
268,9744
269,1385
269,3748
269,7261
269,8948
269,9757
270,2641
270,2688
270,4326
270,5920
271,2814
271,3028
271,8525
271,8898
272,1852
272,2289
272,7441
272,7701
272,9133
273,3118
273,3689
273,8389
273,8456
273,9906
274,1903
274,2736
274,3367
274,6557
274,7282
275,693
275,2102
275,4464
276,1794
276,2431
276,2840
276,2984
276,5540
277,611
277,1975
277,7158
277,8749
278,3563
278,3716
278,4465
278,4814
278,9181
279,2503
279,4709
279,6291
279,8767
280,1244
280,1506
280,3205
280,7080
280,7953
281,979
281,1343
281,2473
281,4216
281,4898
281,7433
282,2144
282,2880
282,3306
282,4479
282,5584
283,2028
283,5404
283,7705
283,7774
284,2950
284,4461
284,5092
284,6382
284,7731
285,2918
285,5281
285,5499
285,7762
285,9997
286,1587
286,2891
286,4466
286,5386
286,6543
287,3575
287,4840
287,5768
287,5989
287,8574
287,9634
288,890
288,1644
288,2181
288,2427
288,6445
288,9746
289,6120
289,7303
289,8060
289,8614
290,3911
290,4422
290,4772
290,7375
290,8959
291,903
291,3552
291,3930
292,3487
292,7528
292,8694
292,9482
293,722
293,3956
293,8007
294,999
294,3688
294,4197
294,5903
294,8520
295,4644
295,7242
295,7449
295,8231
295,8382
296,1312
296,3463
296,3465
296,6917
296,8828
296,9737
297,1327
297,7842
297,9631
298,601
298,1420
298,3569
298,4805
298,5979
299,688
299,3194
299,5734
299,6061
299,6450
300,904
300,1637
300,4254
300,5181
300,6770
301,3911
301,4767
301,5579
301,6245
302,522
302,1590
302,1987
302,7670
302,7680
302,8036
303,1455
303,4059
303,5438
303,8263
304,1871
304,2264
304,4725
304,6408
304,9725
305,2447
305,4097
305,5311
305,6091
305,9067
306,2397
306,3042
306,7315
306,9414
307,5790
307,8161
308,1926
308,3775
308,6780
308,6963
308,7769
308,8164
309,377
309,2125
309,3324
309,3954
309,8018
310,1782
310,3301
310,3899
310,5099
310,9263
310,9426
311,1533
311,2463
311,2798
311,3189
311,6748
311,7072
312,3690
312,5659
312,8432
312,9955
313,3089
313,6202
313,7380
313,7879
313,8885
314,423
314,2530
314,3772
314,4542
315,528
315,1384
315,2426
315,6302
315,6611
315,8827
316,4725
316,5620
316,6408
316,8714
317,779
317,827
317,3108
317,4092
317,6603
318,801
318,7036
318,9155
318,9246
319,1131
319,5127
319,8607
319,9284
319,9466
320,3912
320,4690
320,6842
320,8104
320,8860
321,2002
321,3648
321,5747
321,6948
321,7560
321,8616
322,1851
322,2529
322,3876
322,6895
323,1959
323,4190
323,5147
323,6009
323,7037
323,8578
323,9171
324,600
324,754
324,1707
324,3320
324,4770
325,1148
325,4611
325,4837
325,6825
325,6968
325,7208
326,3146
326,4700
326,5244
326,6030
326,9175
327,4302
327,4424
327,6132
327,7213
327,7866
328,624
328,2574
328,9275
329,2582
329,4777
329,5856
329,8274
329,9118
329,9424
330,718
330,1000
330,2802
330,8808
331,1540
331,2622
331,5737
331,7260
331,7503
332,662
332,4054
332,6017
332,6584
332,7327
332,9396
333,4771
333,5763
333,7349
333,8165
333,9674
334,1186
334,3263
334,4746
334,5377
334,7230
335,5205
335,9280
335,9313
336,906
336,1947
336,4953
336,9157
337,624
337,2436
337,4374
337,5251
338,765
338,1048
338,3837
338,4377
338,5470
339,1601
339,2147
339,3532
339,8867
340,776
340,4812
340,8581
341,5245
341,6680
341,9383
342,508
342,652
342,2695
342,2780
342,3017
343,379
343,4671
343,5055
343,5596
343,6654
344,1993
344,2233
344,4492
344,6675
344,8620
345,5224
345,6878
345,8665
345,9380
346,1091
346,1471
346,3979
346,4082
346,6803
347,611
347,877
347,7158
347,8965
348,1918
348,4382
348,6944
348,9885
349,367
349,6809
349,7277
349,9671
350,1378
350,5057
350,8820
350,8977
351,1144
351,2903
351,2933
351,9596
352,431
352,1698
352,7396
352,9562
353,3626
353,3915
353,5347
353,5952
353,7342
353,8781
354,2506
354,3538
354,5002
355,534
355,4568
355,4590
355,7559
356,1864
356,2669
356,3332
356,8866
357,4420
357,7835
357,9233
358,1687
358,3351
358,3641
358,7868
358,9858
358,9878
359,865
359,3032
359,3438
359,7828
360,4656
360,5900
360,6394
360,9043
361,392
361,3216
361,6554
361,7775
362,417
362,2171
362,5094
362,5832
363,1051
363,1525
363,4349
363,8363
364,4104
364,9152
364,9272
364,9540
365,2622
365,7503
365,7630
365,9983
366,510
366,837
366,2382
366,7033
366,9036
366,9224
367,5469
367,5784
367,7277
367,9671
368,727
368,3755
368,3963
368,4682
368,5784
368,6593
368,6809
369,417
369,1521
369,2414
369,5854
369,5940
369,7338
370,1682
370,5905
370,9099
370,9986
371,918
371,1126
371,2692
371,3244
371,4796
372,623
372,664
372,1073
372,4332
372,5962
372,8064
373,1335
373,1950
373,3982
373,5938
373,9154
374,3506
374,3696
374,3904
374,4959
374,6530
375,767
375,3599
375,6240
375,6407
376,1974
376,2544
376,6361
376,6654
376,7324
377,3324
377,5827
377,6163
377,8018
378,542
378,6899
378,7955
378,9102
379,4671
379,6654
380,1473
380,4400
380,5291
380,7082
380,8323
380,8946
381,3910
381,4980
381,6301
381,7108
381,7669
382,2773
382,3252
382,6172
382,6400
382,9165
383,982
383,1382
383,1984
383,2087
383,8533
383,9879
384,6150
384,7460
384,8578
384,8765
385,868
385,1584
385,5943
385,6355
385,8072
386,2009
386,6190
386,7081
386,7118
386,7650
387,2673
387,9021
387,9320
387,9404
388,577
388,4070
388,4691
388,7450
388,7909
388,9876
389,3629
389,6598
389,7246
389,7297
390,460
390,627
390,4395
390,7063
390,8510
390,8541
391,7505
391,8370
391,8450
391,8509
392,591
392,5604
392,6122
392,6554
392,7775
392,8424
392,9877
393,2117
393,2380
393,4407
393,8240
394,1505
394,1977
394,5112
394,9344
395,3790
395,3969
395,6623
395,9058
395,9405
396,2168
396,3985
396,8260
396,8732
397,679
397,1653
397,2538
397,4793
397,5097
397,6314
398,1034
398,2234
398,5714
398,6345
398,8331
399,1152
399,6401
399,6478
399,6565
399,6599
399,7681
400,2529
400,2678
400,3573
400,6576
400,6864
401,1961
401,2213
401,2270
401,3341
401,8105
402,5449
402,8791
402,9314
402,9375
403,2070
403,2742
403,4636
403,5087
404,2781
404,4821
404,8010
404,8769
405,448
405,1501
405,4470
405,4728
405,4957
405,8368
406,2361
406,3018
406,3888
406,5349
406,5416
406,7539
407,4636
407,5087
407,6830
408,3354
408,3531
408,4558
408,5206
408,6234
408,8366
408,9817
409,1684
409,5014
409,7223
409,9698
410,620
410,4432
410,4650
410,9828
411,526
411,5965
411,8270
412,2692
412,6326
412,6373
412,6876
413,513
413,1047
413,5736
413,8744
414,784
414,2659
414,4164
414,4279
414,8831
414,9708
415,1699
415,2730
415,4100
415,5652
415,7148
416,2003
416,2764
416,3543
416,5687
417,419
417,2171
417,2414
417,7338
418,752
418,3119
418,5531
418,6513
419,1874
419,3451
419,8237
420,740
420,2024
420,4277
420,6000
420,6927
421,930
421,961
421,1219
421,4829
421,6084
422,686
422,1610
422,2395
422,4367
422,7388
423,2530
423,2719
423,3772
423,4029
423,7703
424,1376
424,4686
424,7457
424,8073
424,8151
425,3597
425,4562
425,4627
425,9100
426,833
426,2081
426,4188
426,5319
426,8138
427,592
427,720
427,2261
427,5063
427,8824
428,812
428,1873
428,3211
428,3566
429,2504
429,3049
429,4863
429,5366
429,8110
430,2284
430,2516
430,4958
430,7994
430,8459
431,1698
431,5981
431,6179
431,7396
431,9277
432,2706
432,3576
432,4969
432,5297
432,8809
432,9513
433,3961
433,5991
433,6568
433,7096
434,1154
434,1909
434,2567
434,6028
434,8001
434,9507
435,7344
435,8271
435,9693
436,1577
436,2586
436,3187
436,3278
436,5820
436,9953
437,2239
437,3479
437,6886
437,7546
437,8838
438,2934
438,4525
438,5223
438,6367
438,8974
439,576
439,6371
439,6647
439,9223
439,9272
440,3099
440,3240
440,3759
440,4003
440,4128
440,7232
441,3882
441,3989
441,9023
441,9055
441,9659
442,1658
442,1934
442,2429
442,8734
443,5542
443,6694
443,6725
443,9419
444,4683
444,5591
444,8206
444,9398
445,1905
445,5425
445,6391
445,9327
446,1157
446,1400
446,3036
447,3147
447,4729
447,6079
447,8811
447,9335
448,2356
448,4470
448,4957
448,8368
449,2863
449,2902
449,2969
449,4294
449,7466
449,9300
449,9351
450,4608
450,7191
450,7314
450,9696
451,4720
451,7000
451,9227
451,9927
452,1538
452,6166
452,6469
452,7941
453,3421
453,4635
453,5267
453,6057
453,6528
453,7646
454,1485
454,6133
454,7139
454,7583
455,3120
455,4163
455,5944
455,6912
455,9480
455,9918
456,3936
456,5787
456,7552
456,9295
456,9341
457,1547
457,6733
457,8469
457,8562
458,2010
458,3175
458,5042
458,5160
459,1285
459,3165
459,5282
459,6787
460,627
460,1380
460,2747
461,2357
461,4607
461,5351
461,7046
461,8958
462,1241
462,2709
462,6062
462,9431
462,9709
463,2377
463,2735
463,6082
463,9841
464,2278
464,4303
464,6585
464,8118
465,1818
465,2828
465,6412
465,8905
466,2609
466,4357
466,5355
466,9794
467,1252
467,3838
467,6476
467,8139
467,9331
467,9969
468,770
468,2161
468,2546
468,4270
469,640
469,2703
469,6695
469,7898
469,8523
470,3544
470,7439
470,7747
470,7960
471,1539
471,3074
471,9273
471,9648
472,1318
472,1992
472,2033
472,3530
472,7149
472,7880
473,2246
473,2306
473,2429
473,8085
473,8734
474,3558
474,6081
474,7298
474,7749
474,9916
475,2684
475,3422
475,3860
475,4021
475,6414
476,3923
476,4817
476,6843
476,7071
476,9732
477,2501
477,6360
477,6399
477,8326
478,1022
478,4033
478,4579
478,7692
479,3803
479,3859
479,9376
479,9816
480,4141
480,6388
480,8360
480,8985
481,1866
481,1901
481,2383
481,2607
481,9511
482,3138
482,3400
482,5343
482,6768
483,2624
483,4605
483,5214
483,7045
483,9587
484,2570
484,4058
484,5578
484,9870
485,1700
485,2653
485,4300
485,6876
485,6979
486,1477
486,2321
486,8079
486,8963
487,1808
487,2354
487,3953
487,5259
487,6856
487,8324
487,9130
487,9254
488,3335
488,6372
488,7005
488,9440
489,3089
489,4661
489,6452
489,6986
489,8885
490,1192
490,1299
490,2697
490,4742
490,4963
491,3261
491,7610
491,8316
491,8434
492,1806
492,4606
492,5887
492,8537
492,9509
493,3250
493,3996
493,6475
493,8804
494,1387
494,6295
494,9497
494,9536
495,1029
495,3742
495,6705
495,8618
496,645
496,675
496,1960
496,3015
496,6270
497,1305
497,3103
497,3752
497,8842
498,3947
498,4041
498,9310
498,9614
499,1696
499,2900
499,3040
499,4093
499,6058
500,1212
500,1431
500,3586
500,4665
500,8220
500,9929
501,2584
501,5632
501,6698
501,7949
501,8847
502,2675
502,3302
502,3327
502,4045
502,6813
503,2597
503,3122
503,5165
503,6054
503,7945
504,2774
504,8038
504,8152
504,8344
505,1254
505,1263
505,5251
505,5375
506,3030
506,4710
506,5267
506,7646
506,9271
507,1382
507,2087
507,3008
507,5424
507,6106
507,9425
508,2695
508,2780
508,8003
509,4570
509,5830
509,7980
510,837
510,1968
510,7033
510,7581
511,1740
511,3137
511,4669
512,3052
512,6795
512,8656
512,9686
513,817
513,8744
513,9087
514,1523
514,5697
514,8483
514,9377
515,3028
515,6772
515,7517
515,9526
516,3127
516,7962
516,9077
517,3382
517,5763
517,7349
517,7424
517,9854
518,2243
518,4255
518,6170
518,8129
519,1233
519,3648
519,5264
519,6784
519,7119
519,8130
519,9004
520,1999
520,5620
520,6745
520,8714
521,2156
521,4197
521,8520
521,9081
522,1590
522,1971
522,1987
522,4709
522,6637
522,8036
523,644
523,2554
523,2657
523,4899
523,7112
524,3975
524,4362
524,5219
524,8971
525,2054
525,6363
525,7068
525,8359
525,9149
526,4561
526,4960
526,6562
527,613
527,5106
527,6563
527,8451
528,2954
528,5754
528,6453
528,8827
529,2658
529,2791
529,7156
529,9530
530,781
530,2255
530,6668
530,8123
530,8325
531,1318
531,1462
531,1616
531,2033
531,4215
531,5380
532,1261
532,1702
532,3454
532,9611
533,1558
533,3526
533,5273
533,8832
534,1055
534,9183
534,9529
535,965
535,1786
535,1830
535,2216
535,2342
536,2690
536,5418
536,9154
536,9436
537,1892
537,2655
537,6931
537,8438
538,2180
538,3057
538,7902
538,7991
539,5129
539,7823
539,8178
539,9506
540,1962
540,3833
540,4019
540,5692
540,6606
541,2560
541,3350
541,4804
541,5506
541,5917
541,6764
541,7773
541,8875
542,1344
542,5401
542,6550
542,6899
542,7361
543,584
543,1381
543,6962
543,7083
543,7600
543,9186
543,9871
544,2163
544,4292
544,4911
544,7788
545,1210
545,3449
545,7402
545,9415
546,1185
546,1552
546,3321
546,5075
546,7717
546,9240
547,672
547,3513
547,4180
547,4741
548,1784
548,3893
548,6974
548,7584
548,7958
549,885
549,5038
549,7154
549,7427
549,7817
550,1062
550,1377
550,2258
550,2562
551,1355
551,1564
551,3221
551,5204
552,1876
552,2926
552,5793
552,6013
553,1673
553,4105
553,5605
553,8256
553,9066
554,2333
554,4304
554,6947
554,9601
555,2364
555,5865
555,5882
555,9445
556,3610
556,8002
556,8047
556,9192
557,1109
557,4789
557,6034
557,7666
558,8302
558,8333
558,8943
558,9813
559,1594
559,4212
559,5591
559,9398
560,740
560,3864
560,5080
560,8679
561,3290
561,5968
561,8599
561,8640
561,9960
562,4574
562,5457
562,6198
562,6933
562,7898
563,1789
563,7720
563,8449
563,8528
563,8687
564,2327
564,4815
564,6946
564,8442
565,4645
565,8314
565,8515
565,9838
566,1173
566,2235
566,3974
566,5527
566,9200
567,777
567,1072
567,1626
567,2236
567,4921
568,743
568,7043
568,8061
568,8697
568,8802
569,2455
569,3890
569,4258
569,5016
569,7757
570,3697
570,4180
570,6689
570,9438
571,2029
571,2098
571,2267
571,3510
571,5263
571,7708
572,954
572,2795
572,4573
572,8735
572,8997
573,3955
573,4889
573,5864
573,7793
574,1719
574,4418
574,5764
574,8013
574,9061
575,3515
575,6060
575,7808
575,8514
575,8816
576,4757
576,6371
577,3165
577,4070
577,5282
577,7450
577,7909
578,2165
578,2905
578,5835
578,8919
578,9074
579,2090
579,6165
579,7355
580,2256
580,6182
580,6958
580,9259
581,993
581,6881
581,8143
581,8444
581,8688
582,985
582,3686
582,5189
582,7146
583,746
583,2733
583,5696
583,8739
583,9187
583,9623
584,1381
584,6962
584,7083
584,9186
584,9871
585,1154
585,6333
585,6967
586,1243
586,2139
586,3344
586,3386
586,7886
586,8521
587,673
587,2322
587,3397
587,3763
587,7482
588,845
588,1198
588,3562
588,5919
589,2946
589,4445
589,6754
589,8717
590,5262
590,7412
590,8791
590,9120
591,2936
591,6122
591,8424
592,5057
592,5063
592,8824
592,8977
593,1044
593,2151
593,2280
593,3546
594,6381
594,6996
594,7009
594,8354
594,9850
595,900
595,2749
595,2938
595,7331
596,1470
596,1549
596,7164
596,9347
597,1340
597,2423
597,2890
597,2926
597,5341
598,1535
598,1755
598,5045
598,7511
598,8805
599,3034
599,3262
599,6857
599,7103
600,754
600,1707
600,4770
601,3569
601,5186
601,5979
602,4228
602,5600
602,5733
602,7656
602,8911
603,2517
603,7133
603,8517
603,9111
604,4385
604,5029
604,5406
604,8596
604,9810
605,4833
605,6419
605,7957
605,8077
606,1153
606,1904
606,2711
606,4490
606,6294
607,2460
607,7034
607,7804
607,7971
607,9141
608,871
608,1226
608,2275
608,7284
608,9655
609,3710
609,6492
609,8215
609,8617
609,8945
609,9015
610,1113
610,1270
610,1648
610,1660
610,3711
610,8334
611,7158
611,8965
612,3085
612,4003
612,6198
612,7232
613,4031
613,5106
614,6201
614,6688
614,9355
614,9963
615,2265
615,5688
615,7524
615,8989
616,1303
616,1844
616,7516
616,7541
616,8621
617,2762
617,5131
617,6494
617,7836
617,9369
618,1416
618,1698
618,4625
618,6977
618,7929
618,9974
619,947
619,2403
619,2470
619,8092
620,1142
620,4432
620,4650
620,4970
620,9828
621,2865
621,3590
621,4543
621,8174
621,8201
622,880
622,1115
622,5233
622,6601
622,7565
623,1073
623,1090
623,7030
624,2436
624,4374
624,9275
625,4037
625,4836
625,8493
625,9684
626,1488
626,2883
626,3819
626,5215
626,8411
626,9767
627,1296
627,1380
627,2747
627,5645
627,7063
628,714
628,3928
628,8551
628,9927
629,692
629,2138
629,4919
629,5246
629,6183
630,2192
630,3581
630,3851
630,7991
631,1896
631,2398
631,3254
631,5221
631,9311
632,1914
632,3447
632,4355
632,5723
632,7428
633,1510
633,4207
633,5276
633,5600
633,8219
633,8911
634,915
634,986
634,4067
634,4906
634,6709
634,9830
634,9995
635,2269
635,3020
635,5130
635,6771
636,5334
636,5462
636,8113
636,8903
637,2078
637,6610
637,6670
637,9382
638,3238
638,3666
638,5731
638,8437
638,9018
639,1118
639,5210
639,5906
639,7419
639,7874
639,8985
640,1913
640,2650
640,4245
640,4265
640,8261
640,8335
641,3011
641,4016
641,6325
641,9898
642,825
642,1273
642,4119
642,8845
642,9452
643,959
643,3419
643,5391
643,6471
644,2657
644,4899
644,6126
645,1960
645,7019
645,7631
646,1809
646,3821
646,3885
646,5704
647,661
647,5204
647,6187
647,6750
648,1140
648,2863
648,4294
648,7614
648,8266
648,8963
648,9293
649,1938
649,3657
649,6266
649,8495
649,9012
649,9029
650,1287
650,4849
650,6109
650,7437
651,1601
651,1670
651,8127
651,8867
652,2780
652,3306
652,4479
652,8003
652,8383
653,2334
653,7125
653,7884
653,7955
653,8098
654,1042
654,2869
654,4218
654,7662
654,7996
654,9276
655,1246
655,2974
655,7442
655,7640
655,7761
655,8032
656,687
656,5524
656,5984
656,6755
656,7152
657,1407
657,1551
657,4569
657,8433
658,840
658,1149
658,2328
658,7097
658,8340
658,9711
659,1267
659,3754
659,4225
659,6075
659,6612
660,2394
660,4776
660,7908
660,9604
661,1564
661,2914
661,5204
661,6750
662,774
662,4054
662,6017
662,7327
663,1577
663,3857
663,5820
663,6340
664,4332
664,5962
664,8064
665,2316
665,5615
665,6286
665,8689
666,1480
666,1639
666,2252
666,7860
667,2618
667,4086
667,4149
667,8640
667,8980
668,2401
668,3213
668,3424
668,9746
669,4712
669,5216
669,5609
669,5898
669,6616
669,7086
670,1834
670,2012
670,3023
670,3646
670,8683
671,883
671,6152
671,6366
671,9788
672,2683
672,3513
672,9337
672,9429
673,3763
673,7482
674,2241
674,3214
674,4978
674,5608
674,6451
675,1861
675,2778
675,3015
675,9811
676,826
676,1609
676,6280
676,7737
676,8446
677,970
677,1722
677,3628
677,6334
677,8282
678,3314
678,3680
678,6333
678,9847
679,2538
679,4793
679,6358
679,6452
680,6898
680,8924
680,9238
681,3086
681,4939
681,4966
681,8308
681,9189
682,1671
682,2510
682,5184
682,9539
683,3348
683,4568
683,5293
683,8298
683,9909
684,8200
684,9563
684,9670
685,1978
685,2271
685,3129
685,8125
686,4301
686,8606
687,2955
687,3891
687,5524
687,5811
687,6001
687,6755
688,2015
688,3194
688,3274
688,5883
689,771
689,2312
689,4089
689,6701
689,6815
689,9681
690,1773
690,3005
690,4269
690,7281
691,7954
691,8196
691,9852
692,3773
692,4919
692,5246
693,2102
693,3862
693,4464
693,5744
694,1870
694,2583
694,4842
694,5196
694,5429
695,1362
695,6123
695,6275
695,7667
696,2659
696,2833
696,3585
696,3738
696,7638
696,8251
696,9638
696,9708
697,1956
697,3380
697,8249
697,8868
698,3427
698,4775
698,5312
698,7714
699,2071
699,4534
699,6142
699,9586
700,4465
700,6044
700,6061
700,6450
700,9181
701,1602
701,2390
701,7579
701,8681
702,3092
702,5819
702,7644
702,7844
703,4894
703,6555
703,8892
703,9907
704,1167
704,5927
704,7076
704,7337
704,9888
705,773
705,857
705,1597
705,6720
705,7177
706,2674
706,3351
706,3687
706,8557
707,2624
707,3409
707,5117
707,5195
708,3890
708,4321
708,6582
708,9516
709,1831
709,1988
709,5133
709,6646
709,9420
710,2490
710,2866
710,3571
710,4409
710,7905
711,3583
711,7508
711,7725
711,8836
712,3196
712,5706
712,7249
712,9114
713,1808
713,2053
713,3953
713,6027
713,9254
713,9602
714,3928
714,8551
714,9927
715,4133
715,5849
715,6677
715,7369
716,2644
716,3125
716,7871
716,8730
716,9235
717,750
717,2310
717,4035
717,6446
717,9151
718,1000
718,2802
718,3971
718,8808
719,4185
719,5049
719,5241
719,8393
719,8540
720,2261
720,5063
720,8820
721,746
721,2039
721,2733
721,7273
721,8309
722,1045
722,8007
723,1119
723,3241
723,4658
723,5508
724,1374
724,1842
724,2385
724,5589
724,9861
725,2369
725,4835
725,6627
725,9161
726,1718
726,3701
726,7943
726,8935
727,3963
727,4682
727,6809
728,4226
728,4597
728,5497
728,5951
729,2074
729,2558
729,6402
729,8762
729,8813
730,1227
730,2885
730,4627
730,4891
730,9100
731,1402
731,3765
731,6447
731,6921
731,8782
731,9379
732,1500
732,3374
732,4929
732,9409
733,889
733,3671
733,7429
733,8337
734,2242
734,8899
734,9286
735,2773
735,4606
735,5887
735,8537
736,932
736,4754
736,5031
736,5816
736,8676
737,2060
737,2266
737,4648
737,9336
738,4330
738,5132
738,6684
738,8428
739,1710
739,3939
739,4291
739,7853
740,3864
740,5080
741,2195
741,2459
741,2920
741,3365
741,6534
741,8577
742,3196
742,5710
742,7249
742,7598
743,7043
743,7467
743,8061
743,8697
743,9940
744,4256
744,4750
744,6665
744,7436
745,2383
745,3070
745,7627
745,9772
746,2039
746,2733
746,5696
746,8309
746,8739
747,3346
747,3983
747,6672
747,7263
747,8213
748,1330
748,6107
748,7615
748,8175
749,5023
749,5950
749,7720
749,8528
750,2310
750,4035
750,6384
750,6446
750,9151
751,1159
751,7274
751,8823
751,9637
752,4010
752,6639
752,7347
753,1049
753,3883
753,6545
753,8567
753,9503
754,3232
754,3320
754,4284
754,4770
755,3375
755,6052
755,6915
755,8131
755,8192
756,2034
756,2922
756,3647
756,3949
757,4574
757,5457
757,6299
757,6933
757,9312
758,987
758,2420
758,3389
758,7410
759,2388
759,2407
759,5799
759,7468
759,9063
759,9860
760,2437
760,8512
760,9027
760,9577
761,3831
761,4026
761,5360
761,8317
762,2167
762,2282
762,2979
762,6228
762,8699
762,9568
763,2106
763,6507
763,7200
763,7840
763,7967
764,1919
764,3077
764,3293
764,3837
764,5412
764,7124
765,1048
765,3837
765,5470
766,2070
766,4032
766,7023
766,8208
766,8893
767,3599
767,6240
767,6407
768,3224
768,5585
768,6662
768,7319
768,9979
769,828
769,1175
769,2006
769,2378
769,7184
770,2161
770,3808
770,4237
770,8091
771,2312
771,4108
771,6701
771,8146
772,793
772,2940
772,3802
772,3987
772,5878
773,1597
773,4699
773,7205
774,7327
774,8090
774,9702
775,2834
775,6437
775,7656
775,7930
775,8040
776,3970
776,4812
777,1072
777,2236
777,2760
777,4921
778,1079
778,2457
778,2528
778,4639
778,4874
778,5411
778,5567
779,6603
779,7395
779,8135
780,4488
780,5162
780,8136
780,8668
781,4841
781,5875
781,9158
782,1512
782,2450
782,4343
782,4516
783,3680
783,6320
783,7807
783,9364
784,4164
784,4279
784,7371
785,3548
785,5959
785,6227
785,9496
786,1496
786,2662
786,3542
786,4158
786,5212
786,8095
787,1548
787,3528
787,7420
787,7884
788,1100
788,2912
788,5650
788,5956
788,6155
789,1329
789,3445
789,9350
789,9489
790,2572
790,3800
790,4486
790,8954
791,2877
791,3286
791,5513
791,8976
792,1419
792,6070
792,6991
792,8978
793,2940
793,5878
793,9175
794,1242
794,5224
794,8665
794,9380
795,2495
795,3527
795,5013
795,7007
795,7518
795,7688
795,9620
796,933
796,2283
796,5706
796,8189
796,9114
797,1037
797,1078
797,1236
797,1453
797,2639
797,4062
797,6903
798,1215
798,7988
798,8601
798,9836
799,1363
799,1379
799,4319
799,8818
799,9590
800,835
800,1430
800,1737
800,3514
801,1309
801,2932
801,8923
801,9155
801,9246
802,3991
802,5318
802,6192
802,7704
802,7937
802,8719
803,1308
803,6217
803,8239
803,8680
804,5053
804,5266
804,7649
804,7671
804,7944
805,1454
805,1486
805,6641
805,7058
805,7891
805,8236
805,8701
805,8716
806,2049
806,4238
806,5560
806,8742
807,2330
807,2990
807,3206
807,5197
807,6315
808,838
808,3289
808,6112
808,6195
808,8766
809,4022
809,6204
809,6362
809,6663
810,935
810,2291
810,2638
810,2975
810,4951
810,6955
810,9747
810,9839
811,2274
811,3760
811,4024
811,7628
811,7878
812,1873
812,3804
812,4693
812,7543
812,8347
813,2186
813,3342
813,4193
813,6433
813,7294
814,2542
814,4694
814,7478
814,7575
815,1249
815,1749
815,5643
815,5730
816,1529
816,1681
816,5623
816,6040
816,6460
816,6715
816,7634
816,9345
817,2695
817,8543
817,8594
818,4993
818,6439
818,6624
818,7633
819,4431
819,5669
819,6818
819,8379
820,3504
820,4673
820,8408
820,9143
820,9244
821,2311
821,2515
821,3484
821,5372
821,5629
821,7730
822,6729
822,7408
822,8882
822,9384
823,1777
823,2873
823,5655
823,8981
824,2229
824,2661
824,4145
824,6365
824,6775
825,1273
825,3551
825,6201
825,8845
825,8863
826,2307
826,4728
826,7737
826,8446
827,4150
827,7357
827,7395
828,1187
828,3112
828,7855
829,2217
829,3830
829,7873
829,8944
829,8981
830,2688
830,2757
830,5920
830,7480
830,8457
831,2474
831,6203
831,6229
831,7169
831,9791
832,2432
832,3442
832,3816
832,4153
832,4404
832,5608
833,1855
833,2081
833,5144
833,5319
833,8138
834,3307
834,4964
834,6267
834,7933
834,9156
834,9752
835,1737
835,4538
835,6263
835,6753
835,8647
836,1275
836,2277
836,7309
836,7710
837,7033
837,7581
837,9224
838,3345
838,5237
838,6112
839,2212
839,2889
839,3874
839,5902
839,8321
840,1149
840,1839
840,2328
840,7097
840,8340
840,9711
841,6342
841,6913
841,7711
841,8645
842,924
842,3172
842,5952
842,6336
843,4471
843,6487
843,7448
843,9471
844,1604
844,5729
844,6851
845,3562
845,3691
845,5919
846,1458
846,3409
846,3486
846,5117
846,5868
847,3296
847,4861
847,5225
847,5519
847,5948
847,6923
847,9228
847,9943
848,1540
848,7129
848,7260
848,7842
848,8412
849,2225
849,3723
849,4053
849,6998
849,9072
850,5035
850,5309
850,7299
850,9947
851,1475
851,3016
851,8725
851,9905
852,1487
852,3387
852,3725
852,6761
852,7702
853,4989
853,6293
853,7604
853,9138
853,9453
854,3121
854,3927
854,4013
854,5759
854,7569
855,1903
855,6934
855,8390
855,9770
856,2644
856,4853
856,5303
856,6897
856,8727
856,9080
857,1976
857,2556
857,6720
857,8631
858,1464
858,2056
858,3704
858,9517
859,3540
859,6166
859,6341
859,8286
860,3065
860,6527
860,9135
860,9236
860,9656
861,1017
861,7854
861,8322
861,9306
862,3964
862,4630
862,5114
862,5525
862,6426
862,8849
862,9859
863,3800
863,4486
863,7016
863,8511
863,8942
864,989
864,6031
864,7795
864,8704
865,3032
865,3438
865,7233
865,7828
866,4412
866,7075
866,8353
866,9588
867,1746
867,2022
867,3746
867,4297
867,7950
867,9751
868,1584
868,3284
868,3601
868,3718
868,3740
868,6355
868,8072
869,2956
869,3312
869,9639
869,9798
870,3622
870,4088
870,4890
870,5748
870,6172
870,9165
871,1754
871,3333
871,5980
871,9655
872,4340
872,6142
872,8109
872,9202
873,1481
873,3627
873,8778
873,9362
874,2197
874,3599
874,6240
874,8252
875,3007
875,6449
875,7123
875,7231
876,4735
876,9190
876,9469
876,9599
877,7158
877,8965
877,9989
878,3735
878,6238
878,8906
878,9893
878,9900
879,3481
879,3519
879,5690
879,6404
879,7192
879,9569
879,9919
880,1115
880,2447
880,4839
880,8671
881,1188
881,2449
881,7900
881,8726
882,3810
882,4410
882,4521
882,9446
883,1595
883,1683
883,2549
883,6152
883,9788
884,2624
884,2679
884,3409
884,5117
884,5195
884,8241
885,1193
885,7154
885,7427
885,9388
886,1271
886,2683
886,3272
886,9337
887,1394
887,6332
887,8022
888,1910
888,8693
888,8703
889,2652
889,5256
889,6381
889,8337
890,1644
890,3767
890,6445
890,9746
891,3042
891,4249
891,5437
891,7315
891,9414
892,1543
892,2390
892,2822
892,7056
892,8116
893,4048
893,4063
893,5677
893,7510
894,4637
894,5644
894,5695
894,9801
895,7498
895,8871
895,9109
895,9938
896,1177
896,3679
896,4596
896,4845
896,6794
897,3580
897,3606
897,6792
897,7557
897,8476
897,9294
898,996
898,3903
898,8145
898,8634
898,8636
899,1021
899,3407
899,3907
899,5255
899,6151
900,1813
900,2938
900,2941
900,5582
900,6961
900,7331
900,8678
901,1182
901,2832
901,7472
901,8500
902,3448
902,6117
902,8463
902,8881
903,2112
903,3552
903,4613
904,4254
904,4502
904,4884
904,5181
905,2277
905,6064
905,7710
905,9854
906,4908
906,4953
906,5552
906,9157
907,1308
907,4313
907,8311
907,8542
907,9559
908,2105
908,7923
908,8893
909,2005
909,3611
909,3643
909,7353
909,9035
909,9592
910,4250
910,5083
910,7928
910,8757
910,9575
911,1627
911,5571
911,5619
912,3592
912,4184
912,6100
912,6429
912,6580
912,7851
913,1208
913,1543
913,1726
913,3496
913,4824
913,8053
914,1221
914,4965
914,5658
914,7608
915,986
915,1972
915,6829
915,7227
915,9973
915,9995
916,4628
916,5598
916,8766
916,9009
917,2393
917,3694
917,4160
917,6024
917,9408
918,1126
918,2692
918,4796
918,6467
918,7189
919,2548
919,3222
919,3535
919,8541
920,1299
920,2697
920,4545
920,4713
920,5842
921,1857
921,2536
921,2772
921,5161
921,6018
922,2630
922,5043
922,8386
922,8887
922,9162
923,4159
923,4819
923,6231
923,7806
924,2169
924,3172
924,3561
924,6336
925,1596
925,4933
925,6470
925,7601
925,8855
926,5741
926,5918
926,7405
926,9655
927,1357
927,2203
927,2452
927,3426
927,8068
927,9886
928,1224
928,1716
928,3639
928,3988
928,4165
928,6180
929,2640
929,6793
929,8253
929,9433
929,9756
930,961
930,3441
930,4829
930,8461
931,1220
931,3525
931,3602
931,6978
932,2779
932,3130
932,4123
932,4754
932,5031
932,9053
933,7362
933,9114
933,9892
934,1304
934,1585
934,1812
934,2559
935,2638
935,7479
935,9839
936,956
936,6503
936,8858
936,9234
937,1703
937,2100
937,6497
937,8819
938,3455
938,4618
938,4730
938,4901
938,8184
939,1070
939,3700
939,4069
939,4672
939,6620
940,4244
940,4336
940,8398
940,9851
941,2320
941,2576
941,2808
941,7173
942,1490
942,1941
942,2557
942,3844
942,5617
943,3665
943,3995
943,4396
943,5448
943,7068
943,8336
943,9149
943,9266
944,4926
944,5381
944,6070
944,9749
945,4593
945,5463
945,6297
945,9201
946,4829
946,4913
946,5038
946,9403
947,1234
947,2344
947,2403
947,2470
947,3187
947,5713
947,6035
948,2094
948,3499
948,6779
948,9069
949,4066
949,4764
949,5403
949,6953
949,7415
949,8775
950,3039
950,4081
950,4453
950,6831
951,1804
951,7183
951,8376
951,9981
952,1214
952,1783
952,4315
952,6723
952,8362
953,2107
953,4652
953,6189
953,7462
953,9515
954,2795
954,8735
954,8997
955,2084
955,7526
955,9942
956,4140
956,4823
956,6503
956,8858
956,9234
957,4580
957,5089
957,6874
957,8494
958,978
958,1995
958,2016
958,4594
958,4871
958,7276
959,3419
959,3471
959,5391
959,6471
960,7255
960,7435
960,8064
960,8712
961,1219
961,4829
961,7770
962,4858
962,6497
962,7074
962,8020
963,1991
963,3124
963,3434
964,1900
964,2138
964,9412
965,1786
965,1830
965,2216
965,3980
965,5064
966,1013
966,3164
966,7174
966,9820
967,6574
967,8443
967,9304
968,3591
968,3736
968,3807
968,5047
969,1886
969,3117
969,3834
969,7250
970,2475
970,6500
971,1311
971,5177
971,6527
971,8478
972,1417
972,1645
972,3292
972,4580
972,8722
973,4425
973,5137
973,8817
973,9677
974,2648
974,7670
974,7680
974,8036
975,1060
975,1619
975,2294
975,5151
975,7469
976,4656
976,6394
976,7857
977,1326
977,1404
977,3283
977,4757
977,9447
978,1509
978,1995
978,3184
978,4594
979,2473
979,4159
979,4216
980,5346
980,5616
980,8953
980,9169
981,4494
981,4690
981,6758
981,8531
982,1984
982,7364
982,8533
982,9879
983,3345
983,5237
983,6112
984,1030
984,1278
984,2777
984,8733
985,2978
985,5189
985,7146
986,6709
986,9995
987,2420
987,3389
987,9844
988,1835
988,2775
988,4651
988,5867
988,6687
988,9230
989,1365
989,6031
989,7972
989,8603
989,8704
990,3864
990,5024
990,5027
990,9943
991,2525
991,5592
991,6644
991,7203
991,8021
992,6321
992,9027
992,9340
992,9577
992,9828
993,2323
993,2466
993,8143
993,8688
993,9030
994,1884
994,1906
994,4203
994,5802
995,4563
995,4942
995,8019
995,8628
995,8834
995,9092
996,3903
996,8145
996,8634
996,8636
996,8641
997,1859
997,2831
997,5041
997,5645
997,6605
997,9182
998,4262
998,4515
998,7986
999,2608
999,3688
999,5903
999,8520
1000,3498
1000,8146
1000,8808
1001,6909
1001,7552
1001,8728
1001,8873
1001,9046
1002,2477
1002,6596
1002,7316
1002,8435
1003,1189
1003,2046
1003,5423
1003,6073
1003,7330
1003,8049
1003,9975
1004,1265
1004,1822
1004,2037
1004,3970
1005,3420
1005,4827
1005,6697
1005,7172
1006,2593
1006,4571
1006,6519
1006,7589
1007,1323
1007,4206
1007,7054
1007,7987
1007,8755
1008,2966
1008,4878
1008,5805
1008,6278
1008,6485
1008,7566
1009,1316
1009,3840
1009,5947
1009,8527
1009,9180
1010,1403
1010,2034
1010,3706
1011,5850
1011,6682
1011,7016
1011,8511
1012,4275
1012,4290
1012,5766
1012,7400
1013,1472
1013,5030
1013,5150
1013,7174
1013,9820
1014,3227
1014,3468
1014,7659
1015,2152
1015,4706
1015,5447
1015,8645
1016,1621
1016,4168
1016,4855
1016,6758
1017,7854
1017,8322
1017,9661
1018,1135
1018,3512
1018,8651
1018,9394
1019,4981
1019,5741
1019,7085
1020,3178
1020,5664
1020,7224
1020,7483
1021,3664
1021,3907
1021,5255
1021,7899
1022,2524
1022,4579
1022,8590
1023,1725
1023,2324
1023,5034
1023,8102
1023,8776
1023,9243
1024,3549
1024,7893
1024,9417
1024,9422
1024,9612
1024,9727
1025,2067
1025,4035
1025,5330
1025,8556
1025,9151
1025,9528
1026,1791
1026,3048
1026,3204
1026,3722
1026,4734
1026,8034
1026,8559
1027,5194
1027,5546
1027,5844
1027,6087
1027,6415
1028,1519
1028,5732
1028,7534
1028,8864
1029,4363
1029,5308
1029,8605
1029,9150
1029,9657
1030,2777
1030,6749
1030,6880
1030,8733
1031,2165
1031,5255
1031,8919
1031,9074
1032,3976
1032,5078
1032,5561
1032,5755
1032,8803
1033,4046
1033,4681
1033,5958
1033,7592
1034,2704
1034,5095
1034,5996
1035,1327
1035,3623
1035,5146
1035,5998
1036,1246
1036,6767
1036,7761
1036,8032
1037,1236
1037,1371
1037,1756
1038,2156
1038,2754
1038,3361
1038,4091
1038,9081
1039,1963
1039,4263
1039,6781
1039,6997
1039,8030
1039,9857
1040,2011
1040,2793
1040,6747
1040,6776
1041,2723
1041,4495
1041,6560
1041,6649
1041,6896
1041,7684
1042,4218
1042,7333
1042,7662
1042,7996
1043,1631
1043,2696
1043,3822
1043,4015
1043,4946
1044,3053
1044,3546
1044,7771
1044,8516
1045,2329
1045,6901
1045,8101
1046,2804
1046,3012
1046,3137
1046,3557
1046,5052
1046,8632
1046,9903
1047,5074
1047,5736
1047,6865
1048,5470
1048,6373
1049,3883
1049,3968
1049,4401
1049,9503
1050,1679
1050,1891
1050,2478
1050,8177
1050,8479
1051,1525
1051,3712
1051,4349
1052,3215
1052,4711
1052,6047
1052,9435
1053,1511
1053,3880
1053,4347
1053,6023
1053,6428
1054,1570
1054,2016
1054,7829
1054,9347
1054,9680
1055,1952
1055,4140
1055,6663
1055,9529
1056,1915
1056,7146
1056,7889
1056,7894
1056,8940
1057,1364
1057,2499
1057,3087
1057,5574
1058,2205
1058,2520
1058,4928
1058,5556
1058,6161
1058,7672
1058,9159
1059,1605
1059,2048
1059,6556
1059,6774
1060,2294
1060,2680
1060,4186
1060,5468
1061,1468
1061,1589
1061,5105
1061,7280
1061,9675
1062,1450
1062,2258
1062,2562
1063,1520
1063,1694
1063,2190
1063,3466
1063,4270
1063,6868
1064,1419
1064,2729
1064,3127
1064,8170
1064,9558
1065,2782
1065,4775
1065,7061
1065,8904
1066,2480
1066,2871
1066,3199
1066,5298
1066,7122
1067,2584
1067,4014
1067,6698
1067,7733
1067,9815
1067,9891
1068,3073
1068,4650
1068,4715
1068,6491
1068,8384
1069,3709
1069,5594
1069,6653
1069,8758
1070,3700
1070,4069
1070,6080
1071,4455
1071,5624
1071,7293
1071,7939
1071,9402
1072,1626
1072,4921
1072,7256
1072,7645
1072,9472
1073,1090
1073,2839
1074,2265
1074,2778
1074,3214
1074,3353
1074,7132
1074,9122
1075,1810
1075,1958
1075,2142
1075,2599
1075,8682
1076,1666
1076,4249
1076,4973
1076,5441
1077,1218
1077,2061
1077,5994
1077,6306
1077,7609
1077,8106
1077,9016
1078,1453
1078,4062
1078,6903
1079,2457
1079,6969
1079,9455
1080,1356
1080,3834
1080,4377
1080,5852
1081,1370
1081,1443
1081,6906
1082,6417
1082,7274
1082,7881
1082,7910
1083,1245
1083,3303
1083,4272
1083,9434
1084,3379
1084,3678
1084,4282
1084,8294
1084,8318
1084,8761
1085,5616
1085,7375
1085,9169
1085,9704
1086,1771
1086,3098
1086,4111
1086,5954
1086,7390
1086,7464
1086,9221
1087,2642
1087,3055
1087,3328
1087,3391
1087,4474
1087,7099
1088,2400
1088,2469
1088,3213
1089,1611
1089,4810
1089,7048
1089,9011
1090,1769
1090,7030
1090,7816
1091,1471
1091,3979
1091,4082
1091,5106
1092,2727
1092,6987
1092,7264
1092,7984
1092,8224
1092,8351
1093,1413
1093,4113
1093,7556
1093,8854
1094,3025
1094,4406
1094,4850
1094,5242
1094,8228
1095,1410
1095,2437
1095,5680
1095,8512
1096,4564
1096,8120
1096,8505
1096,9672
1097,1603
1097,3787
1097,4143
1097,6883
1098,4146
1098,5291
1098,6658
1099,3418
1099,5433
1099,6282
1099,6304
1099,9057
1100,2912
1100,3377
1100,5650
1101,1623
1101,3726
1101,4389
1101,5065
1101,5205
1101,8288
1102,3268
1102,6403
1102,6861
1102,7109
1103,2244
1103,5800
1103,6922
1103,8609
1104,3792
1104,5762
1104,6131
1104,7322
1105,8080
1105,8902
1105,9564
1105,9658
1106,1325
1106,2866
1106,3571
1106,4409
1106,8491
1107,2150
1107,2762
1107,6494
1108,2977
1108,4597
1108,5951
1108,9584
1109,4789
1109,7666
1109,8471
1109,9134
1110,1438
1110,2325
1110,6083
1110,8153
1111,1807
1111,2689
1111,3462
1111,3806
1111,7050
1112,2666
1112,3635
1112,6444
1112,9585
1113,1270
1113,1660
1113,3711
1113,8334
1114,3461
1114,4747
1114,6848
1114,8646
1115,5233
1115,7925
1116,2862
1116,5430
1116,8191
1116,8406
1117,3528
1117,4896
1117,7420
1117,8185
1118,5906
1118,5937
1118,7090
1118,7419
1118,8985
1119,5508
1119,6732
1119,7472
1119,8810
1119,9168
1120,1768
1120,5329
1120,7802
1120,9411
1121,3402
1121,4109
1121,4652
1121,5393
1121,6377
1121,7159
1122,1882
1122,5718
1122,7653
1122,8524
1122,9390
1123,4181
1123,6490
1123,7455
1123,8921
1124,2995
1124,3101
1124,7525
1124,9956
1125,4411
1125,9195
1125,9520
1125,9747
1126,2692
1126,4796
1126,6326
1127,1184
1127,2540
1127,7573
1127,9176
1128,2342
1128,5674
1128,5699
1128,7801
1129,2820
1129,7536
1129,8960
1129,9755
1130,5252
1130,6102
1130,7199
1130,7861
1130,8436
1130,8546
1131,1920
1131,5081
1131,7654
1131,8607
1131,9284
1132,3268
1132,4712
1132,4955
1132,8672
1133,3815
1133,5434
1133,6569
1133,7188
1133,7849
1134,2267
1134,2917
1134,8045
1134,8890
1135,4171
1135,5518
1135,8651
1136,4665
1136,5192
1136,5258
1136,8220
1137,1499
1137,3858
1137,3900
1137,8419
1137,9911
1138,4137
1138,4557
1138,5985
1138,7141
1139,1503
1139,1738
1139,3894
1139,4008
1139,5019
1139,6378
1139,6834
1140,2969
1140,9293
1140,9300
1141,1608
1141,4044
1141,5781
1141,7194
1142,4650
1142,4970
1142,6174
1143,3193
1143,3430
1143,7418
1143,8536
1144,2903
1144,4306
1144,4724
1144,4875
1145,2253
1145,2440
1145,4501
1145,4675
1145,7863
1145,9653
1146,1375
1146,3107
1146,4497
1146,6841
1146,7642
1146,8439
1147,2698
1147,3188
1147,3653
1147,4132
1147,5028
1148,4837
1148,7733
1148,9815
1149,2328
1149,9711
1150,2128
1150,3305
1150,4736
1150,5723
1150,6839
1150,9333
1151,1945
1151,5461
1151,5502
1151,6177
1151,6456
1152,6941
1152,7681
1152,8803
1153,2711
1153,4490
1153,9970
1154,1909
1154,6967
1154,8001
1155,2409
1155,2477
1155,3191
1155,8435
1155,9764
1156,1583
1156,1879
1156,3338
1156,3357
1157,1400
1157,7125
1157,7884
1157,9344
1158,5419
1158,5749
1158,7028
1158,7726
1158,8361
1159,5279
1159,6539
1159,9637
1160,3523
1160,5613
1160,6343
1160,9010
1161,1609
1161,4762
1161,5157
1161,9262
1162,3031
1162,3897
1162,4444
1162,4931
1162,6153
1163,3154
1163,4548
1163,6119
1163,6242
1163,6765
1163,7785
1163,9407
1164,2882
1164,5815
1164,8031
1164,8414
1165,3220
1165,5107
1165,6344
1165,6736
1166,2572
1166,4575
1166,5923
1166,6966
1166,7167
1166,8954
1167,1345
1167,5927
1167,7723
1168,1386
1168,7377
1168,8675
1169,1377
1169,3849
1169,5481
1169,6005
1170,7570
1170,7808
1170,8514
1170,9640
1171,2818
1171,3835
1171,4944
1171,4979
1171,8756
1171,9532
1171,9873
1172,2095
1172,4384
1172,4489
1172,5427
1173,2235
1173,5705
1173,8395
1174,5363
1174,5625
1174,7113
1174,7965
1175,2006
1175,2378
1175,7184
1175,9626
1175,9920
1176,1857
1176,2191
1176,2676
1176,4403
1176,5161
1177,3679
1177,4596
1177,6794
1178,3572
1178,4591
1178,5760
1178,8427
1179,1846
1179,4025
1179,7291
1179,8148
1180,2482
1180,4769
1180,8988
1180,9096
1180,9328
1181,2592
1181,3886
1181,7651
1181,9048
1181,9935
1182,2832
1182,8103
1182,8500
1182,9138
1183,2164
1183,2219
1183,2287
1183,7690
1183,9629
1184,2540
1184,5335
1184,5444
1184,7374
1184,7573
1184,8849
1185,1552
1185,3321
1185,9509
1186,3263
1186,7544
1186,8453
1186,9705
1187,3112
1187,6911
1187,7855
1188,1727
1188,2449
1188,7825
1188,7900
1188,8726
1189,2046
1189,5423
1189,7719
1189,8049
1189,9975
1190,3541
1190,3916
1190,5797
1190,7278
1190,7305
1191,2148
1191,3778
1191,4288
1191,7226
1191,8371
1191,9034
1192,1299
1192,2697
1192,7006
1193,3901
1193,7154
1193,9388
1194,2341
1194,3516
1194,4600
1194,7248
1195,2881
1195,3052
1195,4025
1195,5337
1195,8532
1196,5066
1196,5603
1196,9199
1196,9451
1197,1833
1197,2222
1197,5785
1197,9283
1198,5046
1198,6481
1198,7728
1198,8753
1199,1357
1199,2000
1199,2452
1199,7735
1199,7830
1199,7843
1199,8301
1199,9054
1200,3616
1200,4182
1200,6459
1200,7486
1200,7961
1201,3847
1201,4538
1201,6263
1201,6996
1201,7009
1202,1691
1202,2134
1202,4491
1202,7031
1203,2065
1203,2418
1203,4195
1203,4224
1203,5060
1203,5757
1204,3126
1204,3364
1204,4533
1204,7481
1205,2436
1205,3033
1205,4374
1205,6760
1206,1869
1206,5239
1206,8167
1206,8864
1207,2573
1207,4096
1207,7239
1207,7595
1208,1726
1208,1761
1208,2822
1208,4824
1208,5331
1208,8053
1209,3091
1209,3842
1209,8046
1210,3449
1210,4756
1210,9949
1211,1897
1211,3587
1211,8387
1212,1431
1212,4643
1212,7558
1212,9929
1213,5873
1213,6610
1213,6636
1213,6670
1213,7722
1214,1562
1214,1783
1214,3412
1214,4315
1214,6661
1214,6852
1214,8362
1215,5143
1215,6292
1215,7988
1215,9836
1216,3472
1216,4100
1216,5773
1216,6413
1216,9862
1217,2841
1217,5222
1217,5688
1217,5899
1218,4020
1218,4924
1218,5994
1218,7609
1218,8504
1219,2605
1219,5169
1219,7770
1219,7882
1220,3045
1220,4633
1220,5573
1221,5658
1221,6561
1221,7608
1222,4098
1222,4752
1222,7166
1222,9366
1222,9775
1223,4925
1223,4952
1223,5151
1223,7800
1224,1716
1224,4165
1224,5548
1224,5776
1224,6180
1224,7359
1225,2577
1225,3596
1225,4359
1225,4880
1225,9669
1226,3160
1226,5265
1226,7284
1227,2885
1227,4627
1227,4891
1227,5961
1227,6144
1228,2629
1228,5378
1228,8322
1228,9661
1228,9753
1229,2454
1229,3501
1229,4242
1230,3845
1230,4849
1230,6703
1230,6985
1230,7275
1231,2623
1231,4434
1231,5634
1231,9882
1232,3116
1232,3208
1232,3432
1232,3710
1232,3826
1232,6492
1232,7968
1233,3648
1233,5264
1233,6784
1233,7119
1233,8130
1233,9004
1234,2316
1234,2344
1234,3187
1235,2651
1235,4090
1235,4134
1235,5774
1236,1371
1236,1756
1236,4062
1236,6462
1236,9193
1237,2151
1237,2280
1237,2757
1237,7935
1237,8457
1238,4507
1238,5528
1238,6820
1238,7180
1238,8096
1239,1668
1239,4932
1239,5984
1239,9799
1240,1815
1240,6414
1240,9582
1240,9767
1241,2051
1241,4731
1241,6062
1241,9431
1241,9709
1242,6942
1242,8665
1242,9380
1243,2701
1243,3344
1243,3386
1243,3454
1243,8521
1244,3847
1244,4538
1244,8647
1245,2994
1245,3303
1245,7797
1245,9434
1246,5506
1246,6767
1246,7442
1246,8032
1247,1353
1247,2957
1247,5861
1247,6847
1247,7494
1248,2049
1248,5560
1248,7243
1248,8626
1248,9572
1249,5643
1249,6391
1250,3460
1250,3595
1250,6349
1250,8277
1251,3774
1251,6237
1251,6642
1251,9372
1252,8239
1252,8487
1252,9331
1252,9969
1253,1937
1253,4892
1253,5554
1253,9865
1254,1263
1254,4758
1254,5251
1254,5375
1254,5671
1254,6432
1254,7635
1255,2335
1255,5090
1255,6257
1255,6826
1255,8591
1256,1856
1256,1921
1256,3493
1256,8984
1256,9656
1257,2539
1257,4832
1257,7973
1257,9365
1258,5029
1258,5672
1258,7161
1258,8596
1259,2353
1259,4608
1259,4825
1259,4879
1259,5739
1259,5969
1259,7379
1259,8303
1260,3736
1260,3827
1260,5033
1260,7209
1260,8291
1261,1702
1261,3002
1261,3344
1261,3454
1262,2588
1262,3237
1262,6246
1262,8418
1263,3033
1263,5375
1263,7078
1264,2274
1264,3279
1264,3677
1264,4307
1264,5936
1264,7519
1264,7878
1265,1545
1265,1822
1265,3970
1265,6064
1266,1359
1266,1966
1266,6493
1266,8792
1267,4225
1267,4800
1267,6075
1267,6505
1267,6612
1267,7302
1268,5565
1268,5610
1268,5889
1268,5891
1268,6983
1268,7252
1268,9918
1269,1435
1269,2585
1269,4148
1269,6130
1269,6457
1270,1660
1270,8334
1271,2563
1271,3253
1271,3272
1271,4859
1272,4678
1272,5405
1272,8341
1272,8538
1272,9795
1273,4264
1273,8845
1274,2178
1274,2370
1274,5288
1274,5504
1274,9479
1275,2277
1275,7309
1275,7710
1276,1522
1276,4885
1276,6600
1276,6638
1276,6972
1276,9148
1277,2498
1277,6954
1277,9000
1277,9427
1278,2893
1278,3110
1278,8733
1279,4220
1279,7053
1279,8539
1279,9864
1280,5953
1280,9302
1280,9732
1280,9926
1281,3037
1281,7848
1281,8267
1281,9866
1282,1801
1282,5159
1282,8514
1282,9948
1283,1792
1283,2325
1283,2789
1283,3683
1283,5613
1283,9112
1284,2792
1284,2904
1284,5479
1284,6887
1284,8022
1285,2405
1285,4070
1285,5282
1285,7450
1285,7599
1285,7909
1285,8969
1286,3256
1286,4017
1286,7697
1286,8562
1287,4188
1287,6109
1287,7437
1288,3767
1288,5516
1288,7201
1288,7242
1288,9718
1289,2878
1289,4036
1289,5050
1289,5367
1290,4328
1290,5213
1290,6317
1290,6473
1290,9644
1291,2497
1291,2908
1291,5091
1291,6711
1292,2021
1292,3688
1292,3707
1292,6308
1292,9397
1293,4117
1293,4460
1293,4506
1293,7328
1294,3128
1294,4476
1294,5373
1294,8156
1294,9720
1295,1474
1295,5839
1295,8590
1295,8661
1296,1380
1296,5645
1296,6677
1296,7063
1297,1442
1297,3488
1297,7101
1297,9406
1298,2543
1298,6918
1298,7210
1298,8405
1298,8458
1298,8568
1299,2697
1299,4742
1300,1828
1300,3649
1300,4233
1300,6699
1300,9802
1300,9998
1301,2832
1301,4989
1301,5812
1301,6293
1302,1582
1302,5142
1302,5626
1302,9538
1302,9827
1303,1844
1303,1928
1303,6008
1303,6403
1303,7516
1304,1585
1304,1812
1304,2559
1304,6547
1304,6889
1305,3103
1305,3869
1305,6419
1305,7957
1305,8715
1305,8842
1306,3390
1306,3475
1306,7102
1306,9251
1307,6337
1307,6708
1307,6717
1307,9689
1308,8239
1308,8311
1308,8487
1308,8542
1308,8680
1308,9559
1309,2932
1309,5321
1309,8923
1310,4685
1310,5079
1310,8910
1310,9028
1310,9512
1311,5177
1311,6527
1311,8478
1312,6116
1312,6917
1312,9737
1313,1372
1313,4030
1313,4897
1313,8913
1314,1799
1314,2036
1314,8408
1314,9566
1315,6633
1315,8413
1315,9177
1315,9525
1316,1483
1316,5808
1316,5947
1316,8664
1316,8874
1317,1537
1317,4060
1317,4087
1317,7247
1318,1462
1318,1992
1318,2033
1318,4215
1319,1795
1319,4967
1319,8957
1319,9951
1320,1964
1320,3188
1320,4666
1320,5395
1321,3526
1321,3618
1321,6149
1321,8449
1322,2681
1322,4052
1322,4477
1322,6799
1323,1635
1323,4206
1323,8755
1324,1515
1324,2800
1324,5404
1324,7705
1324,7883
1324,8598
1325,2866
1325,3571
1325,3833
1325,5810
1325,9488
1326,2877
1326,4523
1326,7555
1326,8976
1326,9447
1327,3623
1327,5125
1328,1583
1328,2159
1328,2633
1328,3338
1329,2083
1329,3158
1329,3445
1329,4567
1329,8083
1329,9489
1330,2085
1330,5712
1330,7615
1330,7763
1330,8175
1331,2481
1331,3919
1331,4613
1331,9160
1332,4729
1332,4752
1332,8659
1333,1361
1333,6863
1333,8539
1333,9393
1333,9473
1333,9864
1334,3652
1334,3731
1334,5703
1334,8536
1335,1950
1335,3982
1335,5938
1336,1799
1336,2785
1336,5458
1336,8727
1337,3226
1337,5234
1337,6430
1337,8759
1337,9416
1337,9642
1338,2843
1338,7157
1338,9387
1338,9961
1339,3832
1339,4376
1339,5035
1339,5320
1339,6592
1339,7299
1340,2423
1340,2890
1340,2926
1340,5341
1341,3948
1341,4842
1341,5048
1341,5196
1341,5594
1341,6837
1342,2404
1342,4293
1342,4392
1342,7869
1342,8764
1342,9971
1343,2473
1343,4898
1343,7433
1344,3952
1344,5401
1344,6577
1344,7414
1345,2964
1345,7723
1345,8951
1345,9180
1346,2647
1346,6502
1346,8576
1346,9908
1347,4593
1347,8581
1347,8637
1347,9201
1348,6846
1348,7585
1348,8165
1348,8168
1348,9674
1349,1997
1349,2259
1349,4247
1349,6008
1349,7541
1349,9332
1350,3396
1350,8028
1350,8529
1351,6441
1351,8026
1351,8830
1351,9475
1352,2737
1352,4847
1352,5098
1352,7377
1353,2957
1353,5861
1353,6847
1353,8352
1354,2532
1354,2744
1354,6881
1354,9030
1355,1564
1355,3221
1355,3629
1355,5204
1356,1886
1356,4377
1356,5852
1357,2452
1357,7830
1358,2358
1358,4125
1358,6725
1358,7721
1358,9068
1358,9419
1359,1537
1359,1966
1359,4060
1359,6493
1360,2332
1360,3547
1360,4339
1360,6141
1360,9729
1361,6863
1361,9393
1361,9864
1362,6123
1362,6275
1362,6895
1363,3433
1363,8818
1363,9687
1364,2499
1364,5574
1364,8942
1365,1520
1365,6411
1365,7972
1365,8603
1366,4358
1366,4413
1366,4856
1366,7713
1366,8195
1367,4146
1367,4633
1367,5021
1367,5317
1367,6658
1368,1649
1368,2498
1368,3556
1368,5559
1369,2472
1369,2749
1369,3972
1369,5833
1369,7438
1370,1443
1370,4813
1370,6676
1371,1756
1371,6462
1372,4897
1372,9133
1372,9161
1373,3138
1373,3745
1373,8768
1373,9782
1374,1842
1374,3256
1374,5145
1374,9861
1375,3107
1375,4497
1375,8439
1375,9264
1376,4686
1376,5043
1376,7457
1377,3930
1377,6005
1378,2408
1378,5084
1378,7731
1379,6951
1379,8818
1379,9590
1380,2747
1381,4684
1381,7083
1382,1984
1382,2087
1382,3008
1382,3087
1382,9879
1383,3496
1383,4117
1383,4506
1383,7328
1384,2426
1384,6302
1384,6611
1385,3748
1385,8948
1385,9757
1386,4847
1386,7377
1386,8675
1387,6807
1387,7966
1387,8011
1387,9536
1388,1927
1388,4481
1388,6016
1388,9549
1389,1680
1389,1933
1389,4870
1389,8179
1389,8296
1389,8627
1390,1816
1390,2037
1390,3171
1390,6782
1391,1840
1391,2464
1391,3466
1391,4084
1391,6735
1391,6868
1391,9459
1392,1653
1392,1724
1392,2354
1392,3437
1392,5894
1392,6314
1392,7876
1393,2027
1393,4889
1393,6526
1393,9723
1394,2392
1394,3770
1394,5738
1395,1866
1395,5180
1395,6785
1395,9511
1396,3233
1396,5313
1396,5949
1396,6076
1396,6393
1396,9117
1397,5464
1397,6499
1397,7384
1397,9880
1398,1733
1398,3000
1398,4621
1398,4924
1398,6409
1399,1530
1399,4344
1399,5116
1399,8517
1400,3036
1400,7790
1401,3175
1401,3229
1401,5160
1401,9250
1402,3498
1402,6921
1402,8782
1402,9379
1403,2034
1403,3706
1404,3283
1404,4838
1404,4937
1404,5583
1405,4603
1405,4948
1405,7102
1405,7944
1405,8868
1406,7386
1406,8059
1406,8197
1406,8865
1406,8907
1406,9256
1407,1551
1407,2801
1407,4569
1407,8433
1407,8895
1408,2084
1408,3973
1408,8667
1408,9020
1408,9942
1409,5471
1409,5678
1409,7261
1409,7348
1409,9757
1410,2843
1410,4828
1410,6174
1411,4707
1411,5515
1411,5911
1411,7369
1411,8737
1412,3634
1412,5727
1412,6146
1412,7320
1412,8120
1412,8650
1413,1921
1413,4113
1413,6313
1413,7111
1413,8854
1414,2898
1414,3022
1414,5170
1414,8571
1415,1883
1415,2703
1415,3085
1415,7898
1415,8523
1416,4625
1416,6592
1416,9974
1417,1645
1417,3292
1417,4580
1417,8494
1418,3390
1418,3475
1418,5363
1418,5698
1418,9251
1419,2729
1419,6991
1420,5979
1420,6027
1420,9602
1421,2569
1421,3160
1421,5070
1421,5173
1421,9773
1422,4540
1422,6109
1422,6703
1422,7275
1422,7310
1423,2296
1423,2302
1423,4312
1423,4544
1423,6533
1423,7171
1423,7746
1424,5885
1424,7146
1424,8940
1424,9261
1425,2298
1425,4098
1425,9775
1425,9849
1426,1532
1426,3225
1426,4039
1427,3300
1427,8235
1427,8658
1428,1449
1428,3133
1428,3395
1428,7344
1428,7518
1429,2672
1429,2968
1429,6900
1429,7476
1429,7844
1430,1737
1430,3514
1430,5922
1430,6753
1431,2434
1431,3586
1431,4301
1431,7558
1432,2392
1432,2425
1432,3770
1432,5738
1432,8244
1433,3810
1433,4439
1433,5327
1433,8015
1434,2881
1434,3052
1434,3494
1434,8406
1435,2585
1435,6457
1435,8926
1435,9044
1436,6271
1436,7015
1436,7370
1436,8149
1437,1823
1437,2550
1437,6564
1437,6678
1437,9208
1438,2325
1438,3605
1438,6083
1438,8153
1438,9112
1439,2656
1439,2949
1439,5004
1439,6595
1439,6734
1439,8262
1440,1596
1440,2186
1440,6433
1440,6470
1440,6808
1441,3921
1441,4520
1441,5238
1441,5828
1442,2185
1442,4791
1442,7101
1443,6676
1444,3506
1444,4959
1444,5734
1444,6261
1445,2417
1445,3104
1445,5218
1445,9546
1446,1572
1446,3600
1446,4955
1446,7086
1446,8672
1447,3661
1447,3920
1447,8342
1447,9631
1448,3758
1448,4213
1448,5183
1448,6055
1449,1643
1449,3133
1449,3395
1449,9597
1449,9615
1450,2258
1450,2562
1450,6992
1450,8801
1451,4370
1451,8522
1451,8687
1451,9110
1451,9763
1452,3654
1452,4566
1452,8087
1452,8586
1452,9101
1453,2639
1453,4062
1453,5684
1453,6251
1453,9887
1454,5934
1454,6641
1454,7058
1454,8701
1455,1533
1455,4059
1455,8263
1456,2359
1456,6082
1456,6115
1456,9841
1457,5654
1457,7404
1457,7682
1457,8107
1457,8897
1458,3486
1458,5868
1458,8247
1458,9580
1458,9621
1459,2245
1459,2665
1459,5992
1459,7600
1459,9186
1460,2673
1460,3106
1460,4555
1460,6979
1460,7647
1460,7678
1461,2892
1461,6630
1461,6954
1461,8195
1461,9000
1462,2033
1462,4215
1462,5380
1463,3152
1463,3791
1463,4401
1463,7554
1464,2056
1464,3704
1464,8282
1465,2253
1465,2300
1465,5705
1465,9501
1466,3352
1466,5374
1466,5765
1466,9274
1466,9717
1466,9835
1467,2035
1467,3756
1467,7434
1467,7514
1467,7772
1468,1589
1468,3491
1468,7280
1468,9675
1469,2578
1469,3183
1469,5302
1469,6168
1469,6181
1469,7890
1470,1549
1470,7164
1470,9500
1471,6398
1471,6859
1472,3164
1472,5150
1472,9174
1472,9820
1473,5291
1473,6658
1473,7082
1474,2524
1474,4579
1474,6574
1474,8590
1474,8661
1475,3016
1475,8410
1475,9075
1475,9905
1476,1638
1476,1819
1476,2444
1476,3951
1476,5220
1477,2147
1477,7614
1477,7811
1477,8079
1477,8266
1477,8963
1478,3141
1478,3313
1478,4016
1478,6325
1478,6374
1478,8983
1479,1780
1479,5538
1479,6717
1479,7326
1480,1639
1480,2252
1480,3247
1481,1659
1481,2835
1481,4221
1481,9362
1482,8087
1482,9522
1483,2476
1483,7617
1483,8664
1483,8874
1484,3239
1484,4381
1484,4848
1484,6666
1484,9592
1485,4560
1485,6133
1485,7583
1486,7058
1486,7891
1486,8716
1487,6761
1487,7702
1487,9465
1488,1815
1488,2883
1488,3819
1488,5215
1488,8411
1488,9767
1489,1832
1489,3291
1489,3941
1489,5073
1489,7368
1489,9649
1490,3151
1490,3844
1490,4993
1490,5617
1490,7633
1491,2627
1491,3815
1491,4866
1491,7847
1492,3218
1492,4246
1492,4473
1492,6583
1492,8226
1493,6187
1493,7170
1493,9273
1493,9567
1493,9648
1494,1989
1494,4129
1494,4169
1494,8214
1495,5486
1495,6423
1495,8050
1495,9745
1496,3371
1496,3542
1496,3638
1496,9804
1497,1580
1497,4083
1497,8111
1497,9758
1498,2416
1498,3076
1498,5334
1498,6233
1498,7789
1499,1520
1499,3858
1499,5989
1500,3374
1500,4631
1500,4929
1500,9409
1501,4470
1501,5242
1501,5963
1501,6749
1502,2768
1502,7042
1502,7888
1502,9977
1503,2157
1503,2846
1503,3894
1503,4156
1503,4697
1503,6378
1503,9883
1504,3999
1504,5009
1504,7473
1504,8460
1505,1977
1505,3905
1505,5112
1505,5742
1506,7080
1506,7953
1506,8584
1507,3673
1507,6136
1507,6938
1507,7912
1507,8891
1508,3028
1508,5701
1508,6772
1508,9132
1509,3184
1509,3452
1509,9534
1510,5276
1510,5600
1510,8219
1510,8911
1511,4347
1511,6023
1511,6428
1511,6490
1512,2450
1512,4343
1512,4516
1513,2188
1513,7500
1513,8093
1513,8376
1513,9676
1514,1785
1514,2491
1514,5374
1514,6185
1515,2800
1515,7153
1515,8101
1515,8598
1516,2346
1516,2807
1516,4640
1516,7606
1517,2376
1517,3875
1517,4884
1517,6352
1517,7187
1518,2281
1518,8430
1518,8815
1518,9374
1519,5732
1519,7534
1519,8864
1520,2190
1520,6868
1521,3748
1521,5940
1521,7261
1522,4885
1522,6638
1522,7699
1522,9148
1523,5697
1523,8483
1523,9132
1523,9377
1524,2792
1524,3349
1524,4219
1524,5479
1525,3135
1525,3712
1525,8363
1525,8434
1526,3410
1526,5272
1526,5316
1526,6000
1527,2707
1527,4895
1527,5108
1527,6385
1527,7061
1527,8846
1528,5817
1528,5871
1528,5993
1528,8420
1529,1681
1529,3470
1529,6040
1529,6715
1529,8062
1530,4344
1530,6793
1530,7133
1531,4408
1531,4865
1531,4987
1531,5660
1531,8016
1532,4039
1532,8793
1532,9997
1533,3877
1533,7072
1533,8263
1534,1834
1534,2012
1534,5310
1534,5473
1534,6424
1534,8683
1535,2127
1535,7511
1535,8805
1536,4498
1536,7974
1536,8372
1536,9848
1537,4060
1537,6493
1537,7247
1538,2539
1538,6341
1538,6469
1539,9137
1539,9218
1539,9346
1540,5737
1540,7129
1540,7260
1540,7842
1540,8412
1541,1599
1541,3485
1541,6903
1541,7104
1541,9193
1542,4795
1542,5003
1542,8110
1542,9264
1543,1726
1543,2390
1543,2822
1544,3040
1544,8182
1544,8676
1545,1822
1545,5763
1545,7409
1546,7423
1546,7998
1546,8788
1546,9166
1546,9514
1547,3717
1547,6733
1547,7489
1547,8469
1548,2579
1548,3528
1548,8589
1549,7164
1549,9500
1550,1674
1550,2136
1550,5599
1550,7605
1550,7818
1550,8440
1551,4569
1551,8433
1552,3321
1552,5075
1552,9240
1553,4990
1553,5536
1553,5847
1553,6620
1553,9560
1553,9816
1553,9959
1554,7347
1554,7382
1554,7636
1554,8908
1555,2602
1555,2771
1555,2937
1555,6255
1555,6957
1556,1704
1556,5118
1556,5669
1556,6621
1556,9239
1557,1655
1557,4511
1557,5606
1557,5758
1557,7041
1558,3526
1558,5005
1558,5818
1559,4914
1559,5637
1559,7506
1559,8563
1560,3299
1560,5122
1560,5557
1560,6667
1560,7029
1560,8713
1560,9231
1561,1739
1561,4246
1561,8226
1561,8779
1562,3412
1562,4315
1562,5622
1562,6077
1563,1810
1563,1958
1563,3273
1563,9143
1563,9244
1564,5204
1565,2810
1565,7530
1565,9768
1565,9793
1566,5202
1566,5344
1566,8592
1566,8920
1567,3890
1567,3950
1567,5246
1567,6463
1568,1735
1568,3521
1568,3659
1568,5834
1568,8057
1568,8786
1569,1846
1569,4025
1569,4839
1569,5337
1569,8532
1570,4287
1570,6960
1570,7829
1571,4085
1571,7381
1571,7685
1571,8100
1571,9097
1572,3600
1572,7086
1572,8418
1573,3795
1573,4772
1573,7919
1573,8959
1574,7497
1574,7577
1574,8211
1574,9991
1575,1944
1575,5509
1575,6226
1575,9214
1575,9762
1576,2471
1576,3729
1576,6020
1576,6705
1576,8618
1577,5820
1577,6502
1577,8576
1578,2616
1578,2952
1578,4064
1578,6037
1578,7491
1579,3083
1579,3651
1579,6269
1579,6754
1580,4083
1580,5417
1580,6104
1580,8111
1581,2375
1581,2551
1581,3626
1581,5526
1581,8781
1582,5142
1582,9359
1582,9538
1582,9827
1583,2571
1583,2633
1583,3338
1584,3284
1584,5562
1584,6355
1585,1812
1585,2559
1585,6547
1585,6813
1585,6889
1586,1666
1586,4239
1586,4973
1586,6853
1587,2891
1587,4466
1587,6543
1587,6602
1588,4451
1588,5058
1588,5683
1588,8037
1588,8264
1589,5105
1589,7280
1589,9675
1590,1987
1590,6637
1590,7670
1590,9595
1591,1629
1591,2050
1591,2443
1591,7712
1591,9743
1592,1646
1592,1829
1592,6140
1592,8204
1592,8852
1592,9651
1593,4397
1593,5644
1593,8200
1593,9031
1594,4212
1594,4683
1594,5591
1594,8206
1594,9398
1595,2549
1595,4273
1595,6728
1595,9788
1596,1949
1596,6470
1597,4699
1597,5111
1598,1704
1598,1838
1598,5118
1598,9544
1599,2317
1599,6273
1599,6903
1599,7104
1600,4610
1600,5697
1600,7214
1600,9356
1601,1670
1601,8867
1602,2390
1602,7579
1602,8681
1603,1757
1603,4143
1603,6883
1604,4629
1604,6851
1604,9922
1605,3461
1605,5835
1605,6556
1605,6774
1606,4259
1606,6259
1606,6379
1606,7931
1607,2306
1607,2932
1607,5590
1607,9136
1608,2137
1608,5781
1608,6520
1608,8044
1609,3931
1609,5157
1609,6280
1609,9262
1610,2395
1610,4447
1610,7388
1611,2177
1611,6578
1611,7048
1611,7136
1611,9011
1612,4360
1612,5930
1612,6085
1612,6890
1613,4615
1613,5422
1613,6220
1613,6691
1614,3551
1614,6201
1614,6688
1614,8845
1614,8863
1615,2498
1615,3556
1615,4599
1615,5559
1615,8195
1615,9042
1616,2033
1616,5380
1616,7771
1617,1847
1617,6135
1617,7015
1617,8149
1617,8673
1618,3829
1618,6046
1618,7363
1618,8709
1618,9925
1619,2294
1619,2680
1619,2946
1619,4925
1619,5151
1619,5547
1619,6438
1619,7469
1620,2402
1620,3843
1620,7182
1620,9463
1621,3711
1621,4168
1621,4855
1622,2977
1622,4541
1622,7625
1622,8029
1622,8914
1623,3726
1623,4389
1623,5065
1623,5205
1623,5388
1623,8288
1624,2306
1624,5590
1624,7780
1624,8085
1624,9833
1625,4460
1625,4997
1625,7493
1625,9712
1626,4921
1626,7256
1626,9089
1626,9472
1627,5619
1627,6104
1627,7623
1627,9125
1628,2953
1628,3539
1628,3990
1628,9334
1629,2392
1629,2443
1629,5738
1630,2185
1630,2911
1630,4087
1630,4791
1630,5745
1630,8925
1631,4015
1631,4946
1631,5172
1632,4914
1632,5487
1632,7126
1632,7561
1632,9003
1633,2248
1633,2799
1633,2935
1633,2992
1633,3856
1633,9803
1634,2232
1634,2578
1634,4065
1634,6168
1634,6862
1634,7890
1635,3578
1635,3842
1635,6191
1635,8755
1635,9537
1636,5155
1636,6821
1636,6835
1636,8071
1637,5572
1637,6770
1637,6959
1637,8488
1638,2444
1638,3951
1638,5220
1638,7587
1639,2252
1639,4345
1639,7787
1639,7860
1640,2851
1640,4051
1640,5086
1640,8140
1641,1677
1641,1771
1641,2734
1641,3098
1641,6700
1642,1843
1642,2513
1642,8390
1642,9837
1643,3395
1643,6641
1643,8236
1644,2427
1644,6445
1644,9179
1645,3292
1645,4588
1646,5957
1646,6140
1646,7819
1646,8204
1646,8979
1647,2718
1647,3326
1647,3524
1647,6821
1648,1660
1648,2594
1648,7248
1649,2498
1649,3556
1649,9042
1650,3418
1650,5286
1650,5433
1650,9057
1651,1735
1651,4091
1651,8786
1651,9636
1652,2527
1652,4369
1652,4843
1652,5762
1652,6827
1652,7619
1653,1724
1653,2354
1654,6100
1654,6518
1654,6643
1654,9139
1655,7041
1655,8677
1655,9290
1656,4287
1656,4949
1656,6660
1656,6960
1656,8400
1657,3924
1657,4478
1657,4522
1657,6437
1657,7930
1658,2868
1658,7679
1658,9760
1659,4221
1659,8061
1659,8697
1659,8802
1661,3144
1661,7663
1661,9164
1661,9614
1662,2335
1662,2393
1662,2914
1662,3360
1662,6257
1662,8591
1663,1721
1663,3276
1663,3861
1663,6726
1663,7786
1663,9875
1664,1850
1664,1967
1664,4937
1664,7760
1664,8844
1665,1826
1665,2428
1665,3316
1665,6855
1665,8694
1665,9668
1666,4239
1666,4973
1666,6853
1667,4932
1667,5507
1667,6410
1667,6706
1667,7989
1668,3967
1668,5984
1668,9799
1669,2159
1669,3896
1669,4902
1669,5362
1669,7603
1669,8564
1669,9954
1670,2240
1670,5270
1671,2510
1671,6722
1671,9539
1672,1712
1672,3307
1672,7425
1673,3919
1673,4105
1673,8256
1673,9066
1674,2136
1674,6507
1674,7605
1675,3865
1675,4473
1675,6583
1675,8025
1676,1897
1676,7919
1676,8797
1677,1869
1677,1922
1677,7852
1677,8167
1677,8465
1678,2002
1678,5264
1678,5747
1678,6948
1678,9004
1679,3289
1679,9117
1679,9894
1680,1933
1680,7147
1680,8038
1680,8296
1681,6040
1681,6715
1681,8062
1682,4353
1682,9099
1682,9394
1683,2549
1683,2985
1683,7087
1684,1717
1684,5014
1684,7091
1684,7223
1684,9698
1684,9845
1685,4318
1685,4513
1685,5753
1685,8181
1685,8988
1685,9328
1686,4384
1686,4489
1686,4632
1686,5427
1686,9519
1687,3351
1687,3641
1687,3642
1687,4211
1687,7868
1688,2337
1688,5552
1688,5566
1688,6759
1689,7008
1689,7446
1689,8580
1689,9252
1690,4869
1690,5011
1690,5839
1690,8661
1691,2134
1691,4491
1691,7031
1692,3223
1692,5046
1692,6481
1692,6516
1692,8392
1693,1888
1693,5530
1693,6544
1693,8569
1693,8600
1694,2190
1694,3466
1694,4270
1695,3393
1695,6741
1695,6980
1695,8729
1696,4093
1696,6058
1696,8246
1697,4323
1697,5383
1697,9304
1697,9924
1698,5320
1698,5981
1698,6977
1699,2468
1699,2980
1699,3280
1699,4722
1699,6258
1700,2653
1700,4300
1700,4555
1700,6814
1700,6979
1700,8497
1701,3750
1701,4104
1701,5761
1701,9298
1701,9540
1702,9611
1702,9858
1703,3593
1703,3760
1703,5804
1703,8819
1704,1838
1704,5118
1704,5746
1704,8160
1704,9544
1705,1715
1705,4043
1705,5280
1705,5624
1705,7313
1705,7939
1705,8901
1705,9402
1706,3650
1706,5530
1706,7821
1707,1754
1707,5980
1708,3378
1708,3943
1708,4702
1708,5550
1708,8365
1709,3317
1709,5023
1709,5950
1709,6567
1709,8549
1710,4854
1710,5296
1710,8423
1711,3669
1711,4598
1711,5394
1711,7587
1712,7425
1713,2304
1713,2489
1713,3938
1713,4676
1713,5855
1714,2720
1714,4457
1714,6287
1714,6633
1714,8629
1714,9668
1715,6762
1715,6873
1715,8901
1716,3988
1716,4165
1716,6180
1716,7359
1716,9249
1717,2224
1717,6398
1717,6803
1717,7091
1717,9698
1717,9845
1718,1767
1718,3287
1718,3439
1718,6697
1719,4418
1719,8013
1719,8305
1719,9616
1720,1912
1720,4386
1720,5085
1720,6617
1721,2208
1721,3276
1721,3861
1721,7786
1721,9875
1722,1982
1722,2765
1722,3628
1722,6334
1722,7356
1722,8282
1722,9052
1723,2596
1723,4094
1723,4196
1723,9823
1724,2354
1724,5894
1724,6314
1724,7876
1725,5034
1725,6420
1725,8446
1725,9243
1726,3496
1726,8053
1727,7825
1727,7900
1727,8726
1728,2415
1728,3221
1728,3721
1728,4509
1728,9218
1729,5295
1729,6522
1729,8506
1729,8908
1729,9121
1730,4482
1730,6945
1730,7197
1730,8412
1730,9933
1731,5443
1731,6310
1731,7155
1731,9184
1732,2723
1732,6649
1732,7485
1732,8773
1733,3000
1733,5275
1733,6409
1734,3621
1734,5066
1734,5603
1734,5806
1735,8057
1735,8334
1735,9636
1736,2189
1736,2836
1736,3631
1736,7642
1737,3514
1737,6753
1738,3894
1738,4727
1738,4950
1738,9084
1739,4144
1739,5694
1739,8779
1739,8949
1740,3137
1740,4669
1741,4620
1741,5411
1741,7300
1741,9019
1742,3305
1742,3474
1742,6839
1742,7403
1743,3801
1743,8054
1743,8829
1743,9322
1743,9531
1744,3331
1744,4442
1744,4749
1744,6305
1744,7700
1744,7745
1745,2077
1745,2939
1745,6162
1745,7750
1746,2022
1746,5208
1746,9751
1747,2745
1747,4423
1747,5053
1747,8328
1748,5285
1748,5323
1748,6999
1749,5643
1749,5730
1750,2484
1750,2661
1750,6365
1750,6679
1750,8327
1750,8884
1750,9694
1751,1769
1751,3209
1751,7228
1751,7485
1751,7816
1752,1908
1752,2601
1752,7553
1752,9530
1753,2007
1753,2959
1753,3521
1753,3659
1754,3333
1754,5980
1754,8968
1755,2552
1755,5045
1755,7511
1755,8805
1755,9257
1756,4191
1757,1994
1757,2031
1757,2612
1757,7964
1758,3483
1758,4382
1758,7018
1758,9739
1759,3041
1759,5646
1759,6101
1759,9704
1760,2430
1760,3237
1760,5324
1760,5514
1760,6298
1760,7195
1760,9006
1761,3173
1761,5331
1761,7267
1761,7716
1762,2439
1762,2998
1762,3373
1762,3720
1762,3870
1762,4487
1763,2461
1763,4172
1763,7050
1763,7165
1763,8825
1764,6730
1764,7970
1764,8295
1764,8968
1765,5172
1765,5654
1765,7404
1765,8107
1766,3167
1766,4201
1766,6251
1766,8017
1767,3287
1767,3439
1767,6697
1767,9324
1768,5329
1768,7802
1768,8725
1769,3209
1769,4575
1769,7030
1769,7228
1769,7485
1769,7816
1770,5411
1770,5567
1770,6969
1770,9019
1771,3098
1771,6700
1771,7464
1772,3245
1772,4677
1772,5573
1772,7545
1773,4269
1773,7281
1773,7334
1773,7445
1773,7727
1774,2455
1774,6319
1774,6731
1774,7621
1775,2981
1775,5173
1775,6010
1775,7777
1775,9773
1776,2668
1776,4379
1776,5133
1776,6704
1776,8161
1776,8657
1777,7566
1777,7674
1777,7734
1778,5152
1778,7475
1778,7693
1778,8464
1779,4248
1779,5177
1779,5800
1779,7751
1779,9912
1780,1997
1780,2259
1780,6008
1781,1845
1781,4822
1781,6054
1782,3301
1782,3899
1782,5099
1782,5232
1782,9426
1783,4315
1783,8362
1784,3893
1784,7584
1784,7958
1785,2491
1785,3352
1785,5374
1785,6185
1786,1830
1786,2216
1787,2525
1787,3145
1787,3789
1787,6108
1787,7203
1788,3683
1788,5267
1788,6528
1788,7774
1789,2413
1789,8449
1789,8687
1790,5346
1790,5387
1790,7522
1790,8485
1790,8953
1791,3048
1791,3204
1791,3722
1791,4734
1791,8555
1791,9516
1792,2789
1792,3683
1792,5613
1792,9112
1793,4257
1793,4368
1793,5287
1793,6038
1793,7643
1794,4007
1794,5540
1794,9056
1795,4967
1795,5370
1795,8385
1795,8957
1796,2116
1796,2339
1796,4187
1796,4583
1796,8051
1796,9561
1797,2303
1797,7314
1797,8172
1797,9696
1798,2500
1798,2631
1798,4623
1798,8159
1799,4835
1799,5458
1799,9566
1800,2512
1800,2972
1800,3607
1800,4974
1800,8379
1801,4553
1801,5159
1801,7847
1802,4018
1802,9598
1802,9779
1803,1923
1803,5392
1803,7350
1803,8207
1804,2901
1804,6942
1804,7183
1804,9478
1805,2721
1805,3559
1805,5794
1805,7952
1806,5887
1806,7976
1806,9949
1807,3806
1807,5354
1807,5708
1807,7451
1808,2053
1808,3953
1808,9254
1808,9602
1809,2120
1809,3500
1809,3821
1809,3885
1809,5439
1809,5704
1810,1958
1810,8682
1811,2997
1811,3076
1811,4076
1811,5284
1811,5482
1811,7789
1811,9001
1812,2559
1812,6889
1813,2121
1813,5582
1813,8678
1814,2616
1814,3288
1814,4447
1814,6048
1814,7491
1814,7531
1815,9582
1815,9767
1816,2037
1816,3171
1816,6782
1816,7887
1817,3410
1817,3615
1817,4740
1817,5846
1817,8554
1817,8933
1818,2108
1818,2828
1818,3983
1818,6412
1818,8905
1819,5220
1819,5226
1819,7792
1820,3819
1820,4700
1820,5215
1820,5244
1821,2887
1821,3997
1821,4305
1821,4501
1821,4675
1821,7706
1822,3970
1822,6064
1823,2550
1823,6564
1823,6678
1823,9208
1824,5156
1824,8014
1825,3215
1825,3403
1825,7743
1826,3487
1826,7528
1826,9482
1827,3075
1827,3242
1827,4596
1827,4845
1828,3240
1828,3759
1828,6699
1829,4886
1829,6140
1829,6629
1830,2216
1831,4507
1831,5133
1831,6646
1831,6820
1831,9420
1832,3291
1832,3941
1832,7368
1832,9649
1833,3986
1833,5785
1833,9283
1834,2012
1834,5473
1834,8683
1835,2775
1835,4651
1835,5867
1835,6687
1836,2920
1836,3365
1836,5089
1836,5135
1837,2557
1837,3151
1837,3844
1837,8698
1838,3646
1838,5118
1838,9544
1839,2030
1839,8375
1839,9711
1840,4084
1840,5989
1840,6735
1840,9459
1841,3444
1841,4674
1841,5858
1841,7017
1842,5145
1842,6990
1842,9861
1843,2513
1843,3752
1843,9837
1844,4247
1844,6008
1844,7516
1844,8621
1845,3323
1845,5602
1845,7335
1846,2670
1846,4839
1846,8148
1847,3923
1847,5232
1847,6135
1848,2574
1848,6235
1848,9831
1849,5032
1849,5134
1849,9686
1850,1967
1850,5460
1851,2529
1851,6011
1851,7372
1852,2289
1852,3078
1852,7441
1852,7701
1853,1912
1853,2493
1853,5085
1853,8986
1854,4779
1854,6836
1854,7707
1854,8491
1854,9468
1855,2081
1855,4281
1855,5144
1855,5319
1856,1921
1856,3493
1856,4496
1856,8984
1856,9656
1857,2191
1857,4403
1857,6018
1858,1956
1858,3380
1858,5100
1858,8249
1859,2045
1859,2831
1859,5041
1859,9182
1860,2017
1860,3059
1860,3962
1860,5756
1860,6253
1860,8938
1861,2778
1861,6176
1861,9811
1862,2928
1862,3872
1862,5500
1862,7660
1862,8103
1863,4481
1863,5586
1863,6956
1863,7121
1864,2667
1864,3332
1864,8866
1865,2046
1865,2803
1865,3053
1865,4204
1865,8049
1866,9511
1867,2301
1867,3564
1867,4341
1867,6402
1867,8608
1868,2672
1868,2968
1868,4324
1868,4446
1868,7932
1868,8566
1868,8760
1868,8975
1869,1922
1869,2928
1869,5239
1869,7660
1869,8465
1870,2583
1870,3909
1870,4468
1870,5429
1870,5983
1870,7781
1871,1872
1871,5709
1871,9725
1872,2823
1872,4841
1872,5709
1872,8837
1872,9725
1873,3566
1873,4693
1874,3451
1874,8237
1874,9857
1875,5600
1875,5733
1875,6284
1875,7406
1876,5636
1876,5793
1876,6013
1877,2310
1877,6501
1877,8257
1877,9151
1877,9685
1878,4278
1878,5154
1878,5234
1878,7100
1878,9642
1879,2571
1879,3338
1879,3357
1880,2518
1880,3201
1880,3389
1880,9437
1881,6001
1881,6461
1881,6515
1881,7325
1881,8652
1882,3005
1882,7653
1882,8524
1882,9390
1883,2703
1883,4128
1883,6695
1884,5802
1884,7244
1884,9410
1885,3937
1885,6138
1885,6184
1885,7001
1885,9993
1886,3117
1886,3834
1886,5852
1886,7250
1887,2177
1887,6557
1887,7048
1887,9126
1888,5530
1888,6544
1888,8569
1889,2366
1889,2389
1889,3568
1889,9188
1889,9970
1890,3566
1890,3729
1890,4977
1890,6020
1891,2478
1891,5786
1891,5924
1891,8479
1892,2821
1892,4780
1892,6931
1892,8438
1893,4007
1893,4452
1893,5966
1893,6800
1893,9056
1894,6032
1894,8227
1894,9278
1895,2103
1895,4383
1895,4556
1895,7858
1896,2398
1896,7897
1896,9311
1897,3587
1897,7919
1897,8797
1898,5636
1898,5793
1898,8636
1899,3780
1899,6232
1899,6321
1899,7942
1899,8312
1899,9946
1900,1998
1900,2133
1901,2607
1901,7917
1901,9309
1901,9511
1902,2287
1902,2352
1902,2817
1902,5942
1903,3514
1903,5922
1903,6934
1903,7282
1903,9770
1904,3010
1904,6294
1904,7093
1905,5425
1905,6391
1905,9327
1905,9627
1906,2728
1906,4203
1906,5802
1906,5827
1906,6163
1907,2197
1907,4073
1907,4622
1907,5668
1907,6805
1907,7938
1907,8270
1908,2601
1908,2791
1908,4325
1908,7156
1908,9530
1909,2567
1909,8001
1909,9507
1910,4209
1910,4502
1910,4816
1910,6171
1910,8693
1910,8703
1911,6089
1911,6448
1911,7550
1911,8982
1912,4386
1912,5085
1912,6617
1913,2650
1913,4000
1913,4245
1913,8335
1914,7428
1914,9023
1915,4420
1915,7835
1915,7889
1915,8940
1916,3633
1916,4122
1916,9354
1917,2361
1917,3018
1917,3681
1917,4080
1917,8416
1918,6944
1918,9885
1918,9889
1919,3293
1919,3908
1919,6427
1919,7124
1920,5081
1920,6407
1920,9220
1921,3493
1921,4113
1921,4496
1921,6313
1922,2928
1922,7852
1922,8465
1923,2702
1923,5088
1923,5392
1923,6468
1923,8207
1924,4536
1924,6059
1924,9895
1925,2022
1925,4297
1925,4616
1925,6395
1925,6566
1925,7563
1926,2097
1926,2308
1926,3775
1926,6963
1926,8164
1926,8422
1927,3300
1927,4178
1927,7312
1927,8278
1928,6403
1928,7109
1928,9207
1929,5083
1929,5217
1929,9362
1930,2745
1930,6508
1930,9170
1930,9486
1931,3411
1931,7222
1931,9241
1931,9325
1932,2936
1932,3811
1932,6730
1932,8613
1933,2774
1933,8296
1934,2203
1934,2429
1934,8301
1934,8734
1935,2290
1935,2935
1935,6584
1935,9396
1936,3145
1936,3789
1936,4414
1936,4698
1936,7203
1937,5554
1937,5893
1937,9777
1937,9952
1938,2172
1938,6124
1938,8495
1938,9012
1938,9029
1938,9147
1938,9780
1939,4505
1939,6068
1939,9123
1939,9481
1940,4278
1940,6757
1940,8956
1940,9933
1941,2900
1941,3844
1941,5617
1941,8182
1942,4872
1942,5593
1942,6406
1942,7611
1943,3029
1943,4581
1943,5736
1943,8744
1944,5509
1944,6226
1944,8917
1944,9214
1944,9762
1945,5461
1945,6177
1945,9601
1946,3372
1946,3452
1946,6997
1946,9534
1947,4953
1947,4999
1947,5059
1948,2279
1948,2494
1948,5361
1948,5915
1949,2222
1949,3342
1949,4618
1949,6470
1950,5938
1950,8285
1951,3310
1951,3673
1951,6914
1951,7373
1951,8063
1952,4140
1952,9306
1952,9529
1953,3997
1953,4305
1953,5780
1953,7706
1954,2553
1954,3005
1954,6778
1954,6840
1955,2502
1955,2690
1955,4975
1955,8806
1956,3380
1956,5100
1956,8249
1957,3045
1957,6499
1957,7339
1957,7602
1957,8199
1957,9713
1958,9143
1959,3111
1959,4190
1959,6009
1960,3816
1960,7019
1960,7631
1961,2213
1961,3341
1961,8100
1961,8105
1962,4138
1962,5268
1962,6606
1963,2119
1963,3372
1963,8030
1964,4666
1964,5395
1964,7657
1965,2637
1965,6545
1965,7554
1965,8567
1965,9778
1966,6493
1966,8792
1967,3850
1967,8950
1968,2257
1968,4695
1968,7033
1968,7581
1969,2630
1969,2682
1969,3236
1969,6898
1969,7262
1969,9278
1970,3960
1970,4781
1970,6007
1970,7073
1971,1987
1971,4709
1971,8292
1972,7227
1972,8622
1972,9973
1973,3636
1973,4527
1973,4763
1973,8611
1973,8718
1973,9343
1973,9518
1974,2544
1974,5001
1974,6361
1974,6786
1974,7324
1974,7366
1974,9292
1975,4449
1975,8749
1975,9584
1976,3594
1976,6720
1976,8631
1977,4068
1977,5446
1978,2271
1978,3129
1978,8125
1979,1980
1979,4106
1979,5002
1979,5862
1979,6056
1979,7241
1979,8088
1979,9968
1980,8088
1980,8480
1980,9968
1981,4781
1981,8522
1981,9110
1981,9889
1982,2765
1982,6334
1982,7356
1982,9052
1983,2176
1983,3147
1983,6079
1983,9449
1984,2087
1984,7964
1984,9879
1985,2606
1985,2756
1985,3797
1985,6344
1985,9740
1986,5211
1986,6169
1986,7194
1986,8601
1986,9761
1987,8292
1988,3742
1988,6646
1989,4129
1989,4169
1989,4617
1989,4703
1989,5726
1989,8214
1989,9967
1990,6696
1990,6797
1990,8720
1990,8804
1991,3124
1991,3414
1992,2033
1992,4215
1992,7149
1993,3109
1993,4492
1993,8620
1994,2031
1994,2612
1994,3534
1995,4594
1995,8135
1996,2020
1996,2837
1996,4366
1997,2259
1997,2496
1997,6008
1997,7326
1997,9332
1998,2133
1998,4205
1998,8154
1999,2355
1999,4160
1999,6745
2000,7735
2000,7843
2000,9054
2001,2224
2001,6398
2001,6803
2001,8738
2002,5747
2002,6948
2002,8616
2003,2764
2003,3543
2003,5687
2003,7587
2004,3163
2004,5543
2004,5607
2004,7918
2004,8994
2005,3611
2005,3643
2005,9035
2005,9592
2006,2378
2006,6418
2006,7184
2006,9920
2007,3521
2007,3659
2007,5834
2008,3491
2008,5955
2008,9675
2009,5997
2009,6190
2009,7081
2009,7650
2010,5042
2010,5840
2010,6902
2010,9281
2011,2793
2011,3828
2011,6791
2012,5310
2012,6424
2012,8683
2013,3914
2013,4907
2013,4972
2013,5178
2013,5402
2013,5769
2014,4347
2014,5928
2014,6023
2014,9041
2015,3274
2015,8450
2015,8509
2016,4594
2016,4871
2016,7276
2016,9347
2016,9680
2017,3962
2017,6253
2018,3044
2018,5629
2018,6604
2018,9663
2019,2854
2019,3050
2019,3249
2019,4210
2019,7219
2019,9936
2020,2837
2020,4366
2020,6235
2020,7207
2020,7416
2021,3707
2021,9397
2021,9734
2022,4297
2022,4616
2022,6395
2023,6088
2023,7891
2023,8716
2023,9603
2024,4277
2024,5455
2024,6927
2024,7675
2025,5311
2025,6091
2025,6218
2025,7925
2026,3825
2026,4064
2026,5505
2026,6037
2027,4889
2027,5864
2028,5404
2028,7705
2028,7774
2028,9517
2029,7708
2029,7913
2030,2579
2030,8375
2030,8589
2031,3166
2031,3177
2031,6712
2031,9386
2032,3714
2032,6262
2032,8223
2032,9481
2034,3647
2034,3706
2034,3949
2035,3756
2035,7434
2035,7514
2036,5679
2036,7116
2036,9566
2037,3970
2037,6782
2038,2209
2038,2337
2038,5566
2038,6759
2039,7273
2039,8309
2039,8739
2040,3525
2040,3602
2040,6316
2040,6978
2040,9073
2041,2996
2041,3133
2041,8660
2041,8692
2041,9693
2042,3304
2042,4638
2042,7901
2043,2075
2043,4684
2043,7950
2043,8163
2044,2146
2044,2453
2044,2905
2044,5358
2044,6774
2045,2545
2045,5041
2045,7397
2045,9182
2046,6073
2046,8049
2047,2593
2047,3082
2047,3277
2047,9678
2048,2741
2048,3945
2048,5253
2048,6556
2048,6763
2048,6774
2048,8519
2049,4238
2049,5560
2049,8742
2049,9572
2050,2443
2050,7712
2050,9978
2051,4731
2051,5672
2051,7229
2051,9431
2052,4646
2052,7470
2052,7792
2052,9128
2053,9254
2053,9602
2054,4985
2054,8359
2054,8724
2055,2626
2055,5660
2055,5721
2055,8409
2055,9570
2056,2475
2056,7153
2057,4979
2057,7445
2057,7727
2057,8756
2058,3238
2058,5731
2058,5900
2058,6435
2059,2176
2059,2433
2059,7457
2059,8073
2059,9449
2060,3205
2060,3339
2060,4648
2060,9315
2060,9923
2061,4020
2061,5994
2061,6306
2062,4061
2062,4124
2062,5305
2062,6686
2062,8579
2062,9136
2063,2377
2063,3672
2063,7471
2063,8126
2064,2358
2064,2736
2064,4125
2064,7721
2065,2418
2065,3270
2065,4195
2065,4224
2065,5060
2066,2238
2066,2773
2066,3252
2066,6400
2066,7803
2067,2310
2067,8556
2067,9151
2067,9423
2068,3987
2068,4809
2068,5866
2068,9644
2069,3058
2069,5884
2069,9040
2069,9305
2070,8208
2070,8893
2071,6142
2071,7741
2071,9202
2072,2366
2072,3992
2072,7919
2072,8530
2072,8797
2073,3886
2073,7724
2073,8332
2073,8431
2074,4341
2074,6458
2074,8762
2074,8813
2075,4559
2075,4684
2075,7950
2075,8163
2076,4582
2076,6625
2076,9359
2076,9721
2077,2939
2077,6162
2077,7750
2077,7831
2077,8477
2078,2845
2078,6053
2078,6610
2078,8067
2078,9382
2079,3121
2079,5105
2079,7683
2079,8042
2080,2889
2080,5123
2080,6608
2080,9456
2081,5144
2081,5319
2081,8138
2082,3985
2082,8732
2082,9316
2083,3445
2083,4068
2083,5446
2084,9942
2085,5614
2085,5712
2085,7763
2085,9842
2086,4530
2086,5235
2086,5638
2086,6098
2087,7964
2088,3211
2088,3804
2088,4693
2088,5662
2088,8347
2089,4198
2089,6130
2089,7762
2089,8926
2090,5269
2090,6165
2090,7355
2091,3094
2091,3606
2091,4037
2091,6792
2091,8476
2091,9294
2092,4590
2092,5068
2092,5120
2092,5293
2092,9909
2093,2402
2093,3649
2093,9802
2093,9998
2094,3499
2094,6151
2094,7834
2095,3476
2095,6942
2095,8104
2095,8635
2095,9140
2096,2640
2096,5960
2096,8253
2096,9433
2097,2308
2097,6265
2097,8422
2097,8879
2098,3510
2098,5263
2098,5658
2098,6561
2099,3621
2099,4405
2099,4531
2099,6932
2100,3739
2100,5804
2100,6243
2100,8819
2101,4667
2101,5618
2101,7870
2101,8441
2101,8807
2102,4464
2102,5744
2102,9119
2103,4556
2103,4664
2103,7127
2103,7903
2104,2876
2104,4680
2104,7070
2104,7389
2105,4032
2105,4560
2105,8893
2106,6507
2106,7079
2106,7200
2106,7840
2106,7967
2106,8823
2107,6189
2107,7462
2107,9515
2108,4949
2108,4971
2108,8905
2109,2842
2109,2913
2109,7340
2109,8046
2109,8721
2110,3444
2110,3777
2110,5440
2110,5731
2111,2167
2111,4703
2111,4980
2111,6301
2112,3552
2112,4471
2112,4613
2112,7448
2112,8962
2113,2135
2113,3993
2113,4184
2113,6090
2113,8310
2114,2847
2114,8642
2114,9348
2114,9371
2115,3504
2115,5268
2115,6254
2115,7639
2115,9874
2116,2339
2116,4187
2116,8051
2116,9561
2116,9576
2117,6822
2117,9227
2118,3675
2118,5007
2118,5028
2118,5345
2118,9551
2119,3372
2119,4187
2119,7987
2120,2134
2120,2954
2120,6453
2121,2237
2121,3598
2121,3798
2121,5248
2121,5466
2121,6160
2122,3329
2122,4162
2122,5907
2122,7452
2122,8731
2123,7218
2123,8821
2123,9213
2123,9339
2124,3504
2124,4138
2124,4673
2124,5268
2124,6254
2125,2913
2125,3324
2125,3954
2125,7340
2126,4778
2126,5348
2126,6178
2126,9699
2127,2552
2127,4557
2127,5558
2127,9502
2128,3305
2128,4078
2128,6839
2128,9333
2129,5676
2129,6570
2129,6618
2129,7020
2130,5486
2130,6423
2130,6871
2130,8099
2131,2495
2131,3610
2131,5013
2131,8002
2131,8047
2131,9192
2132,4658
2132,5508
2132,5929
2132,9915
2133,4205
2133,8154
2134,3821
2134,4491
2134,7031
2135,6090
2135,7163
2135,8310
2136,3019
2136,7605
2137,3782
2137,5781
2137,6520
2137,8044
2138,4547
2138,6183
2138,9412
2139,3839
2139,5665
2139,7886
2140,4467
2140,4794
2140,5870
2140,5888
2141,3591
2141,5047
2141,5614
2141,7763
2141,9842
2142,3558
2142,8682
2142,9916
2143,2260
2143,4996
2143,6002
2144,2292
2144,2880
2144,5584
2144,6212
2145,3261
2145,6175
2145,8316
2145,8357
2145,9321
2145,9647
2146,2905
2146,4235
2146,5358
2146,8561
2147,7614
2147,8266
2147,8963
2148,3067
2148,3778
2148,9034
2148,9049
2149,2175
2149,3128
2149,5657
2149,6568
2149,8006
2149,9720
2150,2196
2150,2603
2150,2927
2151,2280
2151,7000
2152,2371
2152,2485
2152,3353
2152,4706
2152,5447
2152,7196
2153,2158
2153,7365
2153,9543
2153,9772
2154,5069
2154,5698
2154,7209
2154,9205
2155,3035
2155,4394
2155,5636
2155,6077
2156,2754
2156,3361
2156,3707
2156,6308
2156,9081
2157,3388
2157,4697
2157,6378
2158,3458
2158,8961
2158,9543
2158,9882
2159,3896
2159,5362
2159,8426
2159,9954
2160,2660
2160,5119
2160,8099
2160,8941
2161,2546
2161,8091
2162,2981
2162,3123
2162,6756
2162,7547
2162,8283
2163,4292
2163,4911
2163,8631
2164,2219
2164,2287
2164,7690
2164,9629
2165,5835
2165,9074
2166,4764
2166,8403
2166,8775
2166,9368
2167,4342
2167,6746
2167,8699
2168,2191
2168,8260
2168,8619
2169,3561
2169,4877
2169,6336
2170,2227
2170,3182
2170,4388
2170,5465
2170,7985
2170,9633
2171,5094
2171,9357
2172,3657
2172,6124
2172,9012
2172,9147
2173,3879
2173,4508
2173,7864
2173,9212
2173,9553
2174,2897
2174,7901
2174,8191
2174,9033
2175,3128
2175,5657
2175,8812
2175,9650
2175,9720
2176,6223
2176,8073
2176,9406
2177,6578
2177,6753
2177,7048
2177,7136
2178,2370
2178,3297
2178,5288
2178,9479
2179,2896
2179,8928
2179,9411
2180,3061
2180,5006
2180,7991
2181,2427
2181,8831
2181,9746
2182,3097
2182,3269
2182,4268
2182,9787
2182,9809
2183,3419
2183,3471
2183,5642
2183,8205
2184,3839
2184,3863
2184,5039
2184,5290
2184,7064
2185,2911
2185,4791
2185,5745
2186,3342
2186,6433
2186,7294
2187,2813
2187,2882
2187,3876
2187,5935
2188,4227
2188,6356
2188,7500
2188,8376
2188,9676
2189,2836
2189,5570
2189,9853
2190,4270
2191,4403
2191,8619
2192,3581
2192,3851
2192,4118
2192,9461
2193,5829
2193,8198
2193,9583
2193,9862
2194,2816
2194,3505
2194,6227
2194,9226
2194,9496
2195,2459
2195,3365
2195,8577
2195,9470
2196,2603
2196,2927
2196,5987
2196,7836
2196,7948
2196,8648
2197,4073
2197,7938
2197,8252
2197,8270
2198,2797
2198,5569
2198,8157
2198,8783
2199,4581
2199,5408
2199,5999
2199,9087
2200,2286
2200,4826
2200,6256
2200,8235
2200,8658
2200,9781
2201,2840
2201,4139
2201,5062
2201,6622
2202,3457
2202,4351
2202,5371
2202,9769
2202,9896
2203,3426
2203,8068
2203,8301
2204,2305
2204,3393
2204,6741
2204,8729
2205,2520
2205,4928
2205,6161
2206,3860
2206,4851
2206,5015
2206,7010
2206,7594
2207,6486
2207,8128
2207,9759
2208,3276
2208,3388
2208,6330
2208,6850
2208,7784
2209,2337
2209,5566
2209,6759
2210,4745
2210,5072
2210,6484
2210,7134
2211,3828
2211,6685
2211,6776
2211,8121
2212,2889
2212,3477
2212,3874
2212,4380
2212,5877
2212,5902
2212,8705
2213,7304
2213,8105
2214,6039
2214,6124
2214,6167
2214,7259
2214,9776
2215,2799
2215,2935
2215,3559
2215,7952
2217,7354
2217,7703
2217,7873
2218,4692
2218,5442
2218,6025
2218,6071
2218,9610
2218,9868
2219,9629
2220,6121
2220,8322
2220,8800
2220,9928
2221,2372
2221,7271
2221,9169
2222,4463
2222,4618
2222,9283
2223,7186
2223,7778
2223,8642
2223,9868
2224,6398
2224,6803
2224,8738
2224,9845
2225,3723
2225,4053
2225,9072
2226,3174
2226,3832
2226,4376
2226,9349
2227,3182
2227,5465
2227,9633
2228,5382
2228,5490
2228,8210
2229,3781
2229,4145
2229,6775
2230,3685
2230,4456
2230,5880
2230,6014
2231,2794
2231,3478
2231,3565
2231,3850
2231,4936
2231,8272
2232,3157
2232,6862
2232,7168
2233,2655
2233,6675
2233,9078
2234,2493
2234,5714
2234,8331
2235,3046
2235,3974
2235,5705
2236,2760
2236,3200
2237,3598
2237,3798
2237,4261
2237,5248
2238,2419
2238,2691
2238,5415
2238,6655
2238,7803
2239,3479
2239,6886
2239,7546
2239,8838
2240,4312
2240,4790
2240,6533
2240,6995
2240,9483
2241,4978
2241,6451
2241,7132
2242,2897
2242,7008
2242,8899
2243,4050
2243,4577
2243,6329
2243,8129
2244,6922
2244,8609
2244,9477
2245,5992
2245,7600
2245,9186
2246,7421
2246,8579
2246,9338
2247,3667
2247,7848
2247,7984
2247,8377
2247,9866
2248,2799
2248,2992
2248,3856
2248,9803
2249,3577
2249,6532
2249,6885
2249,8987
2250,3840
2250,5808
2250,7027
2250,8527
2251,6722
2251,7049
2251,8829
2251,9215
2252,3247
2252,5545
2252,7787
2252,8187
2253,2440
2253,9653
2254,2373
2254,2500
2254,3470
2254,3686
2254,8159
2255,6668
2255,8123
2255,8325
2255,9158
2255,9821
2255,9985
2256,5275
2256,6182
2256,6958
2257,4695
2257,7222
2257,9241
2258,2562
2258,8801
2258,9823
2259,4247
2259,6008
2260,3450
2260,6002
2261,2760
2261,5063
2261,8824
2262,2541
2262,6891
2262,7422
2262,7509
2262,7726
2262,9291
2263,2273
2263,2665
2263,3929
2263,5607
2263,6541
2263,8972
2264,4725
2264,6408
2264,9429
2265,3214
2265,7132
2265,7196
2265,7524
2265,8989
2266,2671
2266,9336
2266,9440
2267,3510
2267,5263
2267,7634
2268,2978
2268,4988
2268,5189
2268,7894
2268,9163
2269,3020
2269,5130
2269,6771
2269,7786
2270,3064
2270,3311
2270,7304
2271,3129
2271,8125
2272,3522
2272,4576
2272,4991
2272,9987
2273,3929
2273,6541
2273,8972
2274,3760
2274,4024
2274,7538
2274,7878
2275,5918
2275,7284
2275,9655
2276,5967
2276,6113
2276,7468
2276,9063
2277,3429
2277,6186
2277,7175
2277,7309
2277,7710
2277,9854
2278,2635
2278,6585
2278,8117
2279,2494
2279,5361
2279,5915
2279,6811
2280,7935
2281,3839
2281,5290
2281,9374
2282,2979
2282,6228
2283,2858
2283,3275
2283,8189
2283,8772
2283,9808
2284,2422
2284,2516
2284,4295
2284,4299
2284,4958
2284,7994
2284,8459
2285,3631
2285,7974
2285,8202
2285,8439
2286,4826
2286,4883
2286,6684
2286,8428
2287,2817
2287,7690
2287,9629
2288,4900
2288,5700
2288,7959
2289,3078
2289,7441
2289,7701
2290,2935
2290,6584
2290,9396
2291,2975
2291,4951
2291,6955
2292,5577
2292,6212
2292,6656
2292,6692
2292,8695
2293,7507
2293,7527
2293,9609
2293,9611
2294,2680
2294,3651
2294,6269
2295,3835
2295,4074
2295,4738
2295,9129
2296,3658
2296,4312
2296,6533
2296,6939
2296,7171
2297,2898
2297,6956
2297,8232
2298,7875
2298,8227
2298,9849
2299,5669
2299,7384
2299,7459
2299,8183
2300,3046
2300,3913
2300,5705
2300,9501
2301,3564
2301,8608
2301,9360
2302,4544
2302,4808
2302,8690
2303,4515
2303,7191
2303,8172
2303,9696
2304,3938
2304,4676
2304,5855
2305,3393
2305,3676
2305,6741
2305,6980
2306,8085
2306,9136
2307,4470
2307,4728
2307,5242
2307,7737
2308,3775
2308,7769
2309,6464
2309,6830
2309,8966
2310,6501
2310,9151
2311,2515
2311,3484
2311,5372
2312,4108
2312,6701
2312,9681
2313,2769
2313,3612
2313,8785
2313,8853
2314,2418
2314,2511
2314,2708
2314,3370
2314,4224
2314,4322
2314,5757
2315,2857
2315,5751
2315,6245
2316,3278
2316,5615
2316,6286
2317,3613
2317,4179
2317,5675
2317,6273
2317,7453
2318,2537
2318,2621
2318,6103
2319,5025
2319,7405
2319,8966
2319,9467
2320,2808
2320,5767
2320,8751
2321,2944
2321,6634
2321,8079
2322,7225
2322,7568
2322,8039
2323,2466
2323,2744
2323,6359
2323,6881
2323,8143
2323,8688
2323,9030
2324,8102
2324,8474
2324,8776
2325,2789
2325,4289
2325,6083
2325,8153
2326,2632
2326,3088
2326,4174
2326,6154
2326,9299
2327,4815
2327,6148
2327,6946
2327,6988
2327,8442
2328,7097
2328,8340
2328,9711
2329,3627
2329,6500
2329,6901
2329,8778
2330,2990
2330,3355
2330,9005
2330,9992
2331,2604
2331,3787
2331,7364
2331,8533
2332,2806
2332,3381
2332,5096
2333,3017
2333,4304
2333,6947
2333,9601
2334,7125
2334,7955
2334,8098
2335,3360
2335,5090
2335,6826
2335,8591
2336,6165
2336,8114
2336,8757
2336,9940
2337,4999
2337,5566
2338,2580
2338,3456
2338,5101
2338,9116
2338,9286
2339,4583
2339,8051
2339,9561
2339,9576
2340,4649
2340,6370
2340,6936
2340,7138
2341,3516
2341,3711
2341,4600
2341,7248
2342,5674
2342,5699
2342,6579
2342,7767
2342,7801
2343,2739
2343,3731
2343,5562
2343,5943
2343,8345
2343,9225
2344,3187
2344,8092
2345,3633
2345,4047
2345,6982
2345,9354
2346,2641
2346,2807
2346,6425
2346,7606
2347,4052
2347,4477
2347,5672
2347,7229
2348,3235
2348,3376
2348,4087
2348,7247
2348,9308
2349,3363
2349,4328
2349,6317
2350,4371
2350,4503
2350,6108
2350,7286
2351,3026
2351,6823
2351,8299
2351,9207
2352,5417
2352,7620
2352,7690
2353,4825
2353,8303
2353,9083
2355,3632
2355,4776
2355,5522
2355,6745
2355,8789
2356,4957
2356,8368
2356,8943
2356,9813
2357,5351
2357,8539
2357,8958
2358,2736
2358,4125
2358,7721
2358,9068
2359,6082
2359,6115
2359,9841
2360,2949
2360,4079
2360,8262
2360,8297
2361,3018
2361,8416
2362,4535
2362,5813
2362,6179
2362,6207
2363,3274
2363,5235
2363,5638
2363,6098
2363,8330
2364,4179
2364,5882
2364,7715
2364,9445
2365,2878
2365,4074
2365,5367
2365,9129
2366,3203
2366,3992
2366,4490
2366,9970
2367,4115
2367,4533
2367,5399
2367,6207
2368,2617
2368,3608
2368,4365
2368,8666
2369,4753
2369,4835
2369,5933
2369,6627
2369,9161
2370,2384
2370,3297
2370,4546
2370,5288
2370,6998
2371,2485
2371,4706
2371,5447
2371,6949
2372,7092
2372,7271
2372,9169
2373,3470
2373,3686
2373,8159
2374,3315
2374,5362
2374,5512
2374,8564
2375,3626
2375,8781
2376,3875
2376,4209
2376,4816
2376,4884
2376,6352
2376,7187
2377,6870
2377,7471
2378,7730
2378,9920
2379,2876
2379,7298
2379,7389
2379,7749
2380,4407
2380,8240
2380,8822
2381,4123
2381,5031
2381,5816
2381,6624
2381,8676
2382,4768
2382,9036
2382,9999
2383,2607
2383,7627
2383,8750
2384,3297
2384,4546
2384,5883
2384,6998
2385,5589
2385,8770
2385,9535
2386,2772
2386,5651
2386,5670
2386,5798
2387,4226
2387,4435
2387,6241
2387,6436
2387,7162
2388,2556
2388,5249
2388,6396
2388,8763
2388,9860
2389,3568
2389,8387
2389,8754
2389,9188
2389,9477
2390,8212
2390,8681
2391,2449
2391,2816
2391,3168
2391,8726
2392,5738
2393,2914
2393,3001
2393,3694
2394,4776
2394,5522
2394,7908
2394,9604
2395,4848
2395,7388
2396,2824
2396,3684
2396,7936
2396,9213
2397,3042
2397,7315
2397,9414
2398,4378
2398,5221
2398,9311
2399,3153
2399,4714
2399,5478
2399,5783
2400,4587
2400,4787
2400,6357
2400,8952
2401,3063
2401,3213
2401,6357
2402,3843
2402,9998
2403,2470
2403,8720
2404,4272
2404,7869
2404,8086
2405,5282
2405,7599
2405,7631
2406,3507
2406,3786
2406,6893
2406,9062
2406,9172
2406,9844
2407,2486
2407,5799
2407,7468
2407,9860
2408,2950
2408,4461
2408,5084
2409,7236
2409,8188
2409,9764
2410,3113
2410,5511
2410,6527
2410,8478
2410,9135
2411,3091
2411,4922
2411,5108
2411,9410
2412,3080
2412,3140
2412,6659
2412,8265
2413,4311
2413,5163
2413,9673
2414,5940
2414,7338
2414,9357
2415,3029
2415,3221
2415,3721
2415,9095
2416,3076
2416,5334
2416,5462
2416,5482
2416,6233
2416,8113
2417,4046
2417,4681
2417,5389
2417,5964
2418,2708
2418,4224
2418,5757
2419,2691
2419,5415
2419,6655
2420,3389
2420,7410
2421,3868
2421,7224
2421,7245
2421,7795
2421,7931
2422,2516
2422,4958
2422,7477
2422,8112
2423,2890
2423,5484
2423,5904
2423,9899
2424,4217
2424,5138
2424,5178
2424,6123
2424,6571
2424,7217
2424,8024
2425,2443
2425,3770
2425,6659
2425,8244
2426,5350
2426,5853
2426,6611
2427,8251
2427,8831
2427,9179
2428,3316
2428,6855
2428,9668
2429,8734
2430,5324
2430,5514
2430,6298
2430,7195
2430,7896
2430,9006
2431,2664
2431,2840
2431,3180
2431,4139
2431,5164
2431,6622
2432,3251
2432,4153
2432,4286
2432,6787
2432,8343
2433,3202
2433,7457
2433,8269
2433,8472
2433,9449
2434,2804
2434,3586
2434,5052
2434,5192
2435,3852
2435,6447
2435,7181
2435,8708
2436,4374
2436,6760
2437,4970
2437,5680
2437,8512
2437,9027
2438,4753
2438,5459
2438,5933
2438,6200
2438,6838
2438,7094
2439,2998
2439,3720
2439,8149
2440,4501
2440,4675
2440,7863
2440,9653
2441,5864
2441,7793
2441,9760
2442,4296
2442,6117
2442,8463
2442,9822
2443,7712
2444,3951
2444,5220
2445,2805
2445,2975
2445,3234
2445,7479
2446,3757
2446,4154
2446,4907
2446,5743
2446,9248
2447,4097
2447,5311
2447,5337
2447,8671
2448,2636
2448,2982
2448,5691
2448,6114
2448,6204
2449,8726
2450,4343
2450,4516
2450,5010
2450,6211
2451,3230
2451,3935
2451,6875
2451,6951
2452,4345
2452,7830
2452,9886
2453,2741
2453,3945
2453,6774
2453,8333
2454,3501
2454,4242
2454,5805
2455,4258
2455,5016
2455,6348
2455,9428
2456,3887
2456,4573
2456,8417
2456,9144
2457,5567
2457,6969
2457,9455
2458,4193
2458,4730
2458,4901
2458,6105
2458,7658
2459,3365
2459,5517
2459,8577
2459,9574
2460,3609
2460,5581
2460,5974
2460,7034
2460,7804
2460,8498
2461,2689
2461,4172
2461,4954
2461,7050
2461,7165
2462,3502
2462,5328
2462,5975
2462,8467
2462,9719
2463,3189
2463,5343
2463,6748
2464,2546
2464,6833
2464,9459
2465,3248
2465,6015
2465,6222
2465,7283
2466,2744
2466,5518
2466,6359
2466,8162
2467,2721
2467,2959
2467,3559
2467,3808
2467,4237
2467,9803
2468,2980
2468,3280
2468,4722
2468,6258
2469,2479
2469,5686
2469,5874
2470,5713
2470,8092
2471,3729
2471,5460
2471,7593
2472,2749
2472,3944
2472,5833
2473,4159
2473,4216
2473,6506
2473,7399
2473,7433
2474,6203
2474,7169
2474,8279
2474,9791
2475,6500
2475,7153
2475,8101
2476,7617
2476,8224
2476,8667
2476,8874
2477,3191
2477,6487
2477,8435
2478,5924
2478,8479
2479,4407
2479,5874
2480,3199
2480,5298
2480,6534
2480,9470
2481,2941
2481,3849
2481,5481
2482,2514
2482,5184
2482,9096
2483,2784
2483,3051
2483,3271
2483,4079
2483,7145
2483,7391
2483,7904
2483,8297
2484,3047
2484,6559
2484,6679
2484,7059
2484,8327
2484,8884
2484,9694
2485,3353
2485,5447
2485,5688
2485,5899
2485,7196
2486,5249
2486,5799
2486,8763
2486,8877
2487,6089
2487,6401
2487,6448
2487,7550
2487,8169
2488,3560
2488,4182
2488,4759
2488,5939
2488,7234
2489,3938
2489,5274
2489,5855
2490,2866
2490,3406
2490,7905
2491,3352
2491,5374
2492,3400
2492,5343
2492,6096
2492,6768
2493,5714
2493,8331
2494,5361
2494,5915
2494,6811
2494,8171
2495,5013
2495,7344
2496,5103
2496,7326
2496,9332
2497,2919
2497,5091
2497,5200
2498,5559
2499,3401
2499,5574
2499,6274
2500,4623
2500,8159
2501,3796
2501,6472
2501,8326
2501,9733
2502,4975
2502,7311
2502,8173
2503,5171
2503,5190
2503,7607
2503,8767
2503,8835
2504,4795
2504,4992
2504,5003
2504,7934
2504,8110
2505,3162
2505,5760
2505,8484
2505,9363
2506,2958
2506,3538
2506,5002
2506,8610
2507,3619
2507,4723
2507,8378
2507,8493
2508,3060
2508,3383
2508,3503
2508,6465
2508,7067
2508,7447
2508,8132
2509,3664
2509,4196
2509,6683
2509,7899
2509,8840
2510,4136
2510,5184
2510,9374
2510,9539
2511,3370
2511,4322
2511,5757
2512,2972
2512,3607
2512,8379
2513,8390
2513,9837
2514,3863
2514,5039
2514,5184
2514,9096
2515,3484
2515,5372
2515,5629
2515,6604
2515,9663
2516,4295
2516,4958
2516,5329
2516,8459
2517,3295
2517,4576
2517,9111
2517,9987
2518,2847
2518,3201
2518,7856
2518,8642
2518,9348
2518,9371
2519,3577
2519,6555
2519,7814
2519,7859
2520,4928
2520,5556
2520,8614
2521,3805
2521,7655
2521,9253
2521,9488
2522,2687
2522,3509
2522,5495
2522,6244
2522,7993
2523,4095
2523,4687
2523,4784
2523,9999
2524,3535
2524,8590
2524,8661
2524,9050
2525,6108
2525,6644
2526,4031
2526,5534
2526,6597
2526,7759
2526,8745
2527,4843
2527,5762
2527,6827
2527,7619
2528,4639
2528,4874
2528,8573
2528,9455
2529,6011
2529,7372
2530,2719
2530,4542
2530,4988
2531,7805
2531,7966
2531,8248
2531,9267
2532,2744
2532,6881
2532,9030
2533,4115
2533,5309
2533,9646
2534,2586
2534,3857
2534,5283
2534,5687
2534,5820
2534,8452
2534,9953
2535,5167
2535,5946
2535,6016
2535,8348
2535,9591
2536,2772
2536,5161
2536,9700
2537,2621
2537,6103
2537,8062
2538,4793
2538,5097
2539,2965
2539,4099
2539,4832
2539,4994
2539,7973
2540,7573
2540,9176
2541,4519
2541,7509
2541,7726
2542,4694
2542,5539
2542,7478
2542,7575
2543,2734
2543,7210
2543,8315
2543,8405
2543,8458
2544,5001
2544,6361
2544,6786
2544,7324
2544,7366
2544,9292
2545,6480
2545,7993
2545,8880
2546,6833
2547,2870
2547,7013
2547,7407
2547,7914
2548,3535
2548,4395
2548,8541
2548,9050
2549,2953
2549,7087
2550,6678
2550,8284
2551,4157
2551,5526
2551,6984
2551,8781
2552,5558
2552,9257
2553,4716
2553,5121
2553,6778
2553,6840
2553,6880
2554,2657
2554,4899
2554,7112
2555,2751
2555,5689
2555,7193
2555,9279
2556,6396
2556,8631
2557,3844
2557,5617
2557,8996
2558,3043
2558,8882
2558,9679
2559,6547
2559,6889
2560,5917
2560,6764
2560,7773
2560,9751
2561,2699
2561,2985
2561,3217
2561,4454
2562,3157
2562,5555
2562,8801
2563,3272
2563,3697
2563,8364
2564,3369
2564,3701
2564,5841
2564,7815
2564,7943
2565,4260
2565,5296
2565,8221
2565,8423
2566,2824
2566,3684
2566,8370
2566,8509
2567,6028
2567,9507
2568,3965
2568,4445
2568,5848
2568,6158
2568,8717
2569,3160
2569,3232
2569,5070
2570,4058
2570,5578
2570,9870
2571,2633
2571,3338
2572,3800
2572,5923
2572,8954
2573,2770
2573,4135
2573,7595
2574,6235
2574,7207
2574,9275
2574,9831
2575,3021
2575,4554
2575,4654
2575,4982
2575,5568
2575,7590
2576,2705
2576,5749
2576,7173
2577,3596
2577,4671
2577,4880
2578,4065
2578,6168
2578,7890
2579,3528
2579,8375
2579,8589
2580,8191
2580,8899
2580,9286
2581,3228
2581,6911
2581,8247
2581,9621
2582,8274
2582,9118
2582,9424
2583,3909
2583,4842
2583,5983
2583,6591
2584,4014
2584,6698
2584,8847
2584,9815
2585,4148
2585,6457
2586,3278
2586,5687
2586,5820
2586,9953
2587,3428
2587,4157
2587,5347
2587,5526
2588,3237
2588,3600
2588,5514
2588,7195
2588,8418
2589,3123
2589,3769
2589,4199
2589,7446
2590,3304
2590,5338
2590,6239
2590,8346
2590,9555
2591,4905
2591,5503
2591,7090
2591,8209
2591,9416
2592,4965
2592,7651
2592,9048
2592,9935
2593,3277
2593,4571
2593,6519
2593,7589
2594,2608
2594,6832
2594,7248
2595,3881
2595,4748
2595,6894
2595,7430
2595,7872
2596,4094
2596,4196
2596,9823
2597,3122
2597,5165
2597,6054
2597,7945
2598,5026
2598,5421
2598,6322
2598,8243
2598,9521
2599,3100
2599,3693
2599,4023
2599,8682
2600,3499
2600,5329
2600,7477
2600,9069
2601,5766
2601,8171
2602,4998
2602,8575
2603,2927
2603,5860
2603,7948
2604,3787
2604,7364
2604,9180
2605,2912
2605,5650
2605,7770
2606,3220
2606,3797
2606,6344
2606,9740
2607,9511
2608,3688
2608,6817
2608,6832
2609,4357
2609,5355
2609,6364
2609,9527
2610,6113
2610,7535
2610,7576
2611,2855
2611,5111
2611,9917
2612,5897
2612,7413
2613,2643
2613,3153
2613,4558
2613,4714
2613,9641
2613,9716
2614,2738
2614,4721
2614,5739
2614,7379
2614,9065
2615,3150
2615,5158
2615,7663
2615,8090
2616,3489
2616,7491
2616,7531
2617,3913
2617,4365
2617,9457
2618,4086
2618,8273
2618,8640
2619,4634
2619,4945
2619,5892
2619,7513
2620,4372
2620,8437
2620,8962
2620,9018
2620,9194
2621,6103
2622,4539
2623,3518
2623,6536
2623,9514
2624,4605
2624,5195
2625,2955
2625,3891
2625,5811
2625,7515
2625,7525
2626,5660
2626,5721
2626,6924
2626,7686
2626,9570
2626,9625
2627,3815
2627,5149
2627,7847
2628,3603
2628,4276
2628,5939
2628,6709
2629,5378
2629,9306
2629,9661
2630,3236
2630,7216
2630,8269
2630,8386
2631,4623
2631,6086
2631,6718
2631,7724
2631,8407
2632,4331
2632,6154
2632,7564
2632,8010
2633,3338
2633,8426
2634,4788
2634,6970
2634,7095
2634,7754
2635,4462
2635,6585
2635,8117
2636,2982
2636,6114
2636,6204
2637,3435
2637,4983
2637,6545
2637,7003
2637,9778
2638,7479
2638,9839
2639,5684
2639,6251
2639,9753
2639,9887
2640,5908
2640,8253
2640,9433
2640,9756
2641,2989
2641,4326
2641,6425
2642,3328
2642,3391
2642,5382
2642,5490
2642,6107
2643,3153
2643,4714
2644,2785
2644,3125
2644,8727
2644,9235
2645,2892
2645,5771
2645,6630
2645,8117
2645,9430
2646,3855
2646,4320
2646,4592
2646,4733
2646,5532
2646,7306
2646,7505
2647,6502
2647,8576
2647,9606
2647,9908
2648,7670
2648,7680
2648,8036
2649,5262
2649,6687
2649,7591
2649,8137
2650,9931
2650,9964
2651,4090
2651,4134
2651,5774
2651,6289
2651,9472
2652,4316
2652,5256
2652,6381
2652,9395
2653,6814
2653,9037
2654,5354
2654,5708
2654,7451
2654,8790
2655,3127
2656,2949
2656,4316
2656,5004
2656,5836
2656,8262
2656,9395
2657,4899
2657,6126
2658,6264
2658,7553
2658,9530
2659,9638
2659,9708
2660,2943
2660,4038
2660,5119
2660,8941
2661,6365
2661,8884
2662,3073
2662,3371
2662,4158
2662,4549
2662,5212
2662,6491
2663,4711
2663,5229
2663,5974
2663,8498
2664,3180
2664,6316
2664,9073
2665,6541
2665,8972
2666,2844
2666,2910
2666,4416
2666,6444
2666,9585
2667,2947
2667,4662
2667,5124
2667,6785
2667,8066
2668,4379
2668,6704
2668,8657
2669,3332
2669,5381
2669,6339
2670,4896
2670,6601
2670,8208
2671,3055
2671,6107
2671,9336
2672,4868
2672,8624
2672,8975
2673,7647
2673,7678
2673,9404
2674,3642
2674,3687
2674,5916
2674,6965
2675,3327
2675,4045
2675,6813
2676,4403
2676,4425
2676,5161
2676,8817
2677,2766
2677,7386
2677,9199
2677,9806
2678,3573
2678,5207
2678,6576
2678,6864
2678,8462
2679,5117
2679,5893
2679,8241
2680,3651
2680,6269
2681,6173
2681,6799
2681,7582
2682,3236
2682,6032
2682,7262
2682,9278
2683,9337
2683,9429
2684,3197
2684,3860
2684,4011
2684,4021
2684,4851
2684,7831
2685,4631
2685,7694
2685,8552
2685,9487
2685,9715
2686,4173
2686,5365
2686,8142
2687,3509
2687,6244
2687,8992
2687,9324
2688,4326
2688,5920
2689,4172
2689,4954
2689,7050
2690,3982
2690,5938
2690,8173
2690,8806
2690,9154
2691,2773
2691,6655
2692,4796
2692,6326
2693,2924
2693,4564
2693,9078
2693,9381
2694,3027
2694,3662
2694,3984
2694,4609
2694,7323
2695,2780
2695,7766
2696,3036
2696,3822
2696,4015
2696,4946
2697,7006
2698,3702
2698,4132
2698,5028
2699,3217
2699,4454
2699,8980
2700,5553
2700,6727
2700,7308
2700,8448
2701,3002
2701,3344
2701,3386
2702,3308
2702,3741
2702,5088
2702,6468
2702,6475
2703,3085
2703,6695
2703,7898
2703,8523
2704,5095
2704,5996
2704,8228
2705,5419
2705,5749
2705,8361
2705,8420
2706,2872
2706,3576
2706,8809
2706,9513
2706,9855
2707,4895
2707,6385
2707,7244
2707,8846
2707,9410
2708,4122
2708,8670
2709,4494
2709,4690
2709,8531
2710,3171
2710,7335
2710,7887
2710,8043
2711,3203
2711,4490
2711,9970
2712,2763
2712,5475
2712,6975
2712,8107
2713,5686
2713,5874
2713,6664
2713,7202
2714,3802
2714,3987
2714,4349
2715,3925
2715,4626
2715,5601
2715,6083
2716,3425
2716,3843
2716,7182
2716,9463
2717,2839
2717,4495
2717,6560
2717,8773
2718,3326
2718,4810
2718,6529
2719,6625
2719,7703
2719,9721
2720,2965
2720,4994
2720,6287
2720,6633
2721,3559
2721,5794
2721,7952
2722,3411
2722,6801
2722,8788
2722,9342
2722,9710
2723,2839
2723,6649
2723,8773
2724,2750
2724,3550
2724,4947
2724,5453
2725,4766
2725,7103
2725,7294
2725,7613
2726,7087
2726,7487
2726,8281
2727,6987
2727,7264
2727,8951
2727,8990
2728,4203
2728,5827
2728,6163
2728,7042
2729,3319
2729,6931
2730,4100
2730,5652
2730,7148
2731,4135
2731,5026
2731,7740
2731,8515
2732,3873
2732,4626
2732,7265
2732,7586
2732,9654
2733,5696
2733,8377
2734,8405
2734,8458
2735,2879
2735,6082
2735,9177
2735,9525
2736,3367
2737,4847
2737,7377
2738,4591
2738,4721
2738,8502
2738,9065
2739,3731
2739,5943
2739,9028
2739,9225
2740,5441
2740,8090
2740,9702
2740,9897
2741,3945
2741,6774
2741,8333
2742,3743
2742,4636
2742,7923
2742,9914
2743,3632
2743,4841
2743,5875
2743,8837
2744,6881
2744,8162
2744,9030
2745,4423
2745,4801
2745,6508
2746,4526
2746,5909
2746,7589
2746,9232
2747,7369
2748,6015
2748,6085
2748,6283
2748,6739
2748,9774
2749,2938
2750,3550
2750,5453
2750,6969
2751,5689
2751,6284
2751,6716
2751,7193
2751,9279
2752,3703
2752,3749
2752,4364
2752,5803
2752,6279
2752,9247
2753,3285
2753,4346
2753,6221
2753,7622
2753,9554
2753,9748
2754,3361
2754,6308
2754,8932
2755,5515
2755,5713
2755,6035
2755,8737
2755,9606
2756,3415
2756,5107
2756,6344
2757,5920
2757,7480
2757,7935
2757,8457
2758,5548
2758,7160
2758,9064
2758,9846
2759,3529
2759,5533
2759,5907
2759,5912
2759,5982
2760,3200
2761,3343
2761,3350
2761,4804
2761,6157
2762,6494
2762,9369
2763,3310
2763,4910
2763,5475
2763,6975
2763,8063
2764,3543
2764,5687
2765,8282
2765,9052
2766,4354
2766,7386
2766,9199
2766,9806
2767,2930
2767,6128
2767,6479
2767,7574
2767,9480
2768,7042
2768,7888
2768,9715
2768,9977
2769,6214
2769,8785
2769,8853
2770,4135
2770,7387
2770,7595
2770,8706
2771,2937
2771,4935
2771,6255
2771,6957
2772,8870
2772,8939
2773,3252
2774,5185
2774,7582
2774,8152
2774,8344
2775,4651
2775,5867
2775,6687
2776,3025
2776,3737
2776,4406
2776,4976
2776,7463
2776,8058
2777,6749
2777,6880
2777,8733
2778,9122
2779,3130
2779,5386
2779,5549
2780,8003
2781,3824
2781,4821
2781,7564
2781,8010
2781,8769
2782,3038
2782,4775
2782,8904
2783,3074
2783,5666
2783,7768
2783,9400
2783,9797
2784,3271
2784,6595
2784,6734
2784,7145
2784,7904
2785,5458
2785,8727
2786,3090
2786,3640
2786,5128
2786,5921
2786,8513
2787,6322
2787,7810
2787,8871
2787,9938
2788,3482
2788,3796
2788,6209
2788,6673
2788,7718
2788,9733
2789,3683
2789,4289
2789,5613
2789,8153
2789,9112
2790,3014
2790,4982
2790,5986
2790,6810
2790,6920
2791,7156
2791,9530
2792,5479
2792,6332
2792,8022
2793,3334
2793,6791
2793,9807
2794,3478
2794,3850
2794,5460
2794,7593
2795,4573
2795,8735
2796,3254
2796,5221
2796,6193
2797,5569
2797,6769
2797,7030
2797,8157
2797,8783
2798,4055
2798,6748
2798,7072
2798,8076
2799,2935
2799,2992
2799,3856
2799,9803
2800,7883
2800,8598
2801,7629
2801,8433
2801,8895
2801,9793
2802,8708
2803,4191
2803,4204
2803,7719
2804,3012
2804,5052
2804,8632
2805,2975
2805,7479
2805,9839
2806,3381
2806,5096
2806,6141
2807,7606
2807,8293
2807,9443
2808,7173
2808,8751
2809,4114
2809,5414
2809,7362
2809,7920
2809,9176
2810,5037
2810,6021
2810,8896
2811,4245
2811,6188
2811,6635
2811,7039
2811,9624
2812,4787
2812,7128
2812,9405
2812,9533
2813,2882
2813,5815
2813,5935
2813,8031
2814,3966
2814,6940
2814,7055
2814,8525
2815,3114
2815,3772
2815,7140
2815,9094
2816,6227
2816,9496
2817,3022
2817,5942
2817,7690
2818,3835
2818,4944
2818,9873
2819,4048
2819,7510
2819,9554
2819,9748
2820,8960
2820,8967
2821,3762
2821,4708
2821,4780
2821,6674
2821,8229
2822,4824
2822,7056
2822,7652
2823,4841
2823,5709
2823,8837
2824,3684
2824,4733
2824,7936
2825,3246
2825,6384
2825,6446
2825,7024
2826,3660
2826,5067
2826,5140
2826,6819
2826,8800
2827,4585
2827,5593
2827,7047
2827,9573
2828,6412
2828,8905
2829,4367
2829,6048
2829,7388
2830,6324
2830,9579
2830,9682
2831,6677
2831,7369
2831,9182
2832,5812
2832,7472
2832,8810
2833,7638
2833,9638
2833,9708
2834,2849
2834,3181
2834,6399
2835,4221
2835,7467
2835,9362
2836,3631
2836,5570
2837,4366
2837,6417
2838,5478
2838,6157
2838,8242
2838,9398
2838,9432
2839,8773
2840,2984
2840,4139
2840,5062
2841,5222
2841,5899
2841,6391
2841,6949
2842,2913
2842,7340
2842,8046
2842,8721
2843,4828
2843,5680
2843,6761
2844,2910
2844,4416
2844,5570
2844,5896
2844,6021
2844,9853
2845,6053
2845,7484
2845,8796
2846,3894
2846,4156
2846,9883
2847,8642
2847,9371
2848,4436
2848,4545
2848,6205
2848,8181
2849,3181
2849,6863
2849,9473
2850,4252
2850,4607
2850,6796
2850,8649
2851,4051
2851,5086
2851,8140
2852,3119
2852,3399
2852,3798
2852,5176
2852,5248
2852,5597
2852,5725
2853,4484
2853,6136
2853,7373
2853,8891
2853,9237
2854,3249
2854,7219
2854,9936
2855,5967
2856,5494
2856,5957
2856,6431
2856,7791
2856,9088
2856,9222
2857,4248
2857,5751
2857,9312
2858,3275
2858,6816
2858,8772
2858,9808
2859,4131
2859,5368
2859,6213
2859,7176
2859,7204
2859,8643
2860,3056
2860,4984
2860,5254
2860,5541
2860,7084
2860,7285
2861,3262
2861,5735
2861,7732
2861,8991
2862,3494
2862,5430
2862,8406
2863,3532
2863,4294
2864,7515
2864,7525
2864,8663
2864,9939
2865,3590
2865,8174
2865,8201
2865,8835
2866,3571
2866,4409
2867,4356
2867,6474
2867,6713
2868,5592
2868,7203
2868,7679
2868,9760
2869,5974
2869,7662
2869,9276
2870,5061
2870,9237
2871,5298
2871,6117
2871,8463
2872,5008
2872,5243
2872,8373
2872,9855
2873,4510
2873,5655
2873,6882
2873,7135
2873,7674
2873,8482
2873,9485
2874,3062
2874,5978
2874,7372
2874,9608
2875,3661
2875,5493
2875,7115
2875,8342
2875,8719
2876,7070
2876,7389
2877,3286
2877,4523
2877,5513
2877,8976
2878,4074
2878,5367
2878,9129
2879,6517
2879,6870
2879,7120
2880,7144
2880,8383
2880,9195
2881,3170
2881,3494
2881,5627
2881,8406
2882,5815
2882,8031
2883,3111
2883,8411
2883,8421
2884,6581
2884,6966
2884,7167
2884,9945
2885,4891
2885,9100
2886,4127
2886,5073
2886,5489
2886,7368
2886,8771
2887,3997
2887,4305
2887,4760
2887,5830
2887,7981
2888,2993
2888,5102
2888,7443
2888,8572
2889,3477
2889,4380
2889,5123
2889,6608
2889,8321
2890,2926
2890,6013
2890,8927
2891,4466
2891,6543
2891,8358
2892,6630
2892,6954
2892,9071
2892,9430
2892,9667
2893,3110
2893,4056
2893,5336
2893,9740
2894,3049
2894,3358
2894,3958
2894,4992
2894,6976
2894,7934
2895,3455
2895,4463
2895,8147
2895,8184
2896,5520
2896,5905
2896,8928
2896,9099
2897,3229
2897,7901
2898,4657
2898,5170
2898,8571
2899,3334
2899,4232
2899,4345
2899,9807
2900,4093
2900,6058
2901,6067
2901,6878
2901,6942
2901,9478
2902,4808
2902,7466
2902,9351
2903,2933
2903,4306
2903,4724
2904,5231
2904,6887
2904,8258
2905,6556
2905,8561
2906,4166
2906,4888
2906,5024
2906,9167
2907,5876
2907,6602
2907,7622
2907,9554
2908,5091
2908,6711
2908,9214
2909,3728
2909,4562
2909,4737
2909,7636
2910,4416
2910,6444
2911,4791
2911,5745
2912,5650
2912,7770
2913,8721
2914,3001
2914,3360
2915,2918
2915,4198
2915,5914
2915,6285
2915,7762
2915,7911
2915,8926
2916,3637
2916,4691
2916,7450
2916,8969
2916,9876
2917,5227
2917,5611
2917,8045
2917,8890
2918,3901
2918,7762
2919,4485
2919,5200
2919,7280
2920,5135
2920,7258
2921,3918
2921,4344
2921,5116
2921,5307
2921,6793
2922,3533
2922,3647
2922,3949
2922,9872
2923,3298
2923,5426
2923,7534
2923,9219
2924,4564
2924,9078
2924,9381
2924,9972
2925,3003
2925,3878
2925,5182
2925,5553
2925,6626
2925,7106
2925,7308
2925,7360
2925,8448
2926,3035
2926,4394
2926,5341
2926,6013
2927,7948
2928,7660
2928,7852
2929,5825
2929,6383
2929,6510
2929,7269
2929,9805
2930,3608
2930,6479
2930,7574
2931,3712
2931,4458
2931,5352
2931,6669
2931,7220
2931,8005
2932,5305
2932,5590
2933,2960
2933,4306
2933,4724
2933,7240
2933,9596
2934,4969
2934,8809
2934,8974
2934,9513
2935,2992
2936,3136
2936,3811
2936,6122
2937,4935
2937,5789
2937,6255
2937,6957
2938,5582
2939,4011
2939,7831
2939,8477
2940,3802
2940,3987
2940,5878
2940,6328
2940,6872
2941,3849
2941,5582
2941,8678
2942,5931
2942,6416
2942,7591
2942,8289
2943,4038
2943,7082
2943,8787
2944,3450
2944,3511
2944,4996
2944,7811
2945,3739
2945,4802
2945,6243
2945,6303
2945,9654
2946,4925
2946,5547
2946,6438
2947,5124
2947,5180
2947,6785
2947,8066
2947,9173
2948,4116
2948,5831
2948,7112
2948,8078
2948,8615
2949,5004
2949,8262
2950,4461
2950,5084
2951,5141
2951,5590
2951,6363
2951,7780
2952,3489
2952,7318
2953,3990
2953,4455
2953,7293
2954,5754
2954,6453
2955,3891
2955,5524
2955,5811
2955,6001
2955,7143
2956,9639
2956,9798
2957,5861
2957,6847
2957,7494
2958,8610
2958,9303
2958,9742
2959,4237
2959,8091
2960,7240
2960,9493
2960,9596
2961,4057
2961,7929
2961,9910
2961,9957
2962,3692
2962,4679
2962,6386
2962,6994
2963,5168
2963,5782
2963,6382
2963,7003
2964,5927
2964,7723
2964,9180
2965,4099
2965,4994
2965,8286
2966,4878
2966,5805
2966,6278
2966,6485
2966,7566
2967,3601
2967,3718
2967,3740
2967,4264
2968,4446
2968,6900
2968,8760
2968,9707
2969,7466
2969,9293
2969,9300
2970,6029
2970,6053
2970,7484
2970,9382
2971,5767
2971,8751
2971,9966
2972,3607
2972,6495
2972,7983
2973,5209
2973,5438
2973,6307
2973,7668
2973,9622
2974,6066
2974,7374
2974,7640
2974,7761
2975,3234
2975,4951
2975,6955
2976,3136
2976,4351
2976,5971
2976,9896
2977,4541
2977,4597
2977,5250
2977,5951
2977,7625
2977,8029
2977,9584
2978,5189
2978,5626
2978,9163
2978,9538
2979,4342
2979,6746
2979,8699
2979,9568
2980,3280
2980,6258
2981,5173
2981,7547
2981,7777
2981,9773
2982,5691
2982,6204
2982,9330
2983,3448
2983,3515
2983,8881
2984,4812
2984,8581
2985,3217
2985,4454
2986,3169
2986,7503
2986,9739
2986,9983
2987,4267
2987,5278
2987,5975
2987,9719
2988,5126
2988,8543
2988,8594
2988,8702
2988,9613
2989,3727
2989,5228
2989,8027
2990,3355
2990,6315
2990,7356
2990,9052
2991,3200
2991,4310
2991,9652
2992,3856
2993,3397
2993,3763
2993,5102
2993,7443
2993,8572
2994,3139
2994,3250
2994,5843
2994,7797
2994,9434
2995,3655
2995,4645
2995,8314
2995,9838
2995,9956
2996,3133
2996,5199
2996,9597
2997,5262
2997,5284
2997,9001
2998,3720
2998,7057
2999,4280
2999,5454
2999,7523
2999,9765
2999,9867
3000,4621
3000,4924
3000,6306
3001,3325
3001,6750
3002,3641
3002,7868
3002,8496
3003,5182
3003,6626
3003,7106
3004,3919
3004,5466
3004,6160
3004,9160
3005,4269
3005,7281
3006,3239
3006,4397
3006,8200
3006,9670
3007,3533
3007,6449
3007,7123
3007,7231
3008,3087
3008,6106
3009,4369
3009,4402
3009,4904
3009,8279
3009,8352
3010,6294
3010,7093
3010,7323
3011,4016
3011,6325
3011,7730
3011,9898
3012,3557
3012,5052
3012,8632
3012,9903
3013,3790
3013,5488
3013,8097
3013,9090
3014,5544
3014,5986
3014,9464
3015,3589
3015,4391
3015,7060
3016,8410
3016,9075
3016,9905
3017,8475
3017,9014
3018,8416
3019,4383
3019,6507
3019,7858
3020,6771
3020,7786
3021,4654
3021,4982
3021,6277
3021,7287
3022,5170
3022,6516
3023,3066
3023,6043
3023,8683
3024,4045
3024,5304
3024,5332
3024,5682
3024,6327
3024,7288
3024,9107
3025,3737
3025,4406
3025,7463
3026,6823
3026,8299
3026,9207
3027,3984
3027,4609
3027,7689
3027,9211
3028,5701
3028,6772
3028,8525
3028,8898
3028,9526
3029,5736
3029,8313
3029,9095
3030,4289
3030,9271
3031,4444
3031,4931
3031,6153
3032,3438
3032,5418
3032,7828
3033,4374
3033,6760
3033,7776
3034,5901
3034,7103
3034,7732
3034,9750
3035,4394
3035,5341
3036,5261
3037,7848
3037,9840
3038,3260
3038,3265
3038,7709
3038,8904
3039,3902
3039,4081
3039,9124
3040,4093
3040,6058
3041,3259
3041,5646
3041,6101
3042,4239
3042,7315
3043,6598
3043,7297
3043,7826
3043,9679
3044,6604
3044,6888
3044,7031
3045,3602
3045,6499
3046,3913
3046,3974
3046,4365
3047,6559
3047,6679
3047,7059
3047,8327
3047,9694
3048,3722
3048,8559
3048,9688
3049,4992
3049,6976
3049,7934
3050,3249
3050,4210
3050,9936
3051,3271
3051,3495
3051,4079
3051,7145
3051,7391
3051,8268
3051,8297
3052,6795
3053,3546
3053,7771
3054,3910
3054,5717
3054,5823
3054,8430
3054,8815
3055,4474
3055,7099
3056,5254
3056,5541
3056,7285
3057,3522
3057,3998
3057,7902
3058,5884
3058,9040
3058,9305
3059,5182
3059,6727
3059,7308
3060,3383
3060,6465
3060,7067
3060,7447
3060,8132
3061,5006
3061,5908
3062,6011
3062,7372
3062,7626
3062,9608
3063,7336
3063,9785
3063,9881
3063,9890
3064,4186
3064,6504
3064,7304
3065,3695
3065,5018
3065,9032
3065,9236
3066,4677
3066,6043
3066,7545
3067,4612
3067,8918
3067,9034
3067,9049
3068,3456
3068,7777
3068,8404
3068,9286
3069,3096
3069,7932
3069,8566
3069,9448
3070,4415
3070,7561
3071,4698
3071,6108
3071,9076
3071,9146
3072,3981
3072,6074
3072,6860
3072,7268
3072,9401
3072,9937
3073,3371
3073,6491
3074,7768
3074,9797
3075,3242
3075,4845
3075,6400
3075,7803
3076,5334
3076,5482
3076,6233
3077,3293
3077,5412
3077,7124
3078,4399
3078,7441
3078,9594
3079,4277
3079,5455
3079,7055
3079,7214
3080,3140
3080,5207
3080,8265
3081,4114
3081,4961
3081,7992
3081,8166
3081,8588
3081,8848
3082,3277
3082,8454
3082,9232
3083,6269
3083,7994
3084,7052
3084,7465
3084,9070
3084,9979
3085,7898
3085,8523
3086,3604
3086,4939
3086,4966
3087,5574
3087,9879
3088,4387
3088,6154
3088,8464
3088,8653
3089,4661
3089,6358
3089,7380
3089,7879
3089,8885
3090,5061
3090,5128
3090,5921
3090,8513
3091,3842
3092,4666
3092,7644
3092,8089
3092,9660
3093,3841
3093,6848
3093,8843
3094,8476
3094,9189
3094,9294
3095,4285
3095,5010
3095,6211
3095,8056
3095,9490
3096,3978
3096,9090
3096,9448
3097,3269
3097,9787
3097,9809
3098,5954
3098,6700
3098,7464
3099,3240
3099,3759
3099,4128
3100,3693
3100,4023
3100,8682
3101,7515
3101,7525
3101,9956
3102,4126
3102,5353
3102,5396
3102,7289
3103,4833
3103,7957
3104,4147
3104,4844
3104,7691
3105,4762
3105,5085
3105,6441
3105,8986
3106,6814
3106,6979
3106,9421
3107,4497
3107,6841
3107,8439
3108,4034
3108,4092
3108,6045
3108,7659
3109,3624
3109,5020
3109,7341
3109,9363
3110,4056
3110,5336
3110,5963
3111,4190
3111,6009
3111,8421
3112,4830
3112,6911
3112,7855
3113,5511
3113,8478
3113,8984
3114,5191
3114,9038
3114,9094
3115,3848
3115,7273
3115,8662
3116,3208
3116,3710
3116,7968
3116,7975
3117,3834
3117,7250
3117,9508
3118,3689
3118,6672
3118,8456
3118,9906
3119,3399
3119,5531
3119,8565
3120,5944
3120,6912
3120,7980
3121,5759
3121,7683
3122,5165
3122,6297
3123,3769
3123,4199
3124,3414
3125,4612
3125,7871
3126,3364
3126,4535
3126,7481
3126,8929
3127,7962
3127,9077
3128,5657
3128,6568
3128,9720
3129,8125
3130,5549
3130,6345
3131,4025
3131,5627
3131,6376
3131,7307
3132,3568
3132,6637
3132,8754
3132,9477
3134,4308
3134,4514
3134,4534
3134,8234
3134,9586
3135,3712
3135,7610
3135,8434
3136,3811
3136,5371
3136,5971
3136,9896
3137,3288
3137,4669
3137,9903
3138,3745
3138,9782
3139,3250
3139,3996
3139,5843
3139,7499
3139,9980
3140,5285
3140,6659
3140,6999
3141,6374
3141,8983
3141,9840
3142,3708
3142,4595
3142,4927
3142,8349
3142,8931
3143,3159
3143,4366
3143,5663
3143,5795
3143,7997
3144,6628
3144,6918
3144,8568
3145,3789
3145,4414
3145,4698
3145,7203
3145,7679
3146,4700
3146,5244
3146,6030
3146,6872
3146,9175
3147,4729
3147,8472
3147,9449
3148,3574
3148,3692
3148,3972
3148,4419
3148,4655
3148,4679
3148,6994
3149,3500
3149,5439
3149,6049
3149,6638
3150,3186
3150,3771
3150,5158
3150,8499
3150,8932
3151,3844
3151,8698
3152,3791
3152,4401
3152,7554
3152,9375
3153,4714
3153,6234
3154,6119
3154,6242
3154,7785
3154,8178
3154,9506
3155,3325
3155,3753
3155,3788
3155,3895
3155,9408
3156,3362
3156,4152
3156,6368
3156,7947
3156,8752
3157,4943
3157,5555
3158,4567
3158,6346
3158,8083
3158,9489
3159,6773
3159,7906
3159,7997
3159,8746
3160,3232
3160,5070
3161,3289
3161,6111
3161,6195
3161,8766
3162,5188
3162,5294
3162,6237
3162,6993
3163,5300
3163,6442
3163,9444
3164,8526
3164,9174
3165,4286
3165,5282
3165,6787
3166,3177
3166,6712
3166,8155
3166,9851
3167,4201
3167,6251
3167,8017
3167,9753
3168,3375
3168,3505
3168,6052
3168,7825
3169,3483
3169,3823
3169,9739
3170,3494
3170,4619
3170,4915
3170,5430
3170,5627
3170,8406
3171,6782
3171,7352
3171,7887
3171,8043
3171,9600
3172,3561
3172,4877
3172,5345
3172,6336
3173,5641
3173,6127
3173,7267
3173,9712
3174,6710
3174,8284
3174,9349
3175,3229
3175,5042
3175,5160
3176,5407
3176,8547
3176,9442
3177,6712
3177,9386
3178,5664
3178,7224
3178,7483
3178,8358
3179,5469
3179,7279
3179,8894
3179,9785
3180,5164
3180,6353
3180,6622
3180,6804
3181,9279
3181,9473
3182,4388
3182,5465
3182,6943
3182,9633
3183,5302
3183,6181
3183,6614
3184,3372
3184,3452
3185,4308
3185,4513
3185,4514
3185,7064
3185,8234
3186,5837
3186,8499
3188,3653
3188,5007
3189,5343
3189,6748
3190,7238
3190,9007
3190,9478
3190,9996
3191,6487
3191,8435
3191,9066
3192,4248
3192,4574
3192,9312
3192,9912
3193,3430
3193,3965
3193,6158
3194,3274
3194,5883
3195,5314
3195,7612
3195,8508
3195,8780
3195,8934
3195,9391
3196,5109
3196,5710
3196,6426
3196,7444
3196,7598
3197,4011
3197,4021
3197,7831
3198,4440
3198,8008
3198,8560
3198,8606
3199,5298
3199,7122
3199,9470
3200,4310
3200,9153
3200,9652
3201,3389
3201,7856
3201,9437
3202,7799
3202,8269
3202,8472
3202,9449
3203,3992
3203,4490
3203,6925
3204,3722
3204,4734
3204,8559
3205,3339
3205,9315
3206,7035
3206,8341
3206,9005
3207,5279
3207,5663
3207,5795
3207,6417
3207,6539
3208,3710
3208,7968
3208,7975
3209,4575
3209,7030
3209,7228
3209,7816
3210,3392
3210,4309
3210,7992
3210,8588
3210,8982
3211,3566
3211,3804
3212,5342
3212,5777
3212,5814
3212,7845
3212,9098
3214,6451
3214,7132
3214,9122
3215,4717
3215,6047
3215,9008
3215,9435
3216,6554
3216,7775
3216,8424
3216,9877
3217,4454
3217,7239
3218,3490
3218,4473
3219,3820
3219,4731
3219,5029
3219,8596
3219,9439
3220,5336
3220,6344
3220,9740
3221,3721
3221,9095
3222,4438
3222,4744
3222,6281
3222,9994
3223,6481
3223,6516
3223,8392
3224,5585
3224,7319
3224,9979
3225,3299
3225,5338
3225,8346
3225,9555
3226,5234
3226,6430
3226,6789
3226,8759
3226,9416
3226,9642
3227,7659
3227,8784
3227,9045
3228,7076
3228,8247
3228,9621
3228,9888
3229,5160
3229,9250
3230,3935
3230,6951
3230,7915
3230,9318
3231,5750
3231,5789
3231,8578
3232,3320
3233,5949
3233,6393
3233,9734
3234,6206
3234,6586
3235,3376
3235,5385
3235,7150
3235,9308
3236,6898
3236,7216
3236,8386
3237,5514
3237,7195
3237,8418
3238,3666
3238,3777
3238,5731
3238,6435
3239,4381
3239,4440
3240,3759
3240,7956
3240,8245
3241,4658
3241,5508
3241,5929
3242,4559
3242,4845
3243,5247
3243,6265
3243,9196
3243,9547
3244,4796
3244,6467
3244,6558
3244,9385
3245,4677
3245,7545
3246,6384
3246,6446
3246,7024
3246,9100
3247,3817
3247,8187
3247,9211
3248,6015
3248,6222
3248,6739
3248,7283
3249,4210
3249,7219
3249,9936
3250,3996
3250,5843
3251,3816
3251,4404
3251,6787
3252,6400
3252,9165
3253,3818
3253,3895
3253,4705
3253,4859
3254,5221
3254,6193
3255,4207
3255,4887
3255,8219
3255,9650
3256,5145
3256,7697
3257,3531
3257,5443
3257,8366
3257,9641
3257,9716
3258,4392
3258,7869
3258,8099
3258,8764
3259,4107
3259,6650
3259,6971
3259,9931
3259,9964
3260,3265
3260,7709
3261,6175
3261,8316
3262,5197
3262,5735
3262,8991
3263,7544
3264,4126
3264,4634
3264,5353
3264,7513
3265,6937
3265,7709
3265,8904
3266,4250
3266,4934
3266,7524
3266,8989
3267,4103
3267,6288
3267,6690
3268,4955
3268,6861
3268,8672
3269,4268
3269,4303
3269,8118
3269,9432
3269,9809
3270,3961
3270,4195
3270,5060
3270,7096
3271,7145
3271,7391
3271,7904
3272,4705
3272,4859
3272,9337
3273,3558
3273,6081
3273,9916
3274,8450
3275,8189
3275,8772
3275,9808
3276,7786
3276,9875
3277,9678
3278,9953
3279,4307
3279,5936
3280,5796
3281,3406
3281,4409
3281,7065
3281,8048
3282,6846
3282,7404
3282,8168
3282,8897
3283,4757
3283,4838
3283,5583
3284,5562
3284,5711
3285,4346
3285,6221
3285,8419
3285,9554
3285,9911
3286,5513
3286,8976
3287,3439
3287,7927
3287,8992
3287,9324
3288,3489
3288,7531
3289,5949
3289,6195
3289,9117
3290,5968
3290,8273
3290,8599
3290,9960
3291,3941
3291,5073
3291,7368
3291,9649
3292,8722
3293,3908
3293,5412
3293,5648
3293,5702
3293,6427
3293,7124
3294,3469
3294,6051
3294,6766
3294,9233
3295,3809
3295,4576
3295,6214
3296,4861
3296,5027
3296,6733
3296,8469
3296,9228
3297,4546
3297,6998
3298,4419
3298,5356
3298,7534
3299,8713
3299,9231
3300,7312
3300,8278
3301,3899
3301,5510
3301,9263
3302,3327
3302,4045
3302,5332
3303,7797
3303,9434
3303,9632
3304,4638
3304,5338
3304,8346
3304,9555
3305,6839
3305,7403
3306,4479
3306,5408
3306,5584
3307,4964
3307,7933
3308,3741
3308,5088
3308,6475
3309,3588
3309,4421
3309,4704
3309,6885
3310,4910
3310,5475
3310,8063
3310,8084
3311,3341
3311,4147
3311,5501
3312,8050
3312,9745
3312,9798
3313,6418
3313,6987
3313,8990
3313,9920
3314,3680
3314,6333
3314,7897
3314,9847
3315,6425
3315,8564
3315,9093
3316,3540
3316,6855
3316,8286
3317,6567
3317,7367
3317,7648
3317,8549
3318,3757
3318,6102
3318,6347
3318,7199
3319,4780
3319,6674
3319,6931
3319,7512
3320,4770
3321,7717
3321,9509
3322,4537
3322,4719
3322,6777
3322,7254
3323,4504
3323,5467
3323,9962
3324,3954
3324,8018
3325,6750
3325,8364
3326,4810
3326,6529
3326,8501
3327,4045
3327,6813
3328,3391
3328,4474
3329,8271
3329,8692
3329,8731
3330,5715
3330,8460
3330,8710
3330,8743
3331,7700
3331,7745
3331,8694
3332,5381
3332,6339
3332,8866
3333,4433
3333,5980
3333,9655
3334,5545
3334,9807
3335,6372
3335,6905
3335,7005
3336,3916
3336,4175
3336,5752
3336,6440
3337,3720
3337,4448
3337,6249
3337,6271
3337,7057
3337,7370
3338,3357
3339,4648
3339,9923
3340,3387
3340,4838
3340,5583
3340,9984
3341,5501
3341,9097
3341,9260
3342,4193
3342,6433
3343,4558
3343,6234
3343,9817
3344,3386
3344,3454
3345,5237
3345,6112
3345,9456
3346,3983
3346,8213
3346,8706
3347,4532
3347,5872
3347,8570
3347,9216
3347,9825
3348,4231
3348,7341
3348,8170
3348,8298
3348,9558
3349,3668
3349,4219
3349,8544
3350,4804
3350,5506
3350,8875
3351,3642
3351,8557
3352,5374
3352,6226
3352,9274
3353,7196
3354,4558
3354,5206
3354,8366
3354,9817
3355,3670
3355,7356
3355,9627
3356,4757
3356,7332
3356,9984
3357,5005
3358,3958
3358,4449
3358,8749
3359,4337
3359,4938
3359,7350
3359,7392
3359,7676
3360,6257
3360,8591
3361,6308
3361,8932
3362,3935
3362,4152
3362,6875
3362,7947
3362,8752
3363,4328
3363,5622
3363,6317
3364,7481
3364,7774
3365,5517
3365,7572
3365,9574
3366,7363
3366,8309
3366,8709
3366,9925
3367,6557
3367,7282
3368,6376
3368,7291
3368,7307
3368,8148
3368,9982
3369,5911
3369,6696
3369,7815
3370,4322
3370,7718
3371,3542
3371,9804
3372,3452
3373,3870
3373,4487
3373,6615
3373,7343
3373,9921
3374,4631
3374,9409
3374,9487
3375,3505
3375,6052
3375,8332
3375,9226
3376,5385
3376,7150
3376,9308
3377,5038
3377,5086
3377,8140
3378,4702
3378,5550
3378,8365
3379,3678
3379,4282
3379,8294
3379,8318
3379,8761
3380,5100
3380,5260
3380,8249
3380,8868
3381,4931
3381,5096
3382,4771
3382,7349
3382,7424
3383,4373
3383,6465
3383,7067
3383,7447
3384,4813
3384,8294
3384,8604
3384,8993
3384,9829
3385,3663
3385,3674
3385,5431
3385,6173
3386,8521
3387,3725
3387,4429
3388,6330
3388,7784
3389,4917
3390,3475
3390,5363
3390,5625
3391,4474
3392,4309
3392,6230
3392,8166
3393,3676
3393,6741
3393,6980
3393,8729
3394,5666
3394,8028
3394,8550
3394,9400
3395,9597
3395,9615
3396,7078
3396,7665
3397,3763
3397,5102
3397,7443
3397,7568
3398,4271
3398,6010
3398,6380
3398,9731
3398,9826
3399,5289
3399,8565
3400,6096
3400,6768
3401,6274
3401,7526
3401,8942
3402,6377
3402,7159
3402,9265
3403,5356
3403,7743
3403,7971
3403,9141
3404,5056
3404,6884
3404,7504
3404,8747
3405,3897
3405,5991
3405,7378
3405,9319
3406,3571
3406,4409
3406,7065
3406,8048
3407,3907
3407,6151
3407,6779
3407,7834
3408,4685
3408,5079
3408,6754
3408,9075
3409,3486
3409,5117
3409,5195
3409,5868
3410,4740
3410,5316
3411,9325
3411,9710
3412,4315
3412,6077
3412,6661
3413,4042
3413,5148
3413,7926
3413,8774
3414,5077
3414,5226
3415,5107
3415,6344
3415,6736
3416,3605
3416,3677
3416,4024
3416,4307
3417,6474
3417,7949
3417,9510
3418,5286
3418,5433
3418,9057
3419,3471
3419,5391
3420,4827
3420,6697
3420,7172
3421,4635
3421,6057
3421,6528
3421,7883
3422,5015
3422,6349
3422,9683
3423,3468
3423,6350
3423,6407
3424,4279
3424,7371
3425,5231
3425,7182
3425,8258
3426,8068
3426,8301
3427,4425
3427,5312
3427,7714
3428,4137
3428,4157
3428,8597
3429,6186
3429,7139
3429,7175
3430,3652
3430,8536
3431,6300
3431,6844
3431,7764
3431,8474
3432,3826
3432,6492
3432,7968
3432,9758
3433,8818
3433,9687
3434,5615
3434,6286
3434,7580
3435,7003
3435,7554
3435,9778
3436,5271
3436,6549
3436,6854
3436,9460
3437,4849
3437,5894
3437,7876
3438,7828
3439,6697
3439,7221
3439,7927
3439,8992
3440,4469
3440,5481
3440,6961
3440,7331
3440,7978
3441,4829
3441,6033
3441,8461
3442,4153
3442,4404
3442,5608
3442,8862
3443,4491
3443,6888
3443,7696
3444,5440
3444,5900
3444,9043
3445,4068
3445,5446
3445,9489
3446,4167
3446,6066
3446,7374
3446,9105
3447,5723
3447,5886
3447,7403
3448,8443
3448,8881
3449,6609
3449,9415
3450,3511
3450,4996
3451,8237
3451,8948
3452,9534
3453,4680
3453,7661
3453,8900
3453,9091
3455,4296
3455,4463
3455,8184
3456,5101
3456,8404
3456,9116
3457,4351
3457,9769
3457,9896
3458,9399
3458,9772
3459,4527
3459,4726
3459,7629
3459,8895
3460,3595
3460,6349
3460,7206
3460,9578
3461,6848
3461,8646
3462,5551
3462,8736
3463,3465
3463,5068
3463,8602
3463,8828
3463,9209
3464,5251
3464,6432
3464,7012
3464,7635
3464,9104
3465,5988
3465,8828
3466,6868
3466,9459
3467,3570
3467,3934
3467,4171
3467,6159
3468,5127
3468,6350
3468,6407
3468,9466
3469,6766
3469,8740
3469,9233
3470,8062
3471,5642
3472,5879
3472,6422
3472,7051
3472,8150
3472,9476
3473,3928
3473,5325
3473,6369
3473,6483
3473,9341
3474,4524
3474,5707
3475,5363
3475,9251
3476,8104
3476,8635
3476,9140
3477,4380
3477,8321
3478,3565
3478,3850
3478,4936
3478,7593
3479,5510
3479,6886
3479,7546
3479,9263
3480,3545
3480,5651
3480,5670
3480,5798
3480,9288
3480,9700
3481,3900
3481,5690
3481,7192
3482,4941
3482,6673
3482,7718
3482,9733
3483,3823
3483,7018
3483,9739
3484,5372
3484,7730
3485,6462
3485,7104
3485,9193
3486,5868
3487,4078
3487,7528
3487,9333
3487,9482
3488,5859
3488,6223
3488,6859
3488,8151
3488,9406
3489,7531
3490,3848
3490,6607
3490,8662
3491,5955
3491,9675
3492,3744
3492,3947
3492,4041
3492,6724
3492,8194
3492,8535
3493,4113
3494,4619
3494,8406
3495,6164
3495,8268
3495,8415
3496,7328
3497,4820
3497,5071
3497,5082
3497,6389
3497,8526
3498,4108
3498,8146
3499,7477
3499,8112
3499,9069
3500,3885
3500,5439
3500,5704
3501,4242
3502,4267
3502,5990
3502,8467
3503,7067
3503,7447
3503,8497
3504,4673
3504,6254
3504,9244
3505,9226
3506,3904
3506,4959
3506,6261
3507,4101
3507,5171
3507,6893
3508,5044
3508,7089
3508,7812
3508,8055
3508,9736
3508,9944
3509,5495
3509,6244
3510,5263
3511,4996
3511,7811
3512,4353
3512,5575
3512,6375
3513,4180
3513,4741
3513,6783
3514,5922
3514,9770
3515,6060
3515,7570
3515,7808
3516,4600
3516,7248
3516,7398
3517,7376
3517,9022
3517,9743
3518,6536
3518,7556
3518,8583
3518,8888
3518,9514
3519,6404
3519,9569
3519,9919
3520,3580
3520,4641
3520,6828
3520,9378
3521,3659
3521,5834
3522,4991
3522,9987
3523,4535
3523,8929
3523,9010
3523,9277
3524,6835
3524,7205
3524,9204
3525,3602
3525,6978
3526,6149
3527,5013
3527,7007
3527,7688
3528,8589
3529,4529
3529,5533
3529,5912
3530,7149
3530,7880
3530,9954
3531,5443
3531,9641
3531,9716
3532,4294
3532,7614
3532,8266
3533,6449
3533,7123
3533,7231
3533,9872
3534,4669
3534,7494
3534,9386
3535,4395
3535,8541
3535,9050
3536,5340
3536,6512
3536,8482
3536,9722
3537,3583
3537,6553
3537,6766
3537,7616
3537,7725
3537,8740
3538,5002
3538,8610
3539,3990
3539,4519
3539,9334
3540,6855
3540,8286
3541,5797
3541,5860
3541,7305
3542,3638
3542,7744
3542,9804
3543,5687
3544,6719
3544,6807
3544,7747
3544,8248
3545,5651
3545,5670
3545,5798
3546,7771
3547,4170
3547,9198
3547,9351
3547,9729
3548,5959
3548,6227
3548,9496
3549,6318
3549,7465
3549,9417
3550,4947
3550,5453
3550,5571
3551,8845
3551,8863
3552,4471
3552,4613
3553,3836
3553,4818
3553,7270
3553,8122
3553,8222
3554,5240
3554,7983
3554,9216
3554,9450
3555,7044
3555,8277
3555,8730
3555,8876
3555,9145
3556,4599
3556,9042
3557,4669
3557,8632
3557,9386
3558,6081
3558,9916
3559,5794
3559,9803
3560,4276
3560,4759
3560,5939
3560,7234
3561,4877
3561,6336
3562,5919
3562,9950
3563,3904
3563,4814
3563,5734
3563,6261
3563,6530
3564,8608
3564,9360
3565,3742
3565,8272
3566,4977
3567,4742
3567,4963
3567,5807
3567,7734
3568,8387
3568,8754
3568,9477
3569,5186
3569,5979
3569,7002
3570,3934
3570,4171
3570,6159
3571,4409
3571,7065
3572,4591
3572,5760
3572,8427
3573,6576
3573,6864
3574,3972
3574,4655
3574,4679
3574,5588
3575,4974
3575,5768
3575,8574
3575,9634
3576,4601
3576,5297
3576,5635
3576,8883
3577,7814
3577,7859
3578,3842
3578,7285
3579,4831
3579,7753
3579,8070
3579,8758
3580,7557
3580,9378
3581,3645
3581,3851
3581,4001
3582,4430
3582,4584
3582,6236
3582,7289
3582,9353
3583,6553
3583,7508
3583,7725
3583,8740
3584,6521
3584,6581
3584,6744
3584,9945
3585,3738
3585,7212
3585,8251
3586,4665
3587,8387
3587,9188
3588,4421
3588,4704
3588,5409
3588,6885
3588,8128
3588,9759
3589,4391
3589,5724
3589,6640
3589,7060
3589,8012
3590,8201
3590,9610
3590,9630
3591,3807
3591,5047
3592,4940
3592,6100
3592,6429
3592,6580
3592,7851
3592,8490
3593,3713
3593,5804
3593,7628
3594,4773
3594,6720
3594,7177
3594,8255
3594,8338
3595,6349
3595,8277
3596,4359
3596,4880
3597,4562
3597,4737
3597,6384
3597,7024
3598,4261
3598,5466
3598,6160
3598,7738
3599,6240
3599,8252
3600,8418
3601,3718
3601,3740
3601,4264
3601,6355
3602,6978
3603,4276
3603,4906
3603,5939
3604,4633
3604,5021
3604,5573
3605,3677
3605,8153
3606,6792
3606,7557
3606,8476
3607,4974
3607,6495
3607,8093
3608,6479
3608,7574
3608,8666
3609,5581
3609,5974
3609,8498
3610,8002
3610,8047
3610,9192
3611,4325
3611,6466
3611,7353
3612,3809
3612,8785
3612,8853
3613,5675
3613,6273
3613,7453
3614,4962
3614,6614
3614,8447
3614,8524
3614,9571
3615,4740
3615,5846
3615,8933
3616,6459
3616,7961
3616,8147
3616,9640
3617,5853
3617,6869
3617,7025
3617,9317
3618,5005
3618,5113
3618,5818
3618,6149
3618,6985
3619,4723
3619,5310
3619,8378
3619,8493
3619,9771
3620,4323
3620,5011
3620,5435
3620,5537
3620,5716
3620,8158
3621,5066
3621,5806
3622,4890
3622,5748
3622,5965
3623,5125
3623,5146
3624,5020
3624,7341
3624,9737
3625,4611
3625,4837
3625,5436
3626,3915
3626,7342
3626,8781
3627,6901
3627,8778
3628,6334
3628,7356
3629,5074
3629,6865
3630,5587
3630,7327
3630,8275
3630,8872
3631,8202
3632,5522
3632,5875
3633,9354
3633,9522
3634,4860
3634,7320
3634,8650
3635,4977
3635,5153
3636,8454
3636,8718
3636,9343
3637,7450
3637,7599
3637,8969
3638,8078
3638,9804
3639,5548
3639,5752
3639,6180
3639,7160
3640,4484
3640,5128
3640,5921
3640,8084
3640,8513
3640,9115
3641,7868
3641,9858
3642,4211
3643,6466
3643,6666
3643,7353
3643,9035
3644,7235
3644,8082
3644,8300
3644,9628
3645,4001
3645,5639
3645,6250
3646,4071
3646,6424
3647,3949
3647,9872
3648,8616
3649,4233
3649,6699
3649,7990
3649,9802
3649,9998
3650,3875
3650,6959
3650,7187
3650,7687
3650,8381
3651,6269
3652,5703
3652,8910
3652,9028
3653,5007
3653,5028
3654,4151
3654,8586
3654,9101
3655,4645
3655,8314
3655,9838
3656,4564
3656,4591
3656,8502
3656,8505
3657,9012
3657,9147
3658,4075
3658,6224
3658,6939
3659,5834
3659,8057
3660,5067
3660,5140
3660,6019
3660,6819
3661,3920
3661,6680
3661,7115
3662,3984
3662,6291
3662,7323
3662,8292
3663,3674
3663,4864
3663,5185
3663,7582
3664,5255
3664,7899
3665,3995
3665,6877
3665,7068
3665,9266
3666,5731
3666,9018
3667,6607
3667,8377
3668,4219
3668,7111
3668,8544
3668,9463
3669,4598
3669,5394
3669,7587
3670,6334
3670,7356
3670,9627
3671,3719
3671,7393
3671,8268
3672,3933
3672,7257
3672,8126
3673,6136
3673,7373
3673,7912
3674,4864
3674,8705
3675,5007
3675,5345
3675,9339
3675,9551
3676,6741
3676,6980
3676,7669
3677,4307
3678,4282
3678,8318
3679,4589
3679,7431
3680,6320
3680,7897
3680,9847
3681,4080
3681,4719
3681,8416
3682,3838
3682,4930
3682,9692
3682,9883
3683,5613
3684,7936
3685,4285
3685,5880
3685,6974
3686,8159
3687,5916
3687,9516
3688,3707
3689,3983
3689,4971
3689,9906
3690,5659
3690,6099
3690,8432
3690,8700
3690,9955
3691,5301
3691,5919
3691,6004
3691,6984
3691,7850
3692,4419
3692,4655
3692,6386
3692,8587
3693,4023
3693,9084
3694,3753
3694,6024
3694,9408
3695,5018
3695,7895
3695,9032
3695,9236
3696,4253
3696,6093
3697,6689
3697,8364
3697,9438
3698,4208
3698,4696
3698,5036
3698,5445
3698,6022
3698,7624
3698,8144
3699,4807
3699,5886
3699,6295
3699,7403
3699,8254
3699,9497
3699,9701
3700,6080
3700,7394
3701,6697
3701,7943
3701,8935
3702,3855
3702,4132
3702,5819
3702,6354
3703,4364
3703,5803
3703,7470
3704,8282
3704,9517
3705,4036
3705,5050
3705,8315
3705,9414
3707,6308
3708,4927
3708,8931
3709,6653
3709,8070
3709,8758
3709,9441
3710,6492
3711,8334
3712,7610
3712,8434
3713,7628
3713,8287
3713,8686
3714,7520
3714,8223
3714,9481
3715,3776
3715,4566
3715,7088
3715,7488
3715,8670
3716,4465
3716,4814
3716,9181
3717,6733
3717,6854
3717,9460
3718,3740
3718,4050
3719,7393
3719,9818
3720,4448
3720,4875
3720,7057
3721,4509
3721,5204
3721,6187
3721,9218
3722,4734
3723,4053
3723,9072
3724,5761
3724,6220
3724,8009
3725,4327
3725,4429
3725,7702
3726,4389
3726,8288
3727,5228
3727,8027
3727,9181
3728,4737
3728,7382
3728,7636
3728,9121
3729,6020
3729,6705
3729,8618
3729,9657
3730,3783
3730,3831
3730,7542
3730,7826
3731,5703
3731,5943
3731,9225
3732,5551
3732,6740
3732,8736
3732,9607
3732,9664
3733,4327
3733,4429
3733,8844
3733,8950
3734,5625
3734,5719
3734,7965
3734,8328
3735,6238
3735,8906
3735,9893
3735,9900
3736,3827
3736,5033
3736,5069
3736,8291
3737,4406
3737,7463
3737,8290
3738,7212
3738,7638
3738,8251
3739,6243
3739,6303
3740,4264
3740,6355
3741,5088
3741,9814
3743,7923
3743,7963
3743,9914
3744,4111
3744,6724
3744,7390
3744,8194
3744,8535
3744,9221
3745,6681
3745,8768
3745,9782
3746,4297
3746,4559
3746,4616
3746,7950
3747,3898
3747,4743
3747,6866
3747,6981
3748,7261
3748,9757
3749,5803
3749,6279
3749,6751
3749,9247
3750,4104
3750,9298
3750,9540
3751,4798
3751,5775
3751,8267
3751,9187
3752,5332
3752,6139
3752,6327
3753,3788
3753,3895
3753,6024
3753,9408
3754,3902
3754,4081
3754,4225
3754,9124
3755,4682
3755,6593
3755,9691
3756,4036
3756,7434
3756,7514
3756,7772
3757,4907
3757,5743
3757,9248
3758,3826
3758,4213
3758,4867
3758,5183
3758,6055
3758,9789
3759,7956
3759,8245
3760,4024
3760,5804
3760,7628
3761,5845
3761,5977
3761,7748
3761,8770
3761,9744
3762,4708
3762,7198
3762,8229
3763,7443
3763,7482
3763,9301
3764,7152
3764,7325
3764,8652
3764,9352
3765,4947
3765,5571
3765,8782
3766,4499
3766,6573
3766,8232
3767,6445
3767,7201
3768,3862
3768,5230
3768,8553
3768,8696
3769,7446
3770,6999
3771,5837
3771,8499
3771,9614
3772,4542
3772,7140
3773,4547
3773,4919
3773,9412
3774,6642
3774,9372
3774,9376
3775,7769
3776,3959
3776,4566
3776,7088
3776,8595
3777,5440
3777,5731
3778,8371
3778,9120
3778,9358
3779,3784
3779,7266
3779,9735
3779,9766
3780,6232
3780,9131
3780,9340
3780,9946
3781,4145
3781,5249
3781,5492
3781,8877
3782,4427
3782,5203
3782,8044
3782,8071
3783,7408
3783,7542
3783,8882
3784,7266
3784,9735
3784,9766
3785,4426
3785,5131
3785,7755
3785,8997
3786,6552
3786,7295
3786,7490
3786,9062
3786,9172
3787,4143
3787,6883
3788,3895
3788,6024
3788,9408
3789,4698
3789,7203
3790,7128
3790,8097
3790,9058
3791,4401
3791,9375
3792,4402
3792,5762
3792,6131
3793,4601
3793,5297
3793,5635
3793,7741
3794,4976
3794,5630
3794,6331
3794,8058
3794,8698
3795,4772
3795,7375
3795,8959
3796,6209
3796,6472
3796,9733
3797,5336
3797,9740
3798,5248
3799,4773
3799,5542
3799,8255
3799,8338
3799,9068
3800,4486
3800,8942
3800,8954
3801,4769
3801,6205
3801,8054
3801,9531
3802,3987
3803,3957
3803,4375
3803,7532
3804,4693
3804,5662
3804,8347
3805,5810
3805,7639
3805,7655
3805,9253
3806,5708
3806,7050
3806,7451
3807,5578
3807,6216
3807,6908
3807,9818
3808,4237
3808,7972
3809,6214
3809,8785
3809,8853
3810,4439
3810,4521
3811,8613
3812,4827
3812,6871
3812,7172
3812,9103
3812,9632
3813,4387
3813,6930
3813,7522
3813,8356
3813,9299
3814,3917
3814,5115
3814,5496
3814,6126
3815,5434
3816,4153
3816,4404
3817,4543
3817,4614
3817,8767
3818,4705
3818,4725
3818,4859
3819,5215
3819,7233
3819,8411
3820,5072
3820,6484
3820,9439
3821,5299
3822,4015
3822,4946
3823,7018
3823,9739
3824,4821
3824,7411
3824,9550
3825,5505
3825,6037
3825,6138
3826,9758
3827,5033
3827,7492
3827,8291
3828,4811
3828,6791
3828,8121
3828,9783
3829,3927
3829,4013
3829,6046
3829,6742
3830,4194
3830,6278
3830,7853
3831,4026
3831,4745
3831,5360
3831,7542
3831,7826
3831,8317
3832,4376
3832,9349
3833,5810
3833,6606
3834,4377
3834,7250
3835,9873
3836,4818
3836,7270
3836,8122
3836,9515
3837,5412
3838,6476
3838,8139
3838,9692
3839,5039
3839,5290
3839,5665
3840,5947
3840,8527
3840,9180
3841,6848
3841,8843
3843,7182
3843,7454
3844,5617
3844,8996
3845,5023
3845,5950
3845,6985
3846,4943
3846,5555
3846,6992
3846,7461
3846,8801
3847,4538
3847,7009
3847,8647
3848,8025
3848,8662
3849,5481
3849,6961
3849,7331
3850,4936
3850,8950
3851,8879
3852,6447
3852,8708
3853,5139
3853,5159
3853,9798
3853,9948
3854,4292
3854,5257
3854,6042
3854,7237
3854,7788
3855,4320
3855,4592
3855,6354
3855,7306
3856,9803
3857,5283
3857,6340
3857,8452
3858,4840
3858,5989
3859,6147
3859,6642
3859,6671
3859,9083
3860,4021
3860,4851
3861,7786
3861,9875
3862,4464
3862,5134
3862,8696
3863,4513
3863,7064
3864,5024
3864,7675
3865,5456
3865,6583
3865,8025
3865,9079
3866,4393
3866,5169
3866,7882
3866,9285
3867,5648
3867,5702
3867,6588
3867,8203
3868,4259
3868,6259
3868,7245
3868,7795
3868,7931
3869,8659
3869,8715
3869,8842
3869,9706
3870,4487
3870,7343
3870,9921
3871,4792
3871,6524
3871,8345
3871,9495
3872,5500
3872,5732
3872,7604
3872,8103
3872,9138
3873,4251
3873,7098
3873,7586
3873,9848
3874,5877
3874,5902
3875,4884
3875,6352
3875,7187
3875,7687
3875,8381
3876,5935
3876,6895
3877,7072
3877,8263
3878,7106
3878,7360
3878,8623
3879,4508
3879,8686
3879,9212
3880,6428
3880,7567
3880,9505
3881,4748
3881,6894
3881,7872
3881,8878
3882,3989
3882,7428
3882,9023
3882,9055
3882,9659
3883,3968
3883,6143
3883,7077
3883,8567
3883,9503
3884,4640
3884,7549
3884,7841
3884,8841
3885,5439
3885,5704
3886,7724
3886,8332
3886,8431
3887,4573
3887,7618
3887,8417
3887,9144
3888,5349
3888,5416
3888,6041
3889,4560
3889,6133
3889,8083
3889,8094
3890,3950
3890,6463
3890,7757
3891,6001
3891,7143
3892,5512
3892,8293
3892,9301
3892,9443
3893,7584
3893,7958
3894,4156
3894,4697
3894,9084
3895,6024
3896,7603
3896,9954
3897,7096
3897,7378
3898,4743
3898,6866
3898,6981
3899,5099
3900,6221
3900,7192
3900,9911
3901,7762
3901,9388
3902,4081
3902,9124
3903,5049
3903,8145
3903,8634
3904,4959
3904,6530
3905,5112
3905,5742
3905,8185
3906,4524
3906,4778
3906,6092
3906,6178
3906,8638
3906,9784
3907,4903
3907,5255
3907,6151
3907,7834
3907,8425
3908,4319
3908,6427
3909,4468
3909,6591
3909,7781
3910,5823
3910,7108
3911,4422
3911,5579
3912,4494
3912,4690
3912,6842
3912,8531
3912,8860
3913,5705
3913,9457
3913,9501
3914,4972
3914,5402
3914,5769
3915,5347
3915,7342
3916,4175
3916,5797
3916,6440
3916,7278
3916,9215
3917,5115
3917,5496
3917,6126
3918,4188
3918,5307
3918,5960
3918,6194
3919,8256
3919,9160
3920,6680
3920,7115
3920,9383
3920,9631
3921,4520
3921,5238
3921,5828
3921,9691
3922,5284
3922,5334
3922,8113
3922,8289
3923,4817
3923,6615
3923,6843
3924,4478
3924,5474
3924,7930
3925,4626
3925,5601
3925,9021
3925,9421
3926,4797
3926,7742
3926,9296
3926,9796
3927,4013
3927,6742
3928,5325
3928,6369
3928,6483
3928,8551
3929,5607
3929,8972
3931,6420
3931,8211
3931,9262
3932,4122
3932,4873
3932,5376
3932,5685
3932,9548
3933,8108
3933,8126
3933,8799
3933,9930
3934,4171
3934,6159
3935,6875
3935,8540
3935,8752
3936,7552
3936,8873
3936,9295
3936,9341
3937,6138
3937,6184
3937,7001
3937,9993
3938,4676
3938,5274
3938,5855
3939,4291
3939,7518
3939,9620
3940,5072
3940,8691
3940,9217
3940,9724
3941,7368
3941,9649
3942,4668
3942,6589
3942,6798
3942,8230
3942,8916
3943,4620
3943,5550
3943,7300
3944,5176
3944,5597
3944,5725
3945,5253
3945,6763
3945,8333
3946,4517
3946,5236
3946,6609
3946,7417
3947,4041
3947,8535
3947,9310
3947,9662
3948,4842
3948,5048
3948,5196
3948,5594
3948,6837
3950,5246
3950,6319
3950,6463
3950,7621
3951,5220
3952,6577
3952,7401
3952,7414
3953,6027
3954,5832
3954,6781
3955,7793
3955,8068
3955,9886
3956,4019
3956,4138
3956,8007
3957,4375
3957,6620
3957,7532
3957,9560
3957,9816
3958,4449
3958,8749
3959,4566
3959,5722
3959,8595
3960,6007
3960,7073
3960,7630
3960,9739
3961,4195
3961,7096
3961,7378
3962,6253
3962,8938
3963,4682
3963,6809
3964,4630
3964,5525
3964,8849
3965,5848
3965,6158
3966,4500
3966,6590
3966,6940
3966,7055
3966,9726
3967,4450
3967,6950
3967,9799
3968,6162
3968,7750
3968,9503
3969,7202
3969,9405
3971,5174
3971,8808
3971,9092
3972,4679
3972,5588
3972,5833
3973,7027
3973,8664
3973,8667
3973,9020
3973,9942
3974,5527
3974,9200
3975,4362
3975,4632
3975,4855
3975,6758
3975,9519
3976,5078
3976,5561
3976,5755
3977,6405
3977,6773
3977,7997
3977,8798
3978,5488
3978,9090
3979,4082
3979,5106
3980,4012
3980,5064
3980,7756
3980,8669
3980,9051
3981,6074
3981,6860
3981,9401
3981,9937
3982,5938
3982,8173
3982,9154
3983,8213
3984,6029
3984,7323
3985,4659
3985,5017
3985,8260
3985,8732
3985,9316
3986,5785
3986,7597
3986,9755
3987,5878
3988,5987
3988,6397
3988,7836
3988,8648
3989,7428
3989,9659
3990,9334
3991,5318
3991,7704
3992,6925
3992,7838
3992,8530
3993,4314
3993,4688
3993,5405
3994,6199
3994,9133
3994,9976
3995,5494
3995,6877
3995,9266
3996,6475
3997,4305
3997,4760
3997,5780
3998,4991
3998,7902
3998,9987
3999,5009
3999,7473
3999,8460
4000,6635
4000,8401
4000,9964
4001,4805
4001,5497
4001,5639
4002,4430
4002,6236
4002,6849
4002,7521
4002,9353
4003,6198
4003,7232
4004,4417
4004,5166
4004,5890
4004,9059
4005,5459
4005,5933
4005,6588
4005,6838
4006,6762
4006,6873
4006,7293
4006,7487
4007,4452
4007,5966
4007,6800
4007,9056
4008,4512
4008,5019
4008,6834
4009,4883
4009,4983
4009,5384
4009,8428
4010,6513
4010,6639
4010,7347
4011,4851
4011,7831
4012,5064
4012,7337
4012,8669
4012,9051
4013,6046
4013,6742
4014,6698
4014,9815
4014,9891
4015,4946
4016,6325
4016,8983
4016,9840
4016,9898
4017,6298
4017,7697
4017,8562
4018,9598
4018,9779
4019,5692
4019,6606
4019,7905
4020,4924
4020,5994
4020,8504
4021,6414
4022,6070
4022,6204
4022,6362
4022,6663
4022,8978
4023,8682
4023,9084
4024,7878
4025,6376
4025,8532
4026,5360
4026,7542
4026,8317
4026,9724
4027,6387
4027,8067
4027,8480
4027,8796
4027,9742
4028,4250
4028,4934
4028,6525
4028,6632
4029,4441
4029,6802
4029,8944
4030,4897
4030,4998
4030,8134
4030,8913
4031,4082
4031,8745
4032,7023
4032,8893
4033,4579
4033,6248
4033,6738
4033,8880
4034,4092
4034,4150
4034,4949
4034,6045
4034,8389
4035,6546
4035,9151
4035,9528
4036,5050
4036,5367
4036,7434
4037,4565
4037,8794
4037,9771
4038,5119
4038,7082
4039,8793
4040,6277
4040,7080
4040,7287
4040,8141
4040,8584
4041,6724
4041,8194
4041,9310
4042,4832
4042,7926
4042,8774
4043,5280
4043,5722
4043,7313
4043,9658
4044,5781
4044,9761
4046,4681
4046,5389
4046,5964
4047,6137
4047,6982
4047,9354
4048,4063
4048,5677
4048,7510
4048,9748
4049,4460
4049,4660
4049,9505
4049,9904
4050,4577
4050,5711
4050,7673
4051,5086
4051,8140
4052,4168
4052,4477
4052,6799
4053,9072
4054,6017
4054,7327
4055,8076
4055,8466
4055,8826
4056,5336
4056,8290
4056,9740
4057,7929
4057,9562
4057,9910
4057,9957
4058,5047
4058,5578
4058,6216
4058,6908
4058,9870
4059,6018
4059,8263
4059,8870
4059,8939
4060,6493
4060,7247
4061,4124
4061,5305
4061,6943
4062,6462
4062,6903
4063,5677
4063,7510
4064,5505
4064,6037
4065,6181
4065,7664
4065,7890
4065,7978
4066,4774
4066,5403
4066,5483
4066,9142
4067,4906
4067,6443
4067,9389
4067,9830
4068,5446
4069,4672
4069,6620
4069,9959
4070,5282
4070,7450
4070,7599
4070,7909
4070,8969
4071,5240
4071,6134
4071,8518
4071,9013
4071,9297
4072,4647
4072,6482
4072,8197
4072,9210
4073,5668
4073,6240
4073,6805
4073,8252
4074,4738
4074,7782
4074,9129
4075,6224
4075,6282
4075,6939
4076,6233
4076,7789
4076,9001
4077,9381
4077,9474
4077,9672
4077,9972
4078,4736
4078,9333
4079,7145
4079,8297
4080,4719
4080,5552
4081,4453
4081,6831
4081,9124
4082,5106
4082,8451
4083,6104
4083,8111
4084,6735
4084,9459
4084,9981
4085,6191
4085,7084
4085,9097
4085,9260
4086,8273
4086,8640
4087,7247
4087,8925
4088,4596
4088,9458
4089,5349
4089,6041
4089,6815
4089,7539
4090,4134
4090,5774
4091,8786
4091,9081
4091,9636
4092,4150
4092,6045
4093,6058
4094,4882
4094,5792
4094,6683
4094,9823
4095,4687
4095,4784
4095,8489
4095,9999
4096,4121
4096,7118
4096,7239
4097,5311
4097,8671
4097,9067
4098,7166
4098,9366
4098,9775
4098,9849
4099,4832
4099,4994
4100,5773
4100,7148
4100,9862
4101,5171
4101,6893
4101,9844
4102,5193
4102,5779
4102,7316
4102,9843
4103,4539
4103,5691
4103,6288
4103,6690
4103,9330
4104,9152
4104,9540
4105,5605
4105,6531
4105,7999
4105,8256
4105,9066
4105,9764
4106,5002
4106,5862
4106,5895
4106,6056
4106,7241
4106,8052
4107,6650
4107,6971
4107,7753
4108,8146
4109,4652
4109,5393
4109,6377
4110,4304
4110,4646
4110,5054
4110,6648
4110,8889
4111,7390
4111,9221
4112,4744
4112,4869
4112,6281
4112,9994
4113,4496
4113,6313
4113,8854
4114,5374
4114,9835
4115,5399
4115,6207
4116,5831
4116,7112
4116,7533
4116,8078
4116,8615
4117,7328
4117,7791
4118,6250
4118,8914
4118,9461
4119,5521
4119,7541
4119,9452
4120,4300
4120,6876
4120,9508
4120,9965
4121,6190
4121,7118
4121,7239
4122,4873
4122,5376
4123,4754
4123,5031
4123,5549
4123,5816
4124,5305
4124,8579
4124,9136
4125,6694
4125,7721
4126,5353
4126,5536
4127,5032
4127,5073
4127,5489
4127,7368
4127,8771
4128,7047
4128,8245
4129,4169
4129,4617
4129,4703
4129,5726
4129,8214
4129,9967
4130,4234
4130,4418
4130,8008
4130,9326
4131,5368
4131,6213
4131,7204
4131,8643
4132,5028
4133,4243
4133,5849
4133,6605
4133,7397
4134,9472
4135,8515
4135,8706
4136,8729
4136,8815
4136,9539
4137,5985
4137,8597
4138,5268
4139,5062
4139,6622
4140,9306
4140,9529
4141,4917
4141,8360
4141,9437
4142,4792
4142,4803
4142,9075
4142,9512
4143,6883
4144,5838
4144,6097
4144,6523
4144,8949
4145,6775
4146,4633
4146,5021
4146,6658
4147,4844
4148,5216
4148,5451
4148,5898
4148,6012
4148,6130
4149,8281
4149,8980
4150,4949
4150,7357
4151,8087
4151,8586
4151,9101
4152,6368
4152,8641
4153,4404
4154,5743
4154,7986
4155,5772
4155,9185
4155,9454
4155,9796
4156,9883
4157,5526
4158,4549
4158,5212
4159,4216
4159,7433
4160,8691
4160,8789
4161,5472
4161,5978
4161,6125
4161,6845
4162,5907
4162,7452
4162,8122
4163,5944
4163,6479
4163,9480
4164,4279
4164,9708
4165,7359
4165,9249
4166,4888
4166,5024
4166,5455
4167,5335
4167,5444
4167,6477
4167,7374
4167,9105
4168,4855
4169,8214
4169,9752
4170,4333
4170,4339
4170,9198
4170,9729
4172,4954
4172,7050
4172,7165
4173,5365
4173,8142
4174,4331
4174,5862
4174,7564
4175,5860
4175,6440
4175,7305
4176,4335
4176,5787
4176,7552
4176,7924
4177,4984
4177,5254
4177,7084
4177,9260
4178,5946
4178,7312
4179,5675
4179,6273
4179,7715
4180,9438
4181,4214
4181,7455
4181,9891
4182,7486
4182,9283
4183,4372
4183,5779
4183,6435
4183,8437
4183,9194
4184,6580
4184,7851
4185,7915
4185,8393
4185,8540
4185,9318
4185,9547
4186,6504
4186,7304
4187,8051
4187,9576
4188,6194
4188,8138
4189,4593
4189,4663
4189,5463
4189,5540
4189,8581
4189,9201
4190,6009
4191,4204
4191,7719
4192,5569
4192,6197
4192,6268
4192,8157
4193,4901
4193,7294
4193,7658
4194,5580
4194,6714
4194,7853
4195,5376
4195,7096
4196,6683
4196,8840
4197,5903
4197,8520
4198,7911
4198,8926
4199,4551
4199,4746
4200,4395
4200,6248
4200,7063
4200,8510
4201,6251
4201,8017
4202,4332
4202,5962
4202,6769
4202,8783
4203,6163
4203,6264
4204,7719
4204,8049
4205,5498
4205,7051
4205,8154
4206,7340
4206,8755
4207,4887
4207,5276
4207,8219
4208,4696
4208,5036
4208,7624
4208,8144
4209,4502
4209,4816
4209,6171
4210,9936
4211,4340
4211,8496
4212,4852
4212,6962
4212,9871
4213,5183
4213,6055
4213,7850
4214,4660
4214,7455
4214,9891
4216,7433
4217,6571
4217,8995
4217,9323
4218,5289
4218,7333
4218,7996
4219,7111
4219,8544
4220,5871
4220,5993
4220,7053
4220,8420
4221,7467
4221,9362
4222,7620
4222,8111
4222,9758
4222,9789
4223,4966
4223,5021
4223,5317
4223,8264
4224,5757
4225,6075
4226,4435
4226,6241
4226,7162
4227,6356
4227,7500
4227,9676
4228,6437
4228,7406
4228,7656
4228,8040
4229,5365
4229,6159
4229,9901
4230,4438
4230,6281
4230,8722
4230,9994
4231,8170
4231,8298
4231,9558
4232,7830
4232,7843
4232,9054
4233,6699
4233,9998
4234,5764
4234,6338
4234,9326
4235,5358
4235,6916
4235,8069
4236,4529
4236,7454
4236,9370
4236,9392
4237,8091
4238,5722
4238,8742
4239,6853
4240,5945
4240,6631
4240,6710
4240,6808
4241,5631
4241,6241
4241,7162
4241,9913
4243,5849
4243,6605
4243,7397
4243,8935
4244,5136
4244,6883
4244,8398
4245,4265
4245,6188
4245,6635
4245,8261
4245,8335
4246,8226
4246,8779
4247,6008
4247,7516
4247,7541
4247,8621
4247,9332
4248,9312
4248,9912
4249,4973
4249,5437
4250,4934
4250,6632
4250,7928
4250,9575
4251,5366
4251,7098
4251,9848
4252,5271
4252,6549
4252,9824
4253,5484
4253,5904
4253,6093
4254,5181
4254,6770
4255,4986
4255,5103
4255,6170
4255,8129
4255,9255
4255,9605
4256,4750
4256,6665
4256,7739
4256,8470
4257,4368
4257,5287
4257,7066
4258,5016
4258,7757
4258,8557
4259,5664
4259,6259
4259,7224
4259,7483
4259,7931
4260,5296
4260,8221
4260,8423
4261,5295
4261,7738
4262,4515
4262,7986
4263,6997
4263,8030
4263,9857
4265,6695
4265,8261
4265,8335
4266,4755
4266,4973
4266,5441
4266,6628
4266,7698
4266,9164
4267,5278
4267,5990
4267,8467
4268,9398
4268,9432
4269,7281
4271,5070
4271,6380
4271,9731
4272,7869
4272,9434
4273,5326
4273,5523
4273,6728
4274,4389
4274,5205
4274,5516
4274,7201
4274,8288
4274,9280
4275,4290
4275,4895
4275,7400
4276,5434
4276,6569
4276,7234
4277,5455
4277,6000
4277,6927
4277,7675
4278,4926
4278,9749
4279,5476
4279,7371
4280,7523
4280,7765
4280,9765
4280,9867
4281,4718
4281,5144
4281,7225
4282,6015
4283,4794
4283,6219
4283,8592
4283,9329
4283,9399
4284,4770
4284,4777
4284,6756
4284,8283
4285,6974
4285,9490
4286,6787
4286,8343
4287,6960
4287,8400
4288,7226
4288,7695
4288,9034
4290,6937
4290,7400
4291,5580
4291,6714
4291,7853
4292,4911
4292,4987
4292,5257
4292,6042
4293,4392
4293,8764
4293,9971
4295,4299
4295,5329
4295,8459
4296,8184
4296,9822
4297,4616
4297,6395
4298,7054
4298,7381
4298,7502
4298,7685
4298,7987
4299,7994
4299,8459
4299,8725
4300,6876
4301,8606
4302,5773
4302,6132
4302,8034
4303,8118
4303,9809
4304,4646
4304,5054
4304,6648
4304,6947
4304,8889
4304,9128
4305,4760
4305,5780
4306,4724
4307,5936
4308,4514
4308,8234
4309,6230
4309,7992
4309,8982
4310,9652
4311,8687
4311,9673
4311,9889
4312,6533
4312,6995
4312,7171
4312,9483
4313,8542
4313,9559
4314,4688
4314,5405
4314,9795
4315,6077
4316,5256
4316,5836
4316,9395
4317,6548
4317,7966
4317,8644
4317,9267
4318,4545
4318,5753
4318,8181
4318,9730
4319,5450
4319,9590
4319,9687
4320,4592
4320,5819
4320,6354
4320,7505
4321,6422
4321,6582
4321,9476
4321,9688
4322,4528
4322,4920
4322,5757
4323,5135
4323,5383
4323,5435
4323,5716
4323,7258
4324,7932
4324,8624
4324,8975
4325,6466
4325,7156
4325,7353
4326,6425
4327,4429
4327,8950
4328,5622
4328,6317
4329,5109
4329,6426
4329,7444
4329,9859
4330,5132
4330,5649
4330,8612
4331,7411
4331,7564
4332,5962
4332,7435
4332,8064
4332,8712
4333,4339
4333,5995
4333,6262
4334,5728
4334,6402
4334,7179
4334,8762
4335,5787
4335,7552
4335,7924
4336,7318
4336,7329
4337,4938
4337,7580
4337,7676
4337,9814
4338,5265
4338,6392
4338,6455
4338,8391
4338,8429
4339,5995
4340,8109
4340,8496
4340,9202
4341,6402
4341,6458
4341,8608
4341,8762
4342,6746
4342,8699
4343,4830
4344,5116
4344,6793
4345,5545
4345,7787
4346,6411
4346,8358
4346,8419
4347,6023
4347,9041
4348,6788
4348,6926
4348,7157
4348,7301
4350,4551
4350,4746
4350,6613
4350,8453
4350,8461
4351,9769
4351,9896
4352,5485
4352,5762
4352,7322
4352,7684
4352,9557
4353,5575
4353,6329
4353,6375
4353,9394
4354,8677
4354,9199
4354,9290
4354,9451
4355,4736
4355,5723
4356,5928
4356,6713
4356,8921
4357,5355
4357,6364
4358,4413
4358,4856
4358,7713
4358,8195
4359,4880
4359,7268
4359,9401
4359,9669
4360,4899
4360,6015
4360,6085
4361,4517
4361,4602
4361,7417
4361,7458
4361,7976
4362,5219
4362,8971
4363,5308
4363,7907
4363,8605
4363,9150
4363,9657
4364,4646
4364,7470
4365,8666
4366,5795
4367,6048
4367,7388
4368,5287
4368,7066
4368,7643
4369,4904
4369,6827
4369,7619
4370,4799
4370,6019
4370,9763
4371,4595
4371,8349
4371,8483
4372,6435
4372,8437
4372,8962
4372,9194
4372,9471
4373,6465
4373,6558
4373,9253
4374,6760
4375,4672
4375,6620
4375,7532
4376,5035
4376,6592
4377,5852
4377,7250
4378,6333
4378,6866
4378,7897
4379,6704
4379,8657
4380,5877
4381,4637
4381,9801
4382,6944
4382,7018
4382,9885
4383,4556
4383,7818
4383,7858
4383,8856
4384,4489
4384,5427
4385,5406
4385,7161
4385,8861
4385,9810
4386,6617
4386,7820
4386,8970
4387,7693
4387,8464
4387,8653
4387,9934
4388,8276
4388,8384
4388,9633
4389,8288
4390,4550
4390,5040
4390,5069
4390,6509
4390,9205
4391,5724
4391,7060
4391,8012
4392,8764
4392,9971
4393,5169
4393,7882
4393,9285
4394,5341
4395,8510
4395,9050
4396,5448
4396,7068
4396,8336
4396,8554
4397,5644
4397,8200
4397,9031
4397,9670
4398,5115
4398,6894
4398,7440
4398,7744
4398,8095
4399,7441
4399,8432
4399,9594
4400,5291
4400,8323
4400,8622
4402,6131
4402,8279
4404,5608
4405,4531
4405,5596
4405,6932
4405,8399
4405,8585
4406,7463
4408,4865
4408,8016
4408,8792
4409,8048
4410,4439
4410,4521
4410,9446
4411,5502
4411,6456
4411,9520
4411,9747
4412,7075
4412,8663
4412,9588
4412,9939
4413,4856
4413,5771
4413,8195
4414,7679
4414,7780
4414,9833
4415,7561
4416,5896
4416,6444
4417,5857
4417,7004
4417,7667
4417,9307
4418,8305
4418,9616
4419,4655
4420,7835
4420,7889
4420,8940
4421,4704
4421,6885
4421,7859
4422,4772
4422,8959
4423,4801
4423,6508
4423,7954
4424,5008
4424,5243
4424,9085
4425,8817
4426,5131
4426,6397
4426,7755
4427,5203
4427,7066
4427,7205
4428,5551
4428,8736
4428,9607
4429,7702
4430,4584
4430,6236
4430,7521
4431,5669
4431,6818
4431,8379
4432,8276
4432,9340
4432,9828
4433,5720
4433,7970
4433,8295
4434,5634
4434,8961
4434,9882
4435,5428
4435,6241
4435,6436
4436,6205
4436,8054
4436,8181
4437,5074
4437,6598
4437,7399
4437,8813
4438,4744
4438,6281
4438,9994
4439,4521
4439,9446
4440,6338
4440,8560
4441,6802
4441,7022
4442,4749
4442,5082
4442,6305
4442,6389
4442,6904
4442,7700
4442,8250
4443,5432
4443,6348
4443,9206
4443,9428
4444,5685
4444,6153
4444,8534
4445,5848
4445,6158
4445,8717
4446,7932
4446,8566
4446,8760
4447,6048
4447,7388
4447,7531
4448,4875
4448,7057
4448,7995
4449,8749
4450,6950
4450,9355
4450,9799
4451,5683
4451,8037
4451,8086
4451,8190
4452,5966
4452,6800
4453,6831
4453,6919
4455,5624
4455,9402
4455,9658
4456,4589
4456,5880
4456,6014
4457,8629
4457,9668
4457,9988
4458,6879
4458,7220
4458,8005
4459,4531
4459,6361
4459,8399
4459,8585
4460,4506
4460,4997
4460,7493
4460,9505
4461,5092
4461,6382
4461,7731
4461,8903
4462,4954
4462,7165
4462,8117
4462,9430
4463,4618
4463,8147
4463,8184
4464,5134
4465,4814
4465,6061
4465,9181
4466,5876
4466,6543
4466,6602
4466,9769
4467,4794
4467,5344
4467,5870
4467,5888
4467,9329
4468,5429
4468,6952
4468,7781
4469,6961
4469,7168
4469,7331
4470,4728
4471,7448
4471,9471
4472,4868
4472,6309
4472,6311
4472,6824
4472,9082
4473,6583
4474,7099
4474,9581
4475,5543
4475,5607
4475,7918
4475,8396
4476,4862
4476,5373
4476,8156
4476,9720
4477,6799
4477,8152
4478,4522
4478,4920
4478,9361
4479,5584
4479,8383
4480,7659
4480,7717
4480,8784
4480,9045
4481,5586
4481,9549
4482,5737
4482,6757
4482,8956
4482,9933
4483,5388
4483,7292
4483,8947
4483,9545
4484,5128
4484,8513
4485,5200
4485,6972
4485,9148
4486,7016
4486,8942
4487,6615
4487,7343
4487,9921
4488,8136
4488,8668
4488,9127
4489,5427
4490,6925
4491,6888
4491,7031
4491,7696
4492,6675
4492,8620
4493,5174
4493,6065
4493,9092
4493,9258
4494,4690
4494,6842
4494,8531
4495,6560
4495,6896
4496,6313
4497,5153
4497,6841
4497,7642
4497,8439
4497,8999
4498,5051
4498,7974
4498,8202
4498,8372
4498,9523
4498,9848
4499,6573
4499,8232
4500,5621
4500,6590
4500,6940
4500,9726
4501,4675
4501,7706
4501,7863
4502,6171
4503,6108
4503,7286
4503,8021
4504,5467
4504,7979
4504,9962
4505,5932
4505,6068
4505,7977
4505,9123
4506,5641
4506,6127
4507,6820
4507,7180
4507,8096
4507,9420
4508,7864
4508,9212
4508,9553
4509,6187
4509,9218
4509,9567
4510,6882
4510,7135
4510,7674
4510,7734
4510,8482
4510,9485
4511,4647
4511,5606
4511,5758
4511,9210
4512,4586
4512,5910
4512,7695
4512,7813
4513,7064
4514,4534
4514,8234
4516,5010
4516,6211
4517,5236
4517,7417
4518,4929
4518,5214
4518,5471
4518,5678
4519,7509
4519,7726
4519,9334
4520,5238
4520,5828
4520,7752
4520,9691
4521,9446
4522,5972
4522,6360
4522,9792
4523,8976
4523,9447
4524,5707
4524,9784
4525,6367
4525,8307
4525,8974
4526,5342
4526,6647
4526,9098
4527,4726
4527,4763
4527,7629
4528,5972
4528,6360
4528,9792
4529,5179
4529,5693
4529,5912
4529,5973
4529,9370
4529,9392
4530,5175
4530,6098
4530,7796
4530,8654
4531,6932
4532,8545
4532,8570
4532,9216
4533,5399
4533,7481
4534,9586
4535,8929
4535,9277
4536,5218
4536,5468
4536,6059
4536,9546
4536,9895
4537,4719
4537,6777
4537,7254
4537,9157
4538,6263
4538,8647
4539,6288
4539,9330
4540,4718
4540,5869
4540,7310
4541,5250
4541,5951
4541,7625
4541,8029
4542,7140
4543,8174
4543,8187
4544,7746
4544,8690
4545,8181
4546,5883
4547,4919
4547,9412
4548,6765
4548,6911
4549,5212
4549,6491
4549,7985
4549,9086
4550,5040
4550,6164
4550,6509
4550,8415
4551,4746
4551,8461
4552,6300
4552,7020
4552,7764
4552,8474
4553,5149
4553,7847
4553,9640
4554,4654
4554,5568
4554,7590
4555,6979
4555,8497
4556,4664
4556,7127
4557,5985
4557,7141
4557,9502
4558,5206
4558,6234
4558,8366
4559,5564
4559,8163
4560,6133
4560,8094
4561,4956
4561,5880
4561,6562
4561,7892
4562,4737
4562,6384
4562,7024
4563,5059
4563,6065
4563,6094
4563,8019
4563,8834
4563,9092
4563,9258
4564,8120
4564,8505
4565,5473
4565,8794
4565,9771
4566,7088
4566,8595
4567,6346
4567,9489
4568,4590
4568,7559
4568,8298
4569,8433
4570,5830
4570,7980
4570,7981
4571,6519
4571,7589
4572,5544
4572,6296
4572,7099
4572,9581
4573,8735
4573,9144
4574,5457
4574,6933
4574,9312
4574,9912
4575,7228
4576,9987
4577,6329
4577,7673
4578,6657
4578,7045
4578,7142
4578,9587
4579,7692
4580,5089
4580,8441
4580,8494
4581,5999
4581,9346
4582,7354
4582,9359
4582,9721
4583,8051
4583,8100
4583,9561
4583,9576
4584,4945
4584,6236
4584,7521
4585,7047
4585,8245
4585,9573
4585,9643
4586,5910
4586,6850
4586,7813
4586,9230
4587,4787
4587,6357
4587,8894
4587,8952
4588,5822
4588,6335
4588,7215
4588,8445
4588,8807
4589,6014
4589,7584
4590,5120
4590,9183
4591,8502
4591,9065
4592,5819
4592,6354
4592,7306
4593,4663
4593,5463
4593,6297
4593,8637
4593,9201
4595,8349
4596,6794
4596,9458
4597,5951
4598,5394
4598,7587
4599,5783
4599,9042
4600,7248
4601,5297
4601,7741
4602,5992
4602,7458
4602,7976
4603,4948
4603,5719
4603,7102
4603,7944
4604,5744
4604,7822
4604,8656
4604,9017
4605,5214
4605,9587
4606,5887
4606,8537
4606,9509
4607,6796
4607,8649
4608,4825
4608,5739
4609,7689
4609,9211
4610,5272
4610,7214
4610,9076
4610,9146
4610,9356
4611,6968
4612,7044
4612,7871
4612,9049
4614,6291
4614,8174
4614,8767
4615,5422
4615,6364
4615,6691
4615,8923
4616,6395
4616,7563
4617,4703
4618,8184
4619,4915
4619,5430
4619,5627
4620,5550
4620,7300
4620,8215
4621,4924
4621,6409
4621,9259
4622,5668
4622,6489
4622,7938
4622,8270
4623,7724
4624,8380
4624,8743
4624,8748
4625,7929
4625,9974
4626,5601
4626,7586
4626,9421
4627,4891
4627,5961
4628,7824
4628,7839
4628,9665
4629,5824
4629,5941
4629,7002
4630,5114
4630,5525
4630,6426
4630,9859
4631,4876
4631,7694
4631,9409
4632,6758
4632,9519
4633,5573
4634,4945
4634,5892
4634,7513
4635,4710
4635,7646
4636,5087
4636,7923
4636,9914
4637,5695
4637,9031
4637,9801
4638,8346
4638,9555
4639,4874
4639,8573
4639,9015
4640,6247
4640,7606
4640,7841
4641,6828
4641,9378
4641,9735
4642,7062
4642,7346
4642,8235
4642,8658
4643,7558
4643,8305
4643,8606
4643,9616
4644,8231
4644,8382
4645,8314
4645,9838
4646,7470
4646,8889
4646,9128
4647,5758
4647,9210
4648,8141
4648,9923
4649,6370
4649,7138
4649,8551
4651,5867
4651,8371
4651,9120
4652,5393
4652,6189
4652,7462
4653,5286
4653,6548
4653,8106
4653,8644
4654,5568
4654,7287
4654,7590
4656,5779
4656,6394
4656,7857
4657,5170
4657,6669
4657,8571
4658,5508
4658,5929
4658,9915
4659,5017
4659,5653
4659,8180
4659,8260
4659,9754
4660,6431
4660,9904
4661,6358
4661,6452
4661,8885
4662,5124
4662,6910
4662,7198
4663,5463
4663,6297
4663,9201
4664,5740
4664,7127
4664,7903
4664,8856
4665,8220
4666,5395
4666,7657
4666,8089
4666,9660
4667,5618
4667,6090
4667,7163
4667,7870
4667,9373
4668,6266
4668,6798
4668,9603
4669,8632
4669,9386
4670,4786
4670,6318
4670,9317
4670,9867
4672,6620
4672,7532
4672,9560
4673,5268
4674,5858
4674,7017
4674,8743
4674,9024
4676,6404
4677,6043
4677,7545
4678,7122
4678,8538
4678,8558
4678,9795
4679,6994
4679,7438
4680,7070
4680,7389
4680,7661
4680,7749
4680,8900
4680,9091
4681,5389
4681,5964
4682,6809
4683,5591
4683,8206
4684,7083
4684,7950
4685,5079
4685,8910
4685,9028
4686,5043
4686,8073
4687,4784
4687,8489
4687,9999
4688,5405
4688,9795
4689,6105
4689,7035
4689,7982
4689,9556
4690,6842
4690,8531
4691,6217
4691,9876
4692,6025
4692,6071
4692,8795
4692,9610
4692,9868
4693,5631
4693,7543
4693,8347
4694,7478
4694,7575
4694,7896
4695,7222
4695,9241
4696,5036
4696,7624
4696,8886
4697,6378
4697,9883
4698,9076
4698,9146
4699,5111
4699,7066
4699,8339
4700,5244
4700,6328
4700,6872
4701,7474
4701,8481
4701,9626
4702,5550
4702,8365
4703,9967
4704,6885
4705,4859
4706,5447
4707,5515
4707,8737
4707,9606
4708,7198
4708,8229
4709,8292
4710,7646
4710,9271
4711,5229
4711,6047
4712,5538
4712,5609
4712,7038
4713,5223
4713,5842
4713,7006
4713,8307
4715,6491
4715,8384
4715,9086
4716,5121
4716,6778
4716,6840
4717,6047
4717,6496
4717,9008
4717,9435
4718,7225
4718,7310
4719,4908
4719,5552
4720,7000
4720,9227
4720,9927
4721,5969
4721,7379
4721,9065
4722,5397
4722,6258
4722,8230
4722,8916
4722,9282
4723,5975
4723,8493
4725,6408
4726,8611
4726,9518
4726,9678
4727,4950
4727,5019
4727,6498
4727,6834
4727,9084
4729,8811
4729,9335
4730,4901
4730,7658
4731,6062
4731,9709
4732,4753
4732,5791
4732,7094
4732,8306
4733,5532
4733,7505
4733,7936
4735,8548
4735,8848
4735,9190
4736,5723
4738,7782
4738,8081
4738,9129
4739,5477
4739,6488
4739,6726
4739,9504
4740,5846
4740,8554
4740,8933
4741,6783
4741,8440
4742,4963
4742,5807
4743,6028
4743,6981
4743,9507
4744,4869
4744,5839
4744,6281
4744,9994
4745,5072
4745,6484
4745,7542
4745,8317
4745,9724
4746,5377
4747,5835
4747,6779
4747,8646
4748,6894
4748,7430
4748,7872
4748,8878
4749,6305
4749,6469
4749,7700
4749,7941
4749,8250
4750,6665
4750,7436
4750,8470
4751,8833
4751,9498
4751,9786
4752,7166
4752,7799
4752,9366
4753,5933
4753,6838
4753,7094
4753,8306
4754,5031
4754,5816
4754,8676
4755,6628
4755,7698
4755,8090
4755,9164
4755,9702
4755,9897
4756,6609
4756,9415
4756,9949
4758,5671
4758,5788
4758,7078
4758,7665
4758,9104
4759,5939
4759,7234
4759,8193
4760,5830
4760,7981
4761,5000
4761,5155
4761,6821
4761,8015
4762,5157
4762,6441
4763,7629
4763,8718
4763,9343
4763,9768
4763,9793
4764,5483
4764,6953
4764,7415
4764,8403
4764,8775
4765,5633
4765,7208
4765,8915
4765,9149
4766,4909
4766,6857
4766,7103
4766,7613
4766,9790
4767,5579
4767,5751
4767,6245
4768,5881
4768,6538
4768,6721
4768,8115
4769,8988
4769,9322
4769,9328
4771,7349
4771,7585
4771,8165
4771,9674
4772,7375
4772,8959
4773,8255
4773,8338
4774,5403
4774,5677
4774,9142
4775,8904
4776,5522
4776,9604
4777,8274
4777,9424
4778,5348
4778,6092
4778,6178
4778,8638
4779,6110
4779,6836
4779,7837
4779,9468
4780,6674
4780,6931
4780,7512
4780,8229
4780,8438
4781,6784
4781,7073
4782,5277
4782,5667
4782,6660
4782,7800
4782,7810
4782,8909
4783,4986
4783,6375
4783,8444
4783,9255
4784,5210
4784,8489
4785,6063
4785,6379
4785,7069
4785,8246
4786,6318
4786,7290
4786,7465
4786,9317
4787,8952
4787,9533
4788,6454
4788,6970
4788,7095
4788,7754
4789,6034
4789,6973
4789,7666
4790,6939
4790,6995
4790,9483
4791,8925
4792,4803
4792,6524
4792,9512
4793,5097
4794,5344
4794,5870
4794,9329
4795,5003
4795,7916
4795,8110
4795,9264
4796,6467
4796,7189
4797,7742
4797,9039
4797,9296
4797,9796
4798,5299
4798,5775
4798,7031
4798,7537
4799,5273
4799,6019
4799,9763
4800,6505
4800,6612
4800,7302
4801,5053
4801,6508
4801,7954
4802,5051
4802,6303
4802,7265
4802,9654
4802,9848
4803,9075
4803,9512
4804,5506
4804,6157
4804,7773
4804,8875
4805,5497
4805,5639
4806,5313
4806,5315
4806,6393
4806,9662
4807,6295
4807,8254
4807,9497
4807,9701
4808,8690
4808,9351
4809,5866
4809,8805
4809,9644
4810,9011
4811,7778
4811,8121
4811,9630
4811,9783
4812,5062
4813,6676
4813,8604
4813,8993
4813,9829
4814,6247
4815,6988
4815,8442
4815,9952
4816,6352
4817,6843
4817,9732
4818,6887
4818,7270
4818,8122
4818,8222
4819,6231
4819,7806
4819,8545
4820,5071
4820,7990
4820,8250
4820,9643
4821,4887
4821,9550
4822,5165
4822,6054
4822,7677
4823,6114
4823,6503
4823,8858
4823,9234
4824,7056
4824,7652
4824,7716
4824,8053
4824,8793
4825,4879
4825,8303
4826,4883
4826,5612
4826,6256
4826,6684
4826,9781
4827,7172
4827,8000
4828,6174
4828,9387
4830,6765
4830,7855
4830,9407
4831,8070
4831,8758
4831,9441
4832,4994
4832,7973
4833,7957
4833,8077
4833,9837
4834,5926
4834,6116
4834,6252
4834,6917
4835,6627
4836,5328
4836,8493
4836,9684
4837,7733
4838,5583
4838,8844
4839,8532
4840,5768
4840,9919
4841,5709
4841,5875
4841,8837
4843,6827
4843,7619
4844,7691
4844,8466
4846,5843
4846,7253
4846,7797
4846,9047
4846,9632
4847,5098
4847,7377
4848,9035
4848,9592
4849,5894
4850,5242
4850,5292
4850,8228
4851,5015
4851,7594
4852,5390
4852,6962
4852,9787
4852,9871
4853,6498
4853,6897
4853,9080
4854,5805
4854,8423
4856,5771
4856,7713
4857,5187
4857,7151
4857,9131
4857,9946
4858,6497
4858,7074
4858,8020
4860,6123
4860,6571
4860,8995
4861,5027
4861,6733
4861,9228
4861,9943
4862,5373
4862,8156
4862,9361
4863,6976
4863,9037
4863,9508
4863,9965
4864,5877
4864,8705
4865,8016
4865,8792
4865,9625
4866,5139
4866,5159
4866,9948
4867,5183
4867,6055
4867,9197
4868,6311
4868,8624
4869,5839
4870,8179
4870,8627
4870,9738
4871,7164
4871,7276
4872,5770
4872,6406
4872,7439
4873,5369
4873,5376
4873,9548
4874,8573
4875,7057
4875,7995
4876,5094
4876,7694
4876,9357
4877,8215
4878,5807
4878,6485
4879,5294
4879,5969
4879,6671
4879,8303
4880,7268
4880,9669
4881,7093
4881,7632
4881,8922
4882,5792
4882,6683
4882,8507
4882,8840
4883,6684
4883,8428
4883,9781
4884,6171
4885,6600
4885,6638
4885,9148
4886,5080
4886,8679
4886,9834
4887,8219
4888,5024
4888,9167
4889,6526
4889,7793
4889,9723
4890,5748
4890,5965
4890,6172
4891,6144
4891,9100
4892,5554
4892,6619
4892,9865
4893,6073
4893,7178
4893,7922
4893,8516
4894,6068
4894,6555
4894,8892
4894,9123
4895,5108
4895,6385
4895,7061
4896,6601
4896,7565
4897,8913
4898,5278
4898,8594
4900,5700
4900,7959
4900,9178
4902,5362
4902,8426
4902,8564
4902,9301
4903,7834
4903,8425
4904,6847
4904,8352
4905,5503
4905,7090
4905,8209
4906,6443
4906,9389
4907,4972
4907,8436
4908,5552
4908,9157
4909,5901
4909,5945
4909,7613
4909,9750
4910,5475
4910,6975
4910,8063
4911,4987
4912,4923
4912,4981
4912,5720
4912,5741
4913,5038
4913,7427
4913,9403
4914,5487
4914,7506
4914,8563
4915,5101
4915,5430
4916,5786
4916,5924
4916,6806
4916,9884
4916,9915
4917,7410
4917,9437
4918,7790
4918,7864
4918,8685
4918,8707
4918,9553
4919,5246
4920,5060
4920,9361
4921,7256
4921,9089
4922,5108
4922,9410
4923,5602
4923,5720
4923,6026
4923,8955
4924,6069
4924,6651
4924,8504
4925,4952
4925,5151
4925,5547
4925,6438
4925,7469
4926,5381
4926,9749
4927,8931
4928,5556
4928,6161
4928,7672
4928,9159
4929,5214
4930,9331
4930,9692
4930,9883
4930,9969
4931,5096
4931,6153
4932,5507
4932,7989
4933,7601
4933,8284
4933,8855
4934,6525
4934,6632
4935,5640
4935,6957
4935,9002
4936,8272
4936,8950
4937,7760
4937,8844
4938,7350
4938,7392
4938,7676
4939,4966
4939,8308
4940,5822
4940,6429
4940,6643
4940,8490
4941,6472
4941,7117
4941,9291
4942,5851
4942,8019
4942,8628
4943,5555
4943,6168
4944,8756
4944,9873
4945,5892
4947,5453
4948,5260
4948,7944
4948,8868
4950,6498
4950,9084
4951,6955
4952,5151
4952,7800
4953,4999
4953,9157
4954,9071
4955,8672
4956,6562
4956,7823
4956,7892
4957,8368
4958,5009
4959,6530
4960,6489
4960,6562
4960,8934
4961,6230
4961,7992
4961,8166
4962,7334
4962,8447
4962,8524
4962,9571
4963,5807
4964,7933
4964,9156
4965,7651
4965,9048
4966,5058
4966,8308
4967,6078
4967,8957
4967,9951
4968,5424
4968,6106
4968,6744
4968,7169
4968,9425
4969,8809
4969,9513
4969,9586
4970,6174
4970,9027
4971,8389
4971,8905
4972,5402
4972,5769
4973,5441
4974,9634
4975,7311
4975,8173
4975,8363
4976,6331
4976,7633
4976,8058
4977,6020
4978,6451
4978,7928
4978,8862
4979,7445
4979,8756
4979,9113
4979,9219
4979,9532
4980,6301
4980,7669
4981,5741
4981,7405
4982,5986
4983,5384
4983,5782
4984,5254
4984,5541
4984,7084
4984,9260
4985,8359
4985,8724
4985,9741
4986,6375
4986,8444
4986,9255
4986,9605
4987,6042
4988,7894
4988,9163
4989,5812
4989,6293
4989,9138
4989,9453
4990,5536
4990,5847
4990,9959
4991,9987
4992,7934
4993,6439
4993,7633
4994,6633
4995,5154
4995,5637
4995,8563
4996,6238
4996,7811
4996,8906
4997,7493
4997,7567
4997,9505
4998,8134
4999,9089
5000,5155
5000,6821
5000,8015
5001,7366
5001,9988
5002,7241
5003,8110
5004,8262
5005,5113
5005,5818
5006,5908
5006,7991
5007,5028
5007,9551
5008,5243
5008,9085
5009,7473
5010,6211
5011,7562
5011,8158
5011,9924
5012,5061
5012,5261
5012,7790
5013,7007
5013,7688
5014,7223
5014,9698
5015,7594
5016,7757
5017,5653
5017,8180
5017,8260
5017,9754
5018,7895
5018,9032
5018,9236
5019,6834
5020,7341
5020,9737
5021,5317
5022,6208
5022,7235
5022,8082
5022,8492
5023,5950
5025,7405
5025,8966
5025,9467
5026,5421
5026,6515
5026,7740
5026,9521
5027,9228
5027,9943
5029,8596
5029,9439
5030,5150
5030,7174
5030,9820
5031,5816
5031,8676
5032,5134
5032,8696
5033,8291
5034,8102
5034,8776
5034,9243
5035,5320
5035,6592
5035,7299
5035,9947
5036,5445
5037,5896
5037,6021
5037,8896
5038,7427
5038,9403
5039,5290
5040,6509
5040,7391
5041,9182
5042,5160
5042,9250
5043,9162
5044,8444
5044,9367
5044,9736
5044,9944
5045,8805
5045,9257
5046,6481
5046,7728
5048,5594
5048,6837
5048,7092
5049,5241
5049,8393
5050,7434
5050,7514
5051,8372
5051,9523
5052,9903
5053,7671
5054,6648
5054,8004
5055,5596
5055,8399
5056,5386
5056,6884
5056,7504
5056,8747
5057,8820
5057,8824
5057,8977
5058,5683
5058,8264
5058,9189
5059,6094
5059,8019
5059,8834
5060,8156
5063,8820
5063,8824
5064,7337
5064,8669
5064,9051
5065,5388
5065,8947
5066,5603
5066,5806
5067,5140
5067,6819
5067,8800
5067,9928
5068,5120
5068,7456
5068,8828
5068,9183
5069,7209
5069,8291
5069,9205
5071,5082
5071,6389
5071,8526
5072,6484
5072,9217
5073,7368
5074,6865
5075,9240
5075,9949
5076,7013
5076,7407
5076,7641
5076,8886
5077,5226
5077,6973
5077,7792
5078,5755
5078,8803
5079,8910
5080,8679
5080,9834
5081,7654
5081,9220
5082,6305
5082,6389
5082,6904
5082,8250
5083,5217
5083,6525
5085,8986
5086,8140
5087,6830
5088,6475
5089,6874
5089,8494
5090,6826
5090,8591
5091,6711
5092,5462
5092,8903
5093,6199
5093,8575
5093,9976
5094,5832
5094,7694
5094,9357
5095,5292
5095,5996
5097,9596
5098,7377
5098,9212
5099,5232
5100,8249
5101,9116
5102,7443
5102,7568
5102,8572
5103,6170
5103,9255
5103,9605
5104,6060
5104,8514
5104,8816
5104,9639
5105,7683
5105,8042
5106,6563
5106,8451
5107,6344
5107,6736
5108,7061
5109,6426
5109,7444
5109,9859
5110,6540
5110,6572
5110,9542
5111,8339
5112,5742
5112,7420
5112,8185
5112,9413
5113,5818
5113,5869
5113,6985
5113,9932
5114,7185
5114,9800
5114,9859
5115,7440
5115,7744
5116,6793
5117,5195
5117,5868
5118,5746
5118,6621
5118,9544
5119,8394
5119,8941
5120,7456
5120,9183
5120,9909
5121,5358
5121,6778
5121,6840
5122,6667
5122,8869
5122,9231
5122,9712
5123,6608
5123,8321
5123,9456
5124,6785
5124,8066
5125,5162
5125,8176
5126,5306
5126,7766
5126,8471
5126,8475
5126,9014
5126,9613
5127,9466
5127,9534
5128,5921
5128,8513
5129,6119
5129,6242
5129,9506
5130,6476
5130,6771
5130,8139
5131,7755
5131,8997
5131,9369
5132,5649
5132,8612
5133,6820
5134,8696
5135,5435
5135,5537
5135,7258
5136,5359
5136,7637
5136,7756
5136,8398
5136,9051
5137,6892
5137,8569
5137,9677
5138,7004
5138,7217
5138,7667
5139,5159
5139,7867
5139,9948
5140,6819
5141,5590
5141,6363
5141,7780
5142,7571
5142,7862
5142,9827
5143,6292
5143,7988
5143,9446
5144,5319
5145,7697
5145,9861
5146,5998
5146,9631
5147,6009
5147,6935
5147,7037
5147,9171
5148,7783
5148,7926
5148,8660
5148,8692
5148,8774
5149,6459
5149,7847
5149,9640
5150,9174
5151,7469
5152,7475
5152,7693
5152,8464
5153,6841
5153,8999
5153,9585
5154,6339
5154,7100
5155,6821
5155,8015
5155,8071
5156,8014
5157,9262
5158,7663
5158,8090
5159,9948
5160,9250
5162,8176
5163,7367
5163,7648
5163,8225
5163,9673
5164,6316
5164,6353
5164,6804
5164,9073
5165,6054
5166,5890
5166,7588
5166,8131
5166,9059
5167,7176
5167,9591
5168,5782
5168,6382
5168,7731
5168,8814
5169,7882
5169,9285
5170,8571
5171,6893
5172,6846
5172,7404
5173,9773
5174,6065
5174,9092
5174,9258
5175,7796
5175,8654
5176,5597
5176,5725
5176,8565
5177,6527
5177,7751
5178,5769
5178,6571
5178,8024
5179,5201
5179,5693
5179,5973
5179,9370
5179,9494
5180,6785
5180,8066
5181,6770
5182,6626
5182,7106
5183,6055
5183,9197
5184,9096
5185,7582
5185,8344
5186,5428
5186,5824
5187,7151
5187,8312
5187,9131
5187,9946
5188,5294
5188,6237
5188,6993
5188,7351
5188,9372
5189,9163
5190,7607
5190,8388
5190,8795
5190,8835
5191,7755
5191,9038
5191,9094
5192,5258
5192,8220
5193,7316
5193,8180
5193,9754
5193,9843
5194,5546
5194,6415
5194,8119
5196,5594
5197,6315
5197,8991
5198,6672
5198,7263
5198,7402
5198,8456
5198,9906
5199,5934
5199,9597
5199,9615
5200,6972
5200,7280
5201,5693
5201,5973
5201,9494
5202,5815
5202,8592
5202,8920
5203,7066
5203,7205
5206,6234
5206,8366
5207,5472
5207,6125
5207,6864
5207,8462
5208,7185
5208,7551
5208,8367
5208,9800
5209,6096
5209,7668
5209,8041
5209,9622
5210,7874
5210,8489
5211,5327
5211,6169
5211,7988
5211,8601
5211,9836
5212,7985
5213,5863
5213,6473
5213,6852
5213,9257
5215,8411
5216,5898
5216,6012
5216,6616
5217,6525
5218,6059
5218,9546
5219,8971
5221,6193
5221,9311
5222,5899
5222,6949
5222,9327
5223,5842
5223,9730
5224,5728
5224,8665
5224,9380
5225,5948
5225,9228
5225,9943
5226,6973
5226,7792
5227,5611
5227,8045
5227,8890
5227,9541
5228,6247
5228,8027
5228,9181
5229,5974
5229,8498
5230,6196
5230,8553
5230,8771
5230,8869
5230,8912
5231,8222
5231,8258
5232,6135
5232,8673
5233,7565
5233,7925
5234,7100
5234,9642
5235,5638
5235,6098
5236,6609
5236,7417
5236,9415
5237,6112
5237,9894
5238,5828
5238,7752
5238,9691
5239,8074
5239,8167
5239,8859
5239,8864
5240,9013
5240,9239
5241,8393
5241,9196
5243,9085
5244,6030
5245,6906
5245,7432
5245,9941
5246,6463
5247,6265
5247,9196
5247,9547
5248,5597
5249,5492
5249,8763
5249,8877
5250,5497
5250,5951
5250,7625
5251,6432
5251,7635
5252,6102
5252,7199
5252,7861
5252,8546
5253,6763
5253,8519
5254,7084
5255,7899
5256,5836
5256,9395
5257,6042
5257,7237
5257,8409
5258,8220
5259,6856
5259,8324
5259,9130
5260,8249
5260,8868
5261,7790
5262,9001
5263,7708
5264,6784
5264,6948
5264,9004
5265,6392
5265,6455
5265,8429
5266,7649
5266,7671
5266,7944
5267,6528
5267,7646
5268,6254
5269,6165
5269,8114
5269,8343
5269,8757
5270,5682
5270,7288
5270,8127
5270,8833
5271,6549
5271,9460
5272,5316
5272,7214
5272,9356
5273,8832
5274,5855
5275,6182
5275,6304
5275,8186
5276,5474
5277,6660
5277,7810
5277,8871
5278,8702
5278,9719
5279,5663
5279,6539
5279,9637
5280,7313
5280,7939
5281,5499
5281,6239
5281,9997
5283,5687
5283,6340
5283,8452
5284,5482
5284,8137
5285,6999
5286,8644
5286,9057
5287,7643
5288,6095
5288,6156
5288,7827
5288,9565
5289,7333
5289,7996
5291,6658
5291,8323
5291,8622
5292,5996
5292,6280
5292,8228
5293,9909
5294,5969
5295,7738
5295,7779
5295,8506
5296,8221
5296,8423
5297,5635
5297,7741
5297,8883
5298,6534
5299,5775
5299,7537
5300,6652
5300,7650
5300,9444
5301,6004
5301,6984
5301,7850
5302,6181
5302,6614
5303,6498
5303,6897
5303,9080
5304,6139
5304,6327
5304,7288
5304,9107
5305,6943
5305,9136
5306,7766
5306,8475
5306,9014
5307,5960
5307,6194
5308,8605
5308,9150
5308,9657
5309,9646
5310,8378
5311,6091
5311,6218
5311,9067
5312,7714
5312,8600
5313,5315
5313,6076
5313,7736
5314,6489
5314,6737
5314,7612
5314,8508
5314,8934
5314,9391
5315,6393
5315,9662
5316,9356
5317,8787
5318,6192
5318,7937
5319,8138
5320,6592
5321,6702
5321,8923
5321,9527
5322,6652
5322,7387
5322,7402
5322,8625
5323,5400
5323,6225
5323,7846
5323,9492
5324,5514
5324,7195
5324,9006
5325,6369
5325,6483
5325,8551
5326,5523
5326,5529
5326,6728
5326,7317
5326,8133
5327,7988
5327,8015
5328,8467
5328,9684
5329,7802
5329,9069
5330,8556
5330,9316
5330,9423
5331,7716
5331,8793
5332,6327
5333,6950
5333,7325
5333,8243
5333,8319
5333,8652
5333,9352
5333,9552
5334,5482
5334,8113
5335,5444
5335,6477
5336,8290
5336,9740
5337,8532
5337,8671
5338,6239
5338,8346
5338,9555
5339,5413
5339,6707
5339,8711
5339,9203
5340,6512
5340,6882
5340,7022
5340,7135
5340,8482
5340,9722
5342,5777
5342,5814
5342,7026
5342,7845
5342,9098
5344,5870
5344,5888
5344,9329
5345,9551
5346,7522
5346,8953
5346,9934
5347,8781
5348,9699
5348,9784
5349,5416
5349,6041
5349,7539
5350,5853
5350,6869
5350,9317
5351,7046
5351,8958
5352,6669
5352,7220
5352,8005
5353,5396
5353,7289
5354,5708
5354,7451
5354,8825
5355,6364
5355,9527
5356,7971
5356,9141
5357,6260
5357,6928
5357,8468
5357,8761
5359,7637
5359,7756
5359,8398
5359,9051
5360,7542
5360,8317
5361,6811
5361,6937
5362,8426
5362,8564
5363,5625
5363,5698
5363,9251
5364,5480
5364,6267
5364,7321
5364,9878
5365,8142
5366,7098
5366,7916
5368,6213
5368,7204
5368,8643
5369,5685
5369,6137
5369,9354
5369,9548
5370,8385
5370,8402
5370,8865
5370,8907
5370,8957
5371,5971
5371,9896
5372,5629
5372,9663
5373,5474
5373,8156
5373,9361
5375,7078
5377,5856
5377,7230
5378,8602
5378,9209
5379,5968
5379,5997
5379,6442
5379,8273
5380,7771
5381,9749
5382,5490
5382,8210
5383,5435
5383,7258
5384,6143
5384,7077
5384,8428
5385,7150
5385,7223
5385,9308
5386,9053
5387,6925
5387,7838
5387,8485
5388,7292
5388,8947
5388,9545
5389,5964
5389,7691
5389,8466
5390,6962
5390,9787
5390,9871
5391,6471
5392,6468
5392,7350
5392,7676
5392,9814
5393,6189
5393,6377
5394,6751
5395,7657
5396,7289
5396,9376
5397,6258
5397,8230
5397,8916
5397,9282
5398,5958
5398,7592
5398,7832
5398,8768
5398,9024
5398,9499
5399,6207
5400,5658
5400,6225
5400,6561
5400,7501
5400,7846
5400,7913
5400,9492
5401,6550
5401,6577
5401,6899
5402,5769
5403,7415
5404,7705
5404,9517
5405,8538
5405,8558
5405,9795
5406,7908
5406,9810
5407,8547
5407,9289
5407,9990
5408,5999
5408,8003
5408,9087
5409,5995
5409,6262
5409,9481
5410,6311
5410,7644
5410,7796
5410,7844
5411,5567
5411,6969
5411,9019
5412,7124
5413,6707
5413,8711
5413,9203
5414,7231
5414,7920
5414,9176
5415,5564
5415,6655
5415,7803
5416,7539
5417,7620
5418,9154
5418,9436
5419,5749
5419,8361
5420,6993
5420,7351
5420,8033
5420,8231
5420,8484
5421,6515
5421,7740
5421,9521
5422,6220
5422,6691
5423,7719
5423,9975
5424,6106
5424,9425
5425,9005
5425,9992
5426,7534
5426,9113
5426,9219
5427,8860
5428,6241
5428,6436
5430,8406
5431,6173
5431,7824
5431,9665
5432,6348
5432,9206
5432,9428
5433,9057
5434,6569
5434,7188
5434,7849
5435,5537
5435,5716
5435,7258
5436,6431
5436,9088
5437,7315
5437,8315
5437,9414
5438,6307
5438,8619
5438,9622
5439,5704
5440,5731
5441,9897
5442,6025
5442,6071
5442,8388
5443,6310
5443,9184
5444,6477
5444,9105
5445,5936
5447,6949
5448,7068
5448,8336
5448,9060
5449,8791
5449,9314
5449,9358
5450,6427
5450,6588
5450,9687
5451,5898
5451,6012
5451,6616
5451,8116
5452,6526
5452,8280
5452,9695
5452,9697
5454,7025
5454,7523
5454,9765
5455,7214
5456,5694
5456,8205
5456,9079
5457,6299
5457,6933
5458,6312
5458,7495
5459,5933
5459,6838
5460,7593
5461,6177
5461,7144
5461,9601
5462,8903
5463,6297
5463,9201
5464,6800
5464,7384
5464,9880
5465,9633
5465,9714
5466,6160
5467,7979
5467,9962
5468,7994
5468,9895
5469,7277
5469,7279
5469,9671
5469,9785
5470,6373
5471,5678
5472,6125
5472,6845
5473,8683
5473,8794
5474,8911
5475,6975
5475,8063
5476,6822
5476,7330
5476,7371
5477,6416
5477,6488
5477,9504
5478,5783
5478,8242
5479,6332
5479,8022
5480,6267
5480,7321
5480,9752
5481,6005
5481,6961
5482,8113
5483,9142
5483,9368
5484,5904
5484,7548
5484,8350
5484,8927
5484,9899
5485,6003
5485,7684
5485,9557
5486,6423
5486,6871
5487,7506
5487,8563
5488,6537
5488,6623
5488,9090
5489,7368
5489,8771
5490,6107
5491,5841
5491,6696
5491,6797
5491,8000
5491,8804
5492,8763
5492,8877
5493,5661
5493,7115
5493,7921
5493,9589
5494,5957
5494,6877
5495,8547
5495,9289
5496,6890
5496,8878
5497,5639
5498,7051
5498,8304
5499,6239
5499,9997
5500,8103
5500,9138
5501,9097
5501,9260
5502,6456
5502,8238
5503,8209
5503,9416
5504,6095
5504,6723
5504,7137
5504,9479
5504,9863
5505,6037
5506,7442
5506,8875
5507,6410
5507,6706
5507,7989
5509,6226
5509,6540
5509,6572
5509,9542
5510,7533
5510,7546
5510,9263
5511,8478
5511,8984
5512,8293
5512,9301
5513,7555
5513,8976
5514,6298
5514,7195
5515,8737
5515,9606
5516,9280
5516,9313
5517,7572
5517,9574
5518,6359
5518,8162
5518,8651
5519,6923
5519,6990
5519,7131
5519,7885
5520,5905
5520,8928
5520,9099
5520,9986
5521,8129
5521,9332
5521,9452
5522,8789
5523,6728
5523,7317
5524,5811
5524,5984
5524,6001
5524,6755
5525,8849
5526,6984
5527,8836
5527,9200
5528,7021
5528,7180
5528,9420
5529,7317
5529,8133
5529,8320
5530,6544
5530,7821
5530,9869
5531,6513
5531,7347
5532,7218
5532,7306
5532,9213
5533,5912
5533,5982
5534,6597
5534,6981
5534,7759
5535,5954
5535,6732
5535,8500
5535,9168
5536,5847
5537,5716
5538,5609
5538,6337
5538,7038
5539,6823
5539,7478
5539,7575
5540,9056
5541,8826
5542,6725
5542,8925
5542,9419
5543,5607
5543,6442
5543,7918
5543,8994
5544,6296
5544,6810
5544,7014
5544,9464
5545,7787
5545,8187
5546,8300
5546,8492
5546,9628
5547,6438
5548,5776
5548,6180
5548,7160
5548,9064
5548,9846
5549,6345
5550,7300
5550,8365
5551,6740
5551,8736
5551,9607
5552,5566
5553,6727
5553,7308
5553,8448
5554,9865
5554,9952
5556,7672
5556,8614
5556,9159
5557,7029
5557,8713
5557,9231
5558,6156
5558,7141
5559,8195
5560,8742
5560,9572
5561,5755
5561,7576
5562,5943
5562,6355
5562,8345
5563,5953
5563,8096
5563,8657
5563,9302
5564,7803
5564,8163
5565,5610
5565,5891
5565,7252
5566,6759
5567,6969
5567,9019
5568,7590
5569,8157
5570,9853
5571,9125
5572,6144
5572,6959
5575,6329
5575,6375
5576,5796
5576,7257
5576,7758
5576,9930
5577,6656
5577,6743
5577,9137
5578,6216
5578,6908
5578,9870
5579,6245
5579,6299
5580,6714
5580,7853
5581,5974
5581,8498
5581,9276
5582,6961
5582,7331
5582,8678
5585,6662
5585,9979
5586,6956
5586,7121
5587,7327
5587,8275
5587,8996
5588,7034
5588,7804
5589,8770
5589,9535
5589,9744
5589,9861
5591,8206
5591,9398
5592,6644
5592,7203
5593,6406
5593,7611
5593,9624
5594,6837
5594,8758
5595,6707
5595,7995
5595,8225
5595,9203
5595,9268
5596,6932
5596,8399
5597,5725
5598,6111
5598,8766
5598,9009
5599,6783
5599,7605
5599,8440
5600,8911
5601,9421
5602,6026
5602,8216
5602,8955
5603,5806
5604,6122
5604,8968
5604,9242
5605,6531
5605,7999
5605,9764
5606,5758
5606,8304
5607,7918
5607,8994
5609,7038
5610,6912
5610,7252
5610,8436
5611,9265
5611,9541
5612,6256
5612,8357
5612,8486
5614,7763
5614,9842
5615,6286
5615,7392
5615,7580
5615,8689
5616,8953
5616,9169
5617,8182
5618,6580
5618,7163
5618,7870
5618,8490
5618,8807
5618,9373
5619,6104
5619,9125
5620,6408
5620,8714
5621,6590
5621,6796
5621,9167
5621,9726
5622,6935
5623,6715
5623,7634
5623,9541
5624,7939
5624,9402
5625,5719
5625,7965
5626,6625
5626,9163
5626,9538
5628,5673
5628,8369
5628,9812
5629,6604
5629,9663
5630,6331
5630,8058
5630,8698
5631,7162
5631,7543
5631,9989
5632,6087
5632,7272
5632,7729
5632,8009
5633,6825
5633,7036
5633,8915
5633,9741
5634,6129
5634,9882
5635,8883
5635,9085
5636,5793
5637,7506
5637,8563
5638,6098
5638,8330
5640,6150
5640,7460
5640,9002
5641,6127
5641,7267
5642,5694
5642,8205
5642,9079
5643,5730
5644,5695
5644,9031
5645,7063
5645,8510
5646,6101
5646,9704
5647,6321
5647,7332
5647,7942
5647,8312
5647,9223
5648,5702
5648,6427
5649,8477
5649,8612
5649,8674
5650,7770
5651,5670
5651,5798
5652,7148
5652,8916
5653,6307
5653,8041
5653,8260
5653,9622
5654,7404
5654,7682
5654,8107
5654,8897
5655,6882
5655,7135
5655,8482
5656,6854
5656,7489
5656,9966
5657,8812
5657,9720
5658,6561
5658,7608
5659,8432
5659,9955
5660,9625
5661,6680
5661,7115
5661,9383
5661,9589
5662,8347
5663,5795
5663,6539
5664,7224
5664,7483
5664,9053
5665,7886
5665,8521
5666,8550
5666,8695
5667,5848
5667,7800
5667,8909
5668,6805
5668,9703
5669,6621
5669,6818
5669,7459
5669,8379
5670,5798
5670,9288
5670,9700
5671,7078
5671,7665
5672,7161
5672,7229
5673,8369
5673,9174
5673,9699
5673,9812
5674,5699
5674,7801
5674,9777
5675,6273
5675,7453
5676,6570
5676,6618
5676,7020
5676,8102
5677,5690
5677,7510
5679,7116
5679,7639
5679,9566
5679,9874
5680,9984
5681,7527
5681,8217
5681,8936
5681,9645
5682,7288
5682,8127
5682,8833
5683,8037
5683,8086
5683,8190
5683,8264
5684,6121
5684,9753
5684,9887
5685,9548
5686,5874
5686,7202
5687,8452
5688,5899
5689,7193
5689,9279
5690,7192
5691,9330
5692,6606
5692,7905
5693,5973
5693,9370
5693,9494
5694,8205
5694,9079
5695,9801
5696,9187
5697,9377
5698,7209
5698,8291
5698,9251
5699,7801
5700,7959
5701,8898
5701,9132
5702,8203
5703,8536
5705,8395
5705,9501
5706,7249
5706,9114
5707,9784
5708,7451
5708,8790
5709,8837
5709,9725
5710,7249
5710,7598
5711,7673
5712,7615
5712,8175
5713,6035
5714,6345
5714,8331
5715,8460
5715,8710
5715,8743
5716,7562
5716,8158
5716,9924
5717,5823
5717,8430
5717,8815
5718,6916
5718,7653
5718,8069
5718,8524
5718,9390
5719,7965
5720,8295
5721,6924
5721,7686
5721,7969
5721,9570
5722,7117
5724,7060
5724,8012
5725,8565
5726,8214
5726,8217
5726,9967
5727,6146
5727,6275
5727,7320
5728,7179
5728,8762
5729,6851
5729,9913
5732,8864
5733,6284
5733,7406
5733,7656
5733,8040
5734,6061
5734,6261
5735,7732
5735,8991
5736,8313
5736,8744
5737,7260
5737,7503
5739,7379
5739,8650
5740,6689
5740,7903
5741,7405
5742,7023
5742,8185
5743,7986
5743,9248
5744,9119
5746,8160
5746,8183
5747,7560
5747,8616
5748,5965
5748,6172
5749,8361
5750,5789
5750,8421
5751,9312
5752,6440
5752,7160
5753,8181
5753,9730
5754,5853
5754,8827
5756,6253
5756,6727
5756,8938
5758,7041
5759,6049
5759,7569
5759,7699
5760,8427
5761,6220
5761,9298
5762,7619
5763,6064
5764,6338
5764,9061
5765,8964
5765,9274
5765,9690
5765,9717
5765,9835
5765,9892
5766,7400
5766,7553
5766,8171
5767,8614
5767,9966
5768,9919
5769,8024
5770,7439
5770,9907
5771,8117
5772,8839
5772,9070
5772,9185
5772,9454
5773,8034
5774,6289
5774,7865
5774,9618
5775,7537
5776,6180
5776,7359
5776,9064
5776,9846
5777,5814
5777,7026
5777,7401
5777,7845
5778,7062
5778,8593
5778,8814
5778,9269
5779,6435
5780,7706
5781,6520
5782,8814
5783,7713
5784,7277
5784,9671
5785,9283
5786,5924
5786,6806
5786,9884
5786,9915
5787,7480
5787,7924
5788,6542
5788,7665
5788,7910
5789,6957
5789,8578
5790,8161
5790,9465
5791,7116
5791,7655
5791,9566
5792,6683
5792,8507
5792,9856
5794,7952
5795,6417
5796,7257
5796,9290
5797,7278
5797,7385
5798,9288
5798,9700
5799,7468
5800,6922
5800,7751
5801,6755
5801,7211
5801,8663
5801,9939
5802,7244
5803,6279
5803,6751
5803,9247
5804,8819
5805,8423
5807,7734
5808,5947
5808,7027
5808,8664
5809,6542
5809,7079
5809,7274
5809,7881
5809,8823
5810,9488
5812,6293
5813,5981
5813,6179
5813,6207
5814,7026
5814,7401
5815,8031
5816,8676
5817,5871
5817,5993
5817,8420
5819,6354
5820,9953
5821,6645
5821,7409
5821,7578
5821,8639
5821,9245
5821,9832
5822,6335
5822,7215
5822,8445
5823,8430
5823,8815
5824,5941
5824,7002
5825,6383
5825,7269
5825,8777
5825,9805
5826,5925
5826,7979
5826,9026
5826,9462
5827,6163
5827,8018
5828,9691
5829,8198
5829,9583
5830,7981
5830,9457
5831,7112
5831,8615
5832,6781
5833,7438
5834,8057
5835,9074
5836,9395
5837,8499
5837,9614
5838,6097
5838,6523
5838,8949
5839,8661
5840,6033
5840,6902
5840,9281
5841,6696
5841,7815
5841,8000
5842,7006
5842,8307
5843,7253
5843,9047
5844,6415
5844,7251
5844,8492
5845,5977
5845,9744
5846,6629
5846,8933
5847,9560
5847,9959
5848,6158
5848,7114
5848,8909
5849,5911
5850,6268
5850,6682
5850,8511
5851,7865
5851,8628
5851,9618
5853,6869
5854,5940
5854,7338
5854,9357
5856,6756
5856,7230
5856,8274
5857,7004
5857,9191
5857,9307
5858,7832
5858,8743
5858,9024
5859,6223
5859,6859
5859,8151
5860,7305
5861,6847
5861,7494
5862,6056
5862,8088
5863,6661
5863,6852
5863,8362
5864,7793
5864,9760
5865,5882
5865,8832
5865,9445
5866,5878
5866,9644
5867,6687
5868,9580
5869,6703
5869,7310
5869,9932
5870,5888
5870,9329
5871,5993
5871,7053
5872,8545
5872,9360
5872,9825
5873,6610
5873,7632
5873,7722
5873,8922
5876,6602
5876,7622
5877,5902
5877,8705
5878,9175
5879,6422
5879,8150
5879,9476
5880,7892
5881,6538
5881,8115
5881,9325
5882,7715
5882,8832
5882,9445
5884,9247
5884,9305
5885,7146
5885,8940
5885,9261
5886,7403
5886,8254
5886,8397
5886,9701
5887,8537
5889,5891
5889,6983
5889,9918
5890,6011
5890,7626
5890,9059
5891,6912
5891,6983
5891,9918
5892,7292
5892,7513
5893,8241
5893,9580
5894,7876
5894,9493
5895,6056
5895,7241
5895,8052
5896,6021
5896,8896
5896,9853
5897,6203
5897,6229
5897,7413
5898,6012
5898,6616
5898,8116
5900,9043
5901,7103
5901,7732
5901,9750
5903,8520
5904,6093
5905,8928
5905,9099
5905,9986
5906,6388
5906,7419
5906,8360
5906,8985
5907,5982
5907,8731
5907,9365
5908,9433
5909,7589
5909,9232
5910,7695
5910,7813
5910,9230
5911,8737
5913,7959
5913,8684
5913,8850
5913,8998
5913,9178
5913,9819
5914,6285
5914,6708
5914,7911
5914,8329
5914,9044
5915,6666
5916,6965
5916,8555
5917,6764
5917,7551
5918,8966
5918,9655
5920,7935
5921,8513
5922,7282
5922,9770
5923,6966
5923,7167
5924,6806
5925,7945
5925,9026
5925,9462
5926,7242
5926,7449
5926,9718
5927,7337
5928,6023
5928,7251
5928,8921
5928,9041
5929,9915
5930,6085
5930,6685
5930,6890
5931,6416
5931,7591
5931,8137
5931,8289
5932,7520
5932,7977
5932,8223
5933,6838
5933,7094
5934,9597
5934,9615
5935,6895
5937,7090
5937,7419
5937,8985
5938,7311
5938,8173
5939,7597
5939,8193
5940,7338
5941,7002
5942,7620
5943,6355
5943,8072
5943,9225
5944,7980
5945,6631
5945,6808
5946,6016
5947,8527
5947,8664
5948,6923
5948,7131
5948,8679
5949,6393
5949,9117
5951,7625
5952,7342
5953,6986
5953,9302
5953,9926
5954,6700
5954,7464
5955,8917
5956,6155
5956,8455
5956,9593
5957,7791
5957,7819
5957,8979
5958,6681
5958,7592
5958,8768
5959,6227
5959,8407
5960,8253
5961,6144
5961,8488
5962,8064
5963,6749
5963,8733
5966,6800
5967,6113
5967,7535
5968,8396
5968,8599
5968,9960
5969,8303
5970,9021
5970,9271
5970,9320
5971,9896
5972,6360
5972,9792
5973,9370
5973,9494
5974,8498
5974,9276
5975,9719
5976,6215
5976,6551
5976,7190
5976,9617
5977,6246
5977,7748
5977,9744
5978,6845
5978,9608
5979,6027
5981,6179
5981,7396
5982,9365
5983,6591
5983,8812
5984,6755
5984,7152
5985,6812
5985,8597
5985,9502
5986,6651
5987,7948
5987,8648
5988,6252
5988,6917
5988,8828
5989,8574
5990,9134
5990,9613
5991,8723
5991,9319
5991,9635
5992,7458
5993,7053
5993,8420
5994,7609
5994,8504
5995,6262
5995,8128
5997,6442
5997,7081
5997,7650
5998,9287
5998,9631
5999,9137
5999,9346
6000,6927
6001,6461
6002,7875
6003,6896
6003,7684
6003,9557
6004,7850
6005,6862
6005,7168
6006,6867
6006,8501
6006,9068
6006,9204
6007,7073
6007,7630
6007,9739
6009,9171
6010,7777
6010,9731
6010,9826
6011,7372
6011,7626
6011,9059
6014,6794
6014,7540
6015,6222
6015,7283
6016,7176
6016,9549
6017,7327
6018,8870
6018,8939
6019,6819
6021,8896
6022,6343
6022,8144
6022,9010
6023,6490
6023,8921
6023,9041
6024,9408
6025,6071
6026,8216
6026,8955
6027,9602
6028,9507
6029,9382
6031,7972
6031,8603
6031,8704
6032,7262
6032,9278
6033,6902
6033,9281
6034,7302
6034,7666
6035,9908
6036,6419
6036,6693
6036,7957
6036,9335
6038,7643
6038,8339
6038,9917
6039,6167
6039,6367
6039,8307
6040,6715
6041,6815
6042,7237
6042,8409
6043,7339
6043,7545
6044,6061
6044,6450
6044,9181
6045,7659
6046,7363
6047,9008
6047,9435
6048,7388
6049,6742
6049,7569
6049,7699
6050,6399
6050,7028
6050,8326
6050,9393
6051,7508
6051,8395
6051,8740
6051,8836
6052,6915
6052,8131
6053,7484
6053,9382
6054,7945
6055,9197
6056,7241
6056,8052
6056,8088
6057,6528
6057,7705
6057,7883
6059,9546
6059,9895
6060,7808
6060,8514
6060,8816
6061,6450
6062,7134
6062,9709
6063,7069
6063,8065
6063,8246
6063,9025
6064,9854
6065,9092
6065,9258
6066,7374
6066,9105
6067,6878
6067,8473
6067,9478
6068,8892
6068,9123
6069,6651
6069,8504
6069,9055
6070,6204
6070,8978
6072,6535
6072,7236
6072,8188
6072,9528
6073,7178
6073,7330
6073,7922
6074,6860
6074,9937
6075,6612
6076,7736
6076,8177
6078,8259
6078,9951
6079,7101
6079,8811
6079,8930
6079,9335
6080,7394
6081,9916
6082,6115
6082,9841
6083,8153
6084,6613
6084,7596
6084,8374
6086,6718
6086,8159
6086,8407
6087,6415
6087,7272
6088,6115
6088,9603
6088,9780
6089,6448
6089,7550
6089,8169
6090,7163
6090,8310
6091,6218
6091,7925
6092,6178
6092,8638
6092,9784
6094,6777
6094,7254
6094,8834
6095,8362
6095,9565
6096,6768
6096,7668
6097,6523
6097,7526
6097,8949
6099,7206
6099,8075
6099,8700
6099,9578
6099,9582
6100,6518
6101,9704
6102,6347
6102,7199
6102,7861
6105,7658
6105,7982
6106,9425
6108,7286
6109,7437
6110,7647
6110,7837
6110,9404
6111,6195
6111,8766
6111,9009
6111,9397
6113,7576
6114,7560
6115,9603
6115,9841
6116,6252
6116,6917
6117,8463
6117,9822
6118,8198
6118,8304
6118,9583
6119,6242
6120,6823
6120,7303
6120,8060
6120,8299
6121,9445
6121,9887
6122,9242
6123,6571
6123,7217
6124,6167
6124,7259
6124,8495
6124,9776
6125,6845
6127,7267
6127,9712
6128,6479
6128,7574
6128,9480
6129,6434
6129,7365
6129,9543
6130,6457
6131,6744
6131,7169
6132,7213
6132,7866
6132,8916
6133,7583
6133,8094
6134,6424
6134,9013
6134,9297
6135,8673
6136,6938
6136,7912
6136,8891
6137,6982
6137,8218
6137,8857
6137,9548
6138,6184
6138,6946
6139,6327
6139,7288
6139,9107
6140,8204
6140,9651
6141,8851
6141,9441
6142,7741
6142,9202
6143,7077
6143,8674
6143,9503
6144,8488
6145,6619
6145,8552
6145,9487
6145,9715
6146,7320
6146,8120
6146,8505
6147,6642
6147,6671
6147,9083
6148,6946
6148,7318
6148,8442
6149,8449
6150,7460
6150,7947
6150,9002
6151,6779
6151,7834
6152,6366
6152,7040
6152,9788
6153,6634
6154,7564
6154,8010
6154,8653
6155,7882
6155,8455
6155,9593
6156,7141
6156,7827
6156,9565
6157,7773
6158,8717
6159,6300
6159,6844
6159,9901
6160,9160
6161,7075
6161,8353
6162,7750
6164,8268
6164,8415
6164,9818
6165,7355
6165,8114
6165,8343
6166,6341
6166,6469
6166,7941
6167,8373
6168,7890
6169,7194
6169,8601
6169,9761
6170,8129
6170,9255
6170,9605
6172,9165
6173,7398
6173,9665
6175,9321
6175,9647
6176,6913
6176,7711
6176,9811
6177,9601
6178,8011
6178,8638
6179,7396
6179,9947
6180,7160
6181,7664
6181,7978
6182,6409
6182,6958
6183,6422
6183,6463
6183,8154
6184,9993
6185,6540
6185,9542
6186,7139
6186,7175
6186,7309
6187,9218
6187,9567
6188,6635
6188,7039
6188,8335
6188,8401
6189,7462
6190,7081
6190,7118
6191,7502
6191,8755
6192,7107
6192,7921
6192,7937
6194,8138
6195,8766
6196,8553
6196,8869
6196,8912
6197,6268
6197,6989
6197,8157
6198,7232
6199,8575
6199,9976
6200,9579
6200,9682
6201,6688
6201,8863
6202,7021
6202,7380
6202,7879
6203,6229
6203,8279
6203,9791
6205,8054
6206,6272
6206,6586
6207,9947
6208,7235
6208,8082
6208,9119
6209,6673
6209,9733
6210,6323
6210,6930
6210,7011
6210,8356
6210,9299
6212,6656
6212,9195
6213,7176
6213,7204
6214,8785
6214,8853
6215,6551
6215,7190
6215,9617
6216,6908
6216,9870
6217,8311
6217,8680
6217,9876
6218,7822
6218,7925
6218,9017
6219,8592
6219,8920
6219,9329
6219,9399
6221,9554
6221,9748
6222,7283
6223,8151
6223,9406
6224,6282
6224,6304
6224,8186
6225,7501
6225,7846
6225,7913
6226,9690
6227,9496
6228,9568
6228,9752
6229,7413
6229,9791
6230,8166
6231,7806
6231,8545
6232,9131
6232,9794
6232,9946
6233,7789
6234,8366
6235,7207
6235,7416
6235,9831
6236,7521
6236,9353
6237,6993
6237,7351
6237,9372
6238,7811
6238,8906
6238,9893
6238,9900
6239,8346
6240,8252
6241,6436
6241,9913
6242,8178
6242,9506
6243,6303
6244,6423
6246,7748
6246,8418
6247,8027
6248,6738
6248,8880
6249,7921
6249,8711
6249,9203
6250,8914
6250,9461
6251,8017
6251,9753
6252,6917
6253,8938
6254,7639
6254,9874
6255,6957
6256,9321
6257,7246
6257,8591
6258,8230
6258,9282
6259,6379
6259,7931
6260,6928
6260,8468
6260,8761
6262,9481
6263,8647
6264,7553
6264,8846
6265,8422
6265,8879
6266,6798
6266,9012
6266,9029
6266,9780
6267,9156
6268,6989
6270,6640
6270,7019
6270,7631
6270,8012
6271,7370
6271,8149
6272,6586
6272,7110
6272,8238
6272,9902
6274,7526
6274,8942
6276,7311
6276,8316
6276,8357
6276,8655
6277,7287
6277,8584
6278,6485
6278,7566
6279,6751
6279,9247
6280,7737
6281,9994
6282,6304
6282,8186
6283,6685
6283,6739
6283,9774
6284,6716
6284,7406
6284,8040
6285,7911
6285,8329
6285,9044
6286,8689
6287,6633
6287,9668
6288,6690
6289,7865
6289,8643
6290,6552
6290,7410
6290,7490
6290,7581
6290,9172
6290,9844
6291,8767
6292,7988
6292,9446
6293,9453
6294,7093
6295,9497
6296,6810
6296,9581
6297,9201
6298,7195
6299,6933
6300,6844
6300,7764
6300,8474
6301,7108
6301,7669
6302,6611
6302,9666
6303,7265
6303,9654
6304,8186
6305,6389
6305,6904
6305,7700
6305,7745
6306,9057
6307,8041
6307,8619
6307,9622
6308,8932
6309,6311
6309,6824
6309,9082
6310,7155
6310,9184
6311,8654
6312,6790
6312,7495
6312,9235
6313,8854
6314,9493
6315,8991
6315,9052
6316,9073
6318,7290
6318,7465
6319,6731
6319,7621
6320,7807
6320,9364
6321,7942
6322,7498
6322,9938
6323,7011
6323,8088
6323,8973
6324,9579
6324,9682
6325,8983
6325,9898
6326,8132
6327,9107
6328,6872
6328,8806
6330,7784
6330,9692
6331,8058
6332,8022
6333,9847
6334,7356
6335,7215
6335,8445
6337,6708
6337,6717
6337,7038
6337,9689
6338,8560
6339,7100
6339,8866
6340,8452
6341,8286
6342,6913
6342,7711
6342,8355
6342,8645
6343,8144
6343,9010
6344,6736
6346,7349
6346,9350
6346,9489
6347,7394
6348,9206
6348,9428
6349,8277
6349,9683
6350,6407
6351,7594
6351,8918
6351,9358
6352,7187
6353,6804
6353,9073
6354,7306
6355,8072
6356,9676
6356,9981
6357,8894
6358,8885
6359,8162
6360,9792
6361,7324
6362,6663
6362,8978
6363,8554
6364,6691
6364,6702
6364,9527
6365,8327
6365,8884
6366,7040
6366,8124
6366,8320
6366,9788
6367,8307
6367,8974
6368,8641
6368,8765
6369,6483
6369,8551
6370,6390
6370,6936
6370,7138
6371,6647
6371,9152
6371,9223
6371,9272
6372,6587
6372,6905
6372,7429
6373,6876
6374,8983
6374,8990
6374,9840
6376,7291
6376,7307
6376,9982
6377,7159
6378,6850
6379,8246
6380,9731
6380,9826
6381,8354
6382,7731
6383,8707
6383,9805
6384,6446
6384,6546
6384,7024
6385,7244
6385,8846
6386,6994
6386,8587
6387,8480
6387,9303
6387,9742
6387,9968
6388,7874
6388,8360
6388,8985
6389,6904
6389,8526
6390,6537
6390,6936
6390,9106
6391,9327
6392,6455
6392,8429
6393,9662
6393,9734
6394,7857
6395,8367
6395,8503
6396,8631
6396,8763
6397,7836
6397,9249
6398,6803
6398,8738
6399,7028
6399,8326
6400,7803
6401,6599
6401,8169
6402,7179
6402,8762
6403,6861
6403,7109
6404,9569
6404,9919
6405,6773
6405,8798
6405,9418
6406,7611
6406,9624
6408,8714
6409,6958
6409,9259
6410,7989
6410,8623
6411,8358
6411,8419
6413,7051
6413,9862
6414,9582
6416,9504
6418,7184
6418,9626
6418,9920
6419,6693
6419,7957
6419,8077
6420,8211
6420,9243
6421,6664
6421,6936
6421,8240
6421,8822
6421,9106
6422,6582
6422,9476
6423,8050
6423,9745
6424,8378
6425,9093
6426,7444
6427,7124
6428,9904
6429,6580
6429,8490
6430,8759
6430,9416
6431,9088
6431,9222
6432,7012
6432,7635
6432,9104
6433,7294
6434,7126
6434,7365
6434,8630
6434,9003
6435,8437
6437,7930
6439,6624
6441,8986
6441,9475
6442,9444
6443,6645
6443,9389
6443,9830
6444,9585
6445,7201
6446,6546
6446,7024
6447,8708
6448,7550
6448,8169
6449,7123
6449,7231
6451,7132
6452,8885
6453,8827
6454,6970
6454,7095
6454,7754
6455,8391
6455,8429
6455,9982
6456,8238
6457,8926
6458,6506
6458,7399
6459,7486
6460,7571
6460,7862
6460,9345
6461,6515
6461,7143
6461,8652
6462,9193
6464,6830
6464,8966
6465,6558
6466,7353
6467,7189
6467,9385
6468,7676
6468,9814
6469,7941
6471,6682
6472,6891
6472,7422
6472,9733
6473,6852
6473,9257
6474,6713
6474,7949
6474,8847
6474,9510
6476,8139
6477,9105
6477,9491
6478,6565
6478,6599
6478,6941
6478,7681
6478,8803
6479,7574
6479,9480
6480,6738
6480,7993
6480,8880
6481,7728
6481,8392
6482,8059
6482,8197
6482,9210
6484,7134
6484,9217
6485,7566
6486,8128
6486,8987
6486,9759
6487,6596
6488,6726
6488,9504
6489,8934
6490,7455
6491,8384
6491,9086
6494,9369
6495,7983
6495,8093
6495,9450
6496,7604
6496,9008
6496,9453
6497,8020
6497,8686
6498,6897
6499,7602
6499,8199
6501,8257
6501,9685
6502,8576
6502,9908
6503,7854
6503,8858
6503,9234
6504,7304
6504,9500
6505,6612
6505,7302
6506,7399
6506,7433
6507,7079
6507,7967
6508,7954
6508,8196
6509,8415
6510,8777
6510,9553
6510,9805
6511,7544
6511,8233
6511,9475
6511,9705
6512,9249
6512,9722
6513,6639
6513,7347
6514,6572
6514,8917
6515,7740
6516,8392
6517,6786
6517,6870
6517,7120
6517,7471
6517,9292
6518,6643
6518,9139
6519,7589
6520,8044
6521,6581
6521,6744
6521,9945
6522,6531
6522,8506
6522,9121
6523,7526
6523,8949
6524,8345
6524,9512
6525,6632
6526,9723
6527,8478
6527,9135
6528,7646
6529,8501
6529,9126
6531,7779
6531,7999
6531,8506
6532,6885
6532,8987
6533,6939
6533,7171
6533,9483
6534,8577
6535,7236
6535,8188
6535,9528
6536,8583
6536,9514
6537,6623
6537,9106
6538,6721
6538,8115
6539,9637
6540,9542
6541,8972
6542,7881
6542,7910
6543,6602
6544,7714
6545,8567
6546,9528
6547,6889
6548,7966
6548,8644
6548,9267
6549,9460
6549,9824
6550,7361
6550,9711
6551,6812
6551,8597
6551,9502
6551,9950
6552,7295
6552,7490
6552,9172
6553,7616
6553,7725
6553,8740
6554,7775
6555,7814
6556,6774
6557,9126
6558,9385
6559,7059
6559,7788
6560,6896
6560,8773
6561,7608
6562,8780
6562,8934
6563,8451
6564,6678
6564,7536
6564,9208
6565,6599
6565,7681
6566,7563
6566,8503
6566,9039
6567,7367
6567,8549
6568,8006
6568,9635
6569,6709
6569,7188
6569,7849
6570,6618
6570,7020
6571,7217
6571,8024
6571,9323
6573,7121
6574,7692
6574,8443
6574,9304
6575,6773
6575,7906
6575,8746
6575,9418
6576,6864
6576,8462
6577,7414
6578,7048
6578,7136
6579,7767
6579,7801
6579,9777
6580,7851
6580,8490
6581,9945
6582,8150
6582,9476
6582,9688
6583,8025
6584,9396
6585,8117
6587,6905
6587,7429
6587,8337
6588,9687
6589,6798
6589,7213
6589,7866
6589,8230
6589,8916
6590,6940
6590,7046
6590,9726
6591,8812
6592,9974
6593,7752
6593,9691
6594,7877
6594,7946
6594,7963
6594,9958
6595,6734
6596,7316
6596,9843
6597,7759
6597,8745
6598,7297
6598,8813
6598,9679
6599,7681
6600,6638
6600,7496
6600,9148
6600,9666
6601,7565
6603,7395
6603,8135
6604,9663
6605,7397
6605,9182
6607,8662
6608,8321
6608,9456
6609,7417
6609,9415
6610,6670
6610,9382
6613,7596
6613,8374
6613,8453
6614,7334
6614,9571
6615,6843
6617,7820
6617,8970
6618,7020
6618,9593
6619,7001
6619,9865
6620,7532
6620,9560
6621,8183
6623,9106
6625,9721
6626,7106
6627,7495
6627,9161
6628,7663
6628,7698
6628,9164
6629,8852
6629,8933
6629,9651
6630,6954
6630,9071
6630,9430
6630,9667
6631,6710
6631,6808
6633,8413
6634,8218
6634,8534
6634,8857
6635,8335
6635,8401
6636,6670
6636,7011
6636,8067
6636,8973
6637,9595
6639,7347
6640,7019
6640,8012
6641,8236
6641,8701
6642,6671
6642,9376
6643,9139
6644,8021
6645,7409
6645,7578
6645,8639
6645,9389
6645,9830
6646,6820
6646,9420
6647,9098
6648,8889
6649,7322
6650,6971
6650,7753
6651,8504
6652,7387
6652,7595
6652,7650
6653,8758
6653,8851
6653,9441
6653,9619
6654,8399
6654,8585
6656,6692
6656,6743
6656,8695
6657,7045
6657,7142
6657,9587
6659,8244
6660,7810
6660,8400
6661,6852
6661,8362
6662,8189
6662,9979
6663,7559
6664,8240
6664,8822
6665,7739
6666,7353
6667,8869
6667,9231
6667,9712
6668,8123
6668,8325
6668,9821
6669,7610
6670,8973
6671,9083
6672,7263
6673,7718
6674,7512
6674,8229
6675,9078
6677,7369
6678,9208
6679,7059
6679,8327
6679,8884
6680,9383
6681,7592
6681,8768
6682,7016
6682,8511
6683,8840
6684,8486
6684,8655
6685,6776
6685,6890
6685,9774
6686,7421
6686,8579
6686,9338
6688,8863
6689,8364
6689,9438
6691,8923
6692,6743
6692,8550
6692,8695
6693,7957
6693,9335
6694,7721
6694,8077
6694,8930
6696,6797
6696,7815
6696,8720
6697,7172
6697,7221
6698,9815
6700,7464
6701,6815
6701,9681
6702,8923
6702,9527
6703,6985
6703,7275
6703,9932
6704,8838
6705,8618
6706,7211
6706,9939
6707,9203
6707,9268
6708,6717
6708,9044
6708,9689
6709,9995
6710,7601
6710,8855
6710,9349
6711,9214
6711,9762
6712,8155
6712,9386
6714,7853
6715,7634
6716,7406
6716,8040
6717,9689
6718,7724
6718,8407
6719,7439
6719,7960
6719,8248
6720,7177
6721,7423
6721,7998
6721,8115
6721,9166
6722,7278
6722,7385
6722,8582
6723,7137
6723,9863
6724,8194
6724,8535
6724,9310
6725,9419
6726,7786
6727,7308
6727,8448
6728,9788
6729,7408
6729,8882
6729,9384
6730,7970
6730,8968
6730,9242
6731,7095
6731,7621
6732,7472
6732,8810
6732,9168
6733,8469
6735,6833
6735,9981
6737,7348
6737,9391
6737,9484
6737,9598
6737,9703
6738,7692
6738,8880
6739,7186
6739,9774
6740,8736
6740,9664
6741,6980
6742,7569
6743,9137
6746,8699
6746,9568
6747,6776
6747,6890
6747,8878
6749,8733
6751,9247
6752,7845
6752,8119
6752,8300
6752,9628
6754,9075
6756,7547
6756,8283
6757,6789
6757,8956
6757,9933
6758,9519
6761,9465
6762,6873
6762,7487
6762,8901
6763,8333
6763,8519
6764,7551
6764,9751
6765,7785
6765,9407
6766,8740
6767,7761
6767,8032
6768,7668
6769,6989
6769,8783
6772,7517
6772,9526
6773,8746
6773,8798
6773,9418
6775,7788
6775,8327
6776,6890
6777,7254
6777,9157
6778,6840
6780,6963
6780,8164
6780,9461
6781,8030
6783,8440
6784,7119
6784,8130
6785,8066
6786,9292
6788,6926
6788,7157
6788,7301
6789,7197
6789,8176
6790,7495
6790,8730
6790,9235
6791,9783
6792,7557
6793,9756
6794,7540
6794,9458
6795,9686
6796,8649
6796,9167
6797,8720
6797,8804
6801,7895
6801,8788
6801,9342
6802,7022
6802,8944
6802,8981
6803,8738
6804,6978
6804,9073
6805,8252
6805,9220
6806,9884
6807,8011
6807,8248
6810,6920
6811,6937
6811,8171
6812,8597
6812,9502
6812,9950
6814,6979
6814,9037
6815,7539
6815,9681
6816,7496
6816,9666
6816,9808
6817,6832
6817,7824
6817,7839
6818,8379
6820,8096
6820,9420
6821,6835
6822,7330
6823,8299
6824,9046
6824,9082
6825,6968
6825,7208
6825,8915
6826,8591
6827,7619
6828,9378
6828,9735
6829,7227
6829,7578
6829,9830
6831,6919
6832,7398
6832,7824
6832,7839
6832,9665
6833,9459
6835,7205
6835,8071
6836,7707
6836,7837
6836,8491
6836,9468
6837,7092
6838,7094
6839,9333
6840,6880
6841,8999
6842,8531
6842,8860
6844,9901
6846,7404
6846,8168
6847,8352
6848,8646
6849,7351
6849,9353
6849,9372
6850,7813
6851,9913
6853,8872
6854,7489
6854,9460
6854,9966
6855,8286
6856,8324
6856,9130
6857,7103
6857,9556
6857,9790
6858,7798
6858,7833
6858,8023
6858,8285
6859,8151
6860,9937
6861,7109
6862,7168
6863,9393
6863,9473
6864,8265
6864,8462
6865,8313
6866,6981
6866,9238
6867,8501
6867,9204
6868,9459
6869,7025
6869,9317
6870,7120
6870,7471
6871,9103
6873,7487
6874,7572
6874,8441
6874,9574
6875,8752
6877,9060
6877,9266
6878,8473
6878,9380
6878,9478
6879,7220
6879,7728
6879,8005
6879,8753
6880,8302
6881,8143
6881,9030
6882,7135
6882,8482
6882,9722
6884,7504
6884,8331
6884,8747
6886,8838
6887,7270
6888,7696
6891,7422
6891,9291
6892,8569
6892,8600
6892,9677
6894,7440
6894,7872
6894,8878
6896,7684
6897,9080
6898,8386
6898,8924
6898,9238
6899,9102
6900,7383
6900,7476
6900,9707
6901,8778
6902,9281
6904,7745
6904,8526
6905,9315
6906,8633
6907,6952
6907,7781
6907,8006
6907,9619
6907,9635
6909,8330
6909,8728
6909,9046
6910,7198
6910,8414
6910,9173
6912,7252
6912,9918
6913,7711
6913,8355
6913,9811
6914,7373
6914,8084
6914,9115
6915,7588
6915,8131
6915,8192
6916,7130
6916,8069
6918,7210
6918,7698
6918,8568
6919,7499
6919,9980
6920,8141
6920,9581
6921,8782
6921,9379
6922,8609
6923,7131
6923,7885
6924,7686
6924,9625
6925,8530
6926,7157
6926,7301
6926,9387
6926,9961
6927,7675
6928,7015
6928,8673
6928,9426
6929,9105
6929,9491
6930,7522
6930,8356
6930,9299
6931,7512
6931,8438
6932,8399
6932,8585
6934,8390
6934,9770
6935,7037
6936,8822
6937,7709
6938,8891
6938,9237
6939,9483
6940,7055
6940,9726
6941,7681
6941,8803
6943,9633
6944,9885
6944,9889
6945,7197
6945,8412
6945,9933
6946,8442
6947,9128
6948,9004
6950,7114
6950,9352
6951,8134
6952,7781
6952,9619
6952,9635
6953,7415
6953,8775
6954,9000
6954,9427
6954,9667
6955,9747
6956,7121
6957,9002
6958,9259
6960,7829
6960,8400
6961,7331
6962,9186
6962,9871
6963,8164
6963,8422
6964,7238
6964,7529
6964,9450
6964,9996
6965,8555
6965,9516
6966,7167
6966,9945
6967,8001
6968,7208
6969,9019
6970,7095
6970,7754
6971,7753
6971,9931
6971,9964
6972,9148
6973,7792
6974,9490
6975,8063
6976,7934
6976,9508
6976,9965
6977,7929
6977,9562
6982,9354
6983,7900
6985,9932
6986,9302
6987,8951
6987,8990
6988,8442
6988,9952
6989,8157
6989,8783
6990,7885
6990,9834
6991,7559
6991,8170
6992,7461
6992,8801
6993,7351
6993,8484
6994,7438
6994,7664
6995,9483
6996,7009
6996,8354
6996,9850
6997,8030
6997,9857
6998,7827
7000,9227
7000,9927
7001,9993
7003,9778
7004,7667
7004,9191
7004,9307
7005,9315
7005,9440
7006,8307
7007,7688
7008,8580
7008,9250
7009,8354
7009,9850
7010,7594
7010,9314
7011,8973
7012,7207
7012,7416
7012,9104
7013,7407
7013,7641
7013,7914
7013,8287
7014,7268
7014,9464
7014,9659
7015,8149
7015,8673
7016,8511
7017,7832
7017,9024
7017,9499
7019,7631
7020,7764
7020,8102
7021,7380
7021,7879
7023,8893
7026,7401
7027,9942
7028,8326
7029,8713
7029,9231
7032,7609
7032,8397
7032,9016
7033,7581
7033,9036
7034,7804
7035,7982
7035,8341
7035,9556
7036,9155
7036,9246
7037,9171
7039,8401
7039,9624
7040,8124
7040,8320
7040,9788
7041,9210
7042,9977
7043,8697
7043,8802
7044,7871
7044,9145
7045,7142
7045,8241
7045,9587
7046,8958
7047,8245
7047,9573
7048,7136
7048,9011
7049,8829
7049,9215
7049,9322
7052,7290
7052,7465
7052,9979
7053,8539
7053,9864
7054,7502
7054,7987
7056,7652
7058,7219
7058,7891
7058,8716
7059,7969
7059,9524
7060,9811
7062,7346
7062,8593
7062,9269
7063,8510
7065,8048
7067,7447
7067,8132
7067,8497
7068,8336
7068,9149
7069,8065
7069,8246
7069,9025
7070,7389
7071,9732
7071,9926
7072,8076
7072,8826
7074,8020
7074,8895
7075,8353
7076,8247
7076,9580
7076,9888
7077,9503
7078,7665
7079,7858
7079,8823
7080,7953
7080,8584
7082,8787
7084,9260
7085,7809
7085,7877
7086,8672
7087,8281
7088,7488
7088,8595
7088,8670
7089,7326
7089,9367
7089,9736
7089,9944
7091,9698
7091,9845
7092,7271
7093,7632
7094,8306
7095,7754
7096,7378
7097,8340
7098,7916
7099,9581
7101,8930
7102,8868
7103,7613
7103,9790
7104,7453
7104,7880
7104,9193
7105,7623
7105,9125
7105,9229
7105,9455
7106,7360
7106,8623
7107,7921
7107,7937
7107,9589
7108,7669
7110,8004
7110,9040
7110,9305
7110,9902
7111,8544
7111,9463
7112,8615
7113,7492
7113,9170
7113,9486
7114,8319
7115,8342
7115,8719
7116,7655
7116,9566
7117,8080
7117,9291
7117,9564
7118,7239
7119,8130
7120,7471
7122,8341
7123,9872
7125,7884
7125,7955
7125,8098
7126,8630
7126,9003
7127,7903
7128,8097
7128,9058
7128,9405
7128,9533
7129,7842
7129,8412
7130,7461
7130,8069
7130,8447
7131,7885
7131,8679
7131,9834
7132,9122
7133,9111
7133,9987
7134,7408
7135,8482
7135,9722
7137,9479
7137,9863
7138,8551
7139,7583
7140,9094
7141,7827
7142,9587
7143,7740
7144,8383
7144,9601
7145,7391
7145,7904
7146,7889
7147,8038
7147,8861
7147,9810
7149,7880
7150,9308
7151,9131
7151,9298
7152,7325
7153,8101
7154,7817
7154,8329
7154,9388
7155,9184
7156,9530
7157,7301
7157,9387
7157,9961
7158,8965
7159,9265
7161,9810
7162,9989
7163,7870
7163,8310
7163,9373
7164,7276
7166,9775
7169,9791
7170,9273
7170,9567
7170,9648
7173,8420
7174,9820
7175,7710
7176,9591
7177,8338
7178,7922
7178,8516
7179,8762
7180,9420
7181,8035
7181,8708
7181,8850
7182,7454
7183,8376
7183,9981
7184,9626
7185,8367
7185,9296
7185,9800
7186,7778
7186,9868
7187,7687
7187,8381
7188,7849
7189,9385
7190,7511
7190,9617
7191,7314
7191,8172
7191,9696
7191,9728
7193,9279
7194,8601
7197,9933
7199,8436
7200,7840
7200,7967
7206,8075
7206,8700
7206,9578
7207,7416
7208,8915
7209,8291
7209,9205
7210,8315
7210,8405
7211,8663
7211,9939
7212,8251
7212,9179
7213,7866
7214,9356
7215,8445
7216,8269
7217,7667
7218,8821
7218,9213
7218,9339
7220,8005
7221,7927
7221,8992
7221,9103
7222,9241
7222,9325
7224,7483
7224,7931
7226,7695
7226,9034
7226,9049
7227,9973
7229,9431
7230,8274
7233,7828
7233,9767
7235,8082
7236,8188
7237,8409
7237,9524
7238,7529
7238,9007
7238,9996
7240,8549
7240,9493
7240,9596
7241,8052
7242,7449
7242,9718
7243,7807
7243,8626
7243,9364
7243,9572
7244,8846
7244,9410
7245,7795
7245,7931
7246,7297
7246,8591
7247,8925
7247,9308
7248,7398
7249,8189
7249,9114
7251,8492
7251,9041
7253,8000
7253,9047
7254,9258
7255,7435
7255,8064
7255,8712
7256,7645
7256,9089
7256,9472
7257,7758
7257,8126
7257,9930
7259,9776
7259,9780
7260,7842
7260,8412
7261,9757
7262,9278
7263,7402
7263,8625
7264,7984
7264,8224
7264,8351
7265,7586
7265,9654
7266,9684
7266,9735
7266,9766
7269,8777
7269,9805
7270,8258
7271,9169
7272,7729
7273,8309
7274,7881
7274,7910
7274,8823
7275,7437
7275,9932
7276,9680
7277,7279
7277,9671
7278,7385
7278,8582
7278,9215
7279,8894
7279,9785
7280,8042
7280,9675
7284,9655
7286,8021
7287,8584
7288,9107
7288,9498
7290,7465
7290,9317
7291,8148
7292,8947
7292,9545
7293,7487
7293,9402
7295,7490
7295,9172
7296,9190
7296,9469
7296,9599
7297,7826
7297,9679
7298,7389
7298,7749
7298,9916
7299,9947
7303,8060
7303,8614
7304,8105
7307,9982
7308,8448
7311,8173
7312,8278
7313,8901
7314,8172
7314,8995
7314,9728
7315,9414
7316,9843
7317,8133
7317,8320
7318,7329
7319,7598
7319,7742
7320,8120
7321,7527
7321,9609
7321,9878
7322,7684
7325,8652
7325,9552
7327,8275
7327,8872
7328,7819
7329,8155
7329,9851
7330,9975
7332,9984
7333,7996
7334,9571
7335,7352
7335,7677
7336,9785
7336,9881
7336,9890
7337,8669
7339,7545
7339,8199
7339,9713
7340,8046
7340,8721
7340,9537
7343,9921
7344,9620
7345,7430
7345,7440
7345,9338
7345,9714
7346,8235
7346,8658
7346,9269
7347,8908
7348,9484
7348,9703
7349,7585
7350,7392
7350,7676
7350,8207
7352,7677
7352,7887
7352,9600
7354,7703
7354,7873
7354,9721
7357,7395
7357,8135
7358,7856
7358,9127
7358,9287
7358,9348
7359,9064
7359,9249
7360,8623
7361,8375
7361,9711
7362,7920
7362,8964
7362,9176
7363,8709
7363,9925
7364,8533
7365,8630
7365,9543
7366,9988
7367,7648
7367,8225
7370,8993
7372,7626
7373,7912
7375,8959
7376,9022
7376,9270
7376,9743
7376,9978
7377,8675
7378,9319
7380,7879
7381,7502
7381,7685
7382,7636
7382,8908
7383,7476
7383,7657
7383,9707
7384,7459
7384,8183
7384,9880
7385,8582
7386,8059
7386,9256
7386,9806
7387,7595
7387,8625
7389,7749
7390,9221
7392,8092
7392,8689
7393,9818
7395,8135
7396,9277
7397,9182
7398,7824
7398,9665
7399,7433
7401,7414
7402,8625
7402,9240
7403,8254
7403,9701
7404,7682
7404,8897
7405,9467
7406,7656
7406,8040
7407,7641
7407,8886
7408,9384
7409,8639
7410,7581
7411,7436
7411,9550
7412,8791
7412,9358
7412,9375
7413,7964
7413,9791
7415,8775
7417,9415
7418,8536
7418,9355
7418,9963
7419,7874
7419,8985
7420,8185
7420,9413
7421,8579
7421,9338
7422,9291
7423,7998
7423,8788
7423,9166
7424,7710
7424,9854
7425,9568
7426,7456
7426,8602
7426,9183
7426,9209
7427,9403
7428,9023
7429,8337
7430,9714
7431,7940
7431,9422
7432,8633
7432,9287
7432,9941
7434,7514
7434,7772
7435,8712
7436,9550
7439,7747
7439,7960
7440,8095
7441,9594
7442,7761
7442,8032
7443,7568
7443,8572
7444,7598
7445,7727
7445,8587
7446,9252
7447,8132
7448,9471
7449,9718
7450,7599
7450,7909
7450,8969
7451,8825
7452,8122
7452,8222
7452,8731
7454,9392
7455,9891
7456,8602
7456,9183
7456,9209
7457,8073
7458,7976
7459,8183
7460,7947
7460,8765
7460,9002
7461,9856
7462,9515
7463,8290
7466,9300
7466,9351
7467,8061
7467,9362
7467,9940
7468,9063
7468,9860
7472,8810
7472,9168
7474,7723
7474,8481
7475,7693
7475,8464
7476,7644
7476,7844
7477,8112
7478,7575
7479,9839
7480,8457
7481,7774
7482,8426
7483,9053
7484,7689
7484,7860
7485,7816
7486,7961
7488,8670
7490,9172
7491,7531
7492,9170
7492,9486
7493,9712
7496,9148
7496,9666
7497,7577
7497,8026
7497,8211
7497,8830
7497,9991
7498,8871
7498,9109
7498,9938
7499,8086
7499,9980
7500,8093
7500,8376
7500,9676
7501,7846
7501,7913
7502,7685
7503,9983
7504,8747
7506,8563
7507,7527
7507,9609
7507,9611
7508,8395
7508,8836
7509,7726
7511,8805
7512,8438
7514,7772
7515,7525
7515,9956
7517,7739
7517,8470
7517,9526
7518,9620
7519,7538
7519,7878
7520,7746
7520,7977
7520,8223
7521,9353
7522,8485
7523,9765
7523,9867
7524,8989
7527,8936
7527,9609
7528,8694
7528,9482
7529,9007
7529,9450
7529,9825
7529,9996
7530,9343
7530,9768
7530,9793
7532,9560
7532,9816
7533,7546
7533,8078
7535,7576
7535,9917
7536,8960
7537,9187
7537,9623
7538,7878
7540,9458
7541,8621
7541,9452
7542,7826
7542,8317
7543,8347
7543,9989
7544,8233
7546,9263
7547,8283
7548,8350
7548,8927
7548,9899
7549,7606
7549,8841
7549,9443
7551,9800
7552,7924
7552,9295
7553,9530
7555,7760
7555,8976
7555,9447
7556,8583
7556,8888
7557,8476
7557,9294
7558,8305
7558,9929
7560,8616
7562,8158
7562,9304
7562,9924
7563,8503
7567,8912
7567,9505
7568,8039
7569,7699
7570,7808
7570,9640
7571,7862
7571,9345
7571,9827
7572,8441
7572,9574
7573,9176
7574,8666
7575,7896
7577,8026
7577,8830
7577,9991
7578,9830
7579,7748
7579,8212
7579,8681
7582,8344
7584,7958
7585,9350
7588,8131
7588,8192
7591,8137
7591,8289
7592,8768
7596,8374
7596,8453
7596,9705
7597,8193
7597,9755
7599,8969
7600,9186
7601,8855
7602,8160
7602,8199
7602,9713
7603,8564
7603,9093
7603,9954
7604,9453
7606,7841
7606,8841
7607,8388
7607,8795
7607,8835
7608,7846
7608,9492
7609,8504
7609,9016
7610,8434
7611,9624
7612,8508
7612,8780
7612,9391
7613,9790
7614,8079
7614,8266
7614,8963
7615,7763
7615,8175
7616,7618
7616,7725
7617,8667
7617,8874
7618,7725
7618,8417
7622,9554
7622,9748
7623,9125
7623,9229
7624,9957
7627,8750
7628,8287
7629,8895
7629,9793
7630,9983
7632,7722
7632,8922
7635,9104
7637,7756
7637,8398
7638,9638
7639,7655
7639,9874
7640,7761
7641,7914
7641,8886
7642,8439
7643,8339
7644,7844
7645,9153
7645,9472
7647,7678
7647,9404
7648,7720
7649,7671
7649,7944
7650,9444
7651,8431
7651,9048
7651,9935
7652,7716
7652,8793
7653,8524
7653,9390
7654,8948
7654,9220
7654,9284
7656,8040
7657,8089
7657,9660
7658,7982
7659,8784
7659,9045
7660,7852
7660,8500
7661,8900
7661,9091
7662,7996
7662,9276
7663,9164
7664,7978
7670,7680
7670,8036
7670,9595
7672,9159
7674,7734
7674,9485
7676,9814
7677,9600
7678,9404
7680,8036
7680,9595
7681,8803
7682,8897
7682,8967
7683,8042
7684,9557
7685,7987
7686,9570
7687,8381
7689,7860
7689,9211
7690,9629
7691,8466
7693,8464
7693,8653
7693,9934
7697,8562
7698,8568
7698,9164
7701,9133
7703,9721
7704,8342
7704,8719
7706,7863
7707,8491
7707,9468
7707,9488
7710,9854
7711,8355
7711,9139
7712,9743
7714,8600
7716,8793
7717,8784
7719,9975
7720,8528
7722,8485
7722,8922
7724,8332
7725,8740
7727,8756
7728,8753
7729,8009
7732,9646
7732,9750
7733,9815
7734,9485
7735,9054
7736,8177
7736,8535
7737,8446
7738,7779
7739,8470
7740,8515
7742,9296
7743,9141
7744,8095
7745,8694
7746,8690
7747,8248
7750,8674
7752,9691
7755,8997
7756,9051
7758,8108
7758,9930
7759,8745
7760,8844
7761,8032
7763,9842
7764,8474
7765,8056
7765,9490
7765,9867
7766,8475
7767,7801
7767,9777
7768,8028
7768,9400
7768,9797
7769,8164
7773,8206
7775,8424
7775,9877
7776,8529
7776,8550
7778,8121
7778,9868
7779,8506
7780,8085
7780,9833
7782,8074
7782,8081
7782,8859
7783,8660
7783,8692
7783,8774
7784,9692
7785,9407
7786,9875
7787,9807
7789,9001
7790,8707
7791,9222
7794,7907
7794,8605
7794,9150
7794,9922
7796,8654
7797,9632
7798,7833
7798,8023
7798,8285
7799,8472
7799,9366
7800,8909
7801,9777
7802,9411
7805,8892
7805,9123
7805,9267
7806,8545
7807,9364
7808,8816
7809,7877
7809,8043
7809,9958
7810,8871
7811,8906
7812,7817
7812,8055
7812,9944
7813,9230
7814,7859
7817,8055
7817,8329
7818,7951
7818,8856
7819,8979
7820,8970
7820,9118
7821,9869
7822,8656
7822,9017
7822,9067
7823,7892
7823,8178
7823,9506
7824,7839
7824,9665
7825,7900
7825,8726
7826,9679
7827,9072
7829,9347
7830,7843
7832,9024
7832,9499
7833,8023
7833,8285
7834,8425
7837,9404
7838,7919
7838,8530
7838,8797
7839,9665
7840,7967
7841,8841
7842,8412
7843,9054
7845,8119
7846,9492
7848,8377
7848,9866
7850,8617
7850,8945
7852,8465
7856,9348
7861,8546
7862,9345
7864,8685
7864,9553
7865,9618
7867,8394
7867,8946
7868,9858
7869,8764
7870,9373
7871,9235
7872,8878
7873,8944
7875,8227
7877,7946
7877,7963
7877,9958
7881,7910
7883,8598
7884,8098
7884,9344
7885,9834
7886,8521
7887,8043
7887,9600
7888,8552
7888,9715
7888,9977
7889,8940
7891,8716
7893,8839
7893,9070
7893,9454
7893,9727
7894,9163
7895,8788
7896,9006
7897,9847
7898,8523
7900,8726
7902,9756
7906,8746
7906,9418
7907,8605
7907,9150
7907,9922
7908,9604
7909,8969
7911,8926
7912,8891
7914,8287
7915,8540
7915,9318
7915,9547
7916,9264
7917,8750
7917,9173
7917,9309
7918,8994
7919,8530
7919,8797
7920,9176
7921,9589
7922,8516
7923,9914
7926,8774
7927,8992
7927,9103
7928,8862
7928,9575
7929,9910
7932,8566
7932,8760
7932,9448
7933,9156
7935,8457
7936,9213
7938,8270
7939,8901
7939,9402
7940,7958
7940,9422
7941,8250
7942,8312
7943,8935
7945,7979
7945,9462
7946,7963
7946,9958
7947,8765
7948,8648
7949,8847
7950,8163
7951,8440
7951,8856
7952,8065
7952,9025
7953,8584
7954,8196
7954,9852
7955,8098
7955,9102
7956,7990
7956,8245
7956,9643
7958,9422
7959,8998
7959,9178
7960,9907
7961,8147
7962,9077
7963,9958
7966,9267
7966,9536
7968,7975
7969,9524
7969,9570
7970,8295
7971,9141
7972,8603
7973,9365
7974,8202
7974,8372
7974,9523
7975,9455
7977,8223
7979,9026
7979,9962
7983,9450
7984,8351
7985,9086
7988,9836
7989,8623
7990,9643
7990,9802
7992,8166
7992,8588
7992,8982
7993,9324
7994,8459
7995,9203
7997,8798
7998,9166
7999,9764
8000,9047
8002,8047
8002,9192
8004,9902
8006,9635
8008,8560
8008,8606
8008,9326
8010,8769
8011,9536
8013,9061
8016,8792
8019,8628
8019,8834
8023,8285
8024,9191
8026,8830
8026,9285
8026,9991
8028,9400
8028,9797
8029,9584
8030,9857
8031,8414
8033,8231
8033,8382
8033,8484
8034,8559
8035,8684
8035,8850
8035,8998
8035,9819
8037,9294
8038,8861
8039,8517
8041,9622
8045,8890
8046,8721
8046,9537
8047,9192
8050,9745
8055,9944
8056,9490
8056,9867
8059,8197
8059,9256
8060,8614
8061,8697
8061,9940
8065,9025
8067,8480
8067,8796
8068,9886
8070,8758
8071,9761
8074,8081
8074,8167
8074,8859
8075,9578
8075,9582
8075,9683
8076,8826
8078,8615
8079,8963
8080,8902
8080,9564
8081,8859
8083,8094
8084,9115
8085,9833
8086,8190
8086,9980
8087,9101
8087,9522
8088,9968
8089,9660
8090,9702
8090,9897
8092,8207
8096,8657
8097,9058
8098,9102
8099,8941
8100,9561
8100,9576
8102,8776
8103,9138
8104,8635
8104,9140
8106,8644
8106,9016
8108,8799
8108,9930
8109,8496
8109,9202
8111,9758
8112,8748
8114,8757
8115,9166
8115,9342
8116,8212
8117,9430
8118,8242
8118,9809
8119,8300
8120,8505
8121,9783
8122,8222
8123,8325
8123,9821
8123,9985
8124,8320
8124,8353
8126,8799
8127,8833
8128,9759
8131,8192
8133,8320
8136,8668
8136,9127
8141,9923
8143,8688
8144,9010
8145,8634
8145,8636
8150,9476
8150,9688
8151,9406
8152,8344
8153,9112
8155,9851
8157,8783
8158,9924
8159,8407
8160,8199
8165,9674
8167,8465
8168,9674
8170,8298
8170,9558
8174,8835
8177,8479
8178,9506
8179,8296
8179,8627
8179,8741
8179,9108
8179,9738
8180,9754
8183,9880
8185,9413
8189,9808
8190,8264
8191,9033
8193,9755
8194,9310
8196,9852
8198,8304
8198,9583
8199,9713
8200,9031
8200,9563
8200,9670
8201,9630
8203,9682
8204,8979
8204,9535
8205,9079
8208,8893
8209,9416
8210,8259
8212,8681
8213,8706
8214,9645
8215,8573
8215,9015
8216,8955
8216,9142
8217,8936
8217,9645
8218,8534
8218,8857
8223,9481
8224,8351
8225,9268
8226,8779
8230,8916
8230,9282
8231,8382
8233,8970
8233,9475
8234,9730
8235,8658
8235,9781
8236,8701
8237,9857
8238,9902
8239,8680
8240,8822
8242,9432
8243,8319
8244,9743
8245,9573
8247,9580
8247,9621
8247,9888
8251,9179
8251,9638
8253,9433
8254,9701
8255,8338
8257,8817
8257,9685
8259,9852
8261,8335
8265,8462
8266,8963
8268,8297
8271,9693
8275,8872
8275,8996
8276,9340
8276,9794
8280,9695
8280,9697
8281,8980
8284,8855
8293,9443
8294,9829
8296,8627
8296,8741
8300,9628
8302,8943
8302,9813
8304,9583
8305,9616
8305,9929
8306,9579
8308,9189
8311,8680
8312,9131
8312,9946
8313,9095
8314,9838
8316,8357
8316,8486
8316,8655
8317,9724
8318,8468
8318,8761
8320,8353
8322,9661
8323,8946
8324,9130
8325,9821
8325,9985
8328,9170
8328,9486
8330,8728
8330,9046
8334,8971
8342,8719
8345,9512
8346,9555
8348,9153
8348,9591
8348,9652
8350,8927
8350,9899
8354,9850
8355,9139
8356,9299
8357,8486
8357,9647
8359,8724
8359,9149
8359,9741
8360,8985
8364,9438
8366,9641
8366,9716
8366,9817
8367,8503
8369,9699
8369,9812
8370,8450
8370,8509
8371,9120
8372,9523
8373,8809
8373,8974
8373,9855
8374,8453
8374,9705
8375,8589
8377,9866
8380,8425
8380,8748
8384,9086
8385,8402
8385,8957
8386,8887
8386,8924
8386,9162
8387,8754
8387,9188
8387,9477
8388,8795
8389,9906
8390,9770
8391,8429
8391,9982
8394,8946
8396,8599
8396,9960
8397,9016
8399,8585
8402,8865
8402,8907
8403,8613
8403,8775
8403,9368
8404,9116
8404,9286
8405,8458
8408,9143
8408,9244
8410,9075
8410,9905
8413,9177
8413,9525
8414,9173
8415,9818
8417,9144
8419,9911
8422,8879
8424,9877
8425,8748
8427,8502
8430,8815
8430,9374
8431,9048
8432,9594
8432,9955
8437,9194
8443,9304
8443,9990
8445,8807
8446,9243
8447,8524
8447,9571
8449,8528
8450,8509
8453,9705
8454,8611
8454,9678
8455,9593
8455,9991
8456,9906
8460,8710
8463,8881
8463,9822
8464,8653
8464,9934
8468,8761
8469,8562
8471,9134
8471,9613
8472,9449
8473,9007
8473,9478
8475,9014
8476,9294
8477,8612
8480,9968
8481,8951
8481,9626
8482,9722
8483,9377
8484,9363
8486,8655
8487,8542
8487,9559
8491,9488
8493,9771
8495,9012
8495,9780
8501,9126
8501,9204
8502,9065
8503,9039
8503,9796
8506,9121
8507,8919
8507,9856
8508,8780
8512,9027
8513,9115
8514,8816
8517,9111
8518,9013
8518,9239
8518,9544
8519,8843
8522,9110
8522,9763
8524,9390
8524,9571
8525,8898
8527,9180
8529,8550
8530,8797
8533,9879
8534,8857
8536,9355
8536,9963
8538,8558
8538,9795
8539,9864
8540,8752
8542,9559
8543,8594
8543,8702
8545,8570
8545,9360
8546,9480
8547,9289
8547,9442
8548,8588
8548,8848
8548,9190
8550,8695
8552,9487
8552,9715
8553,8869
8553,8912
8555,9516
8556,9423
8558,9795
8560,9326
8561,8919
8561,9856
8566,8760
8566,9448
8569,8600
8569,9677
8570,9216
8573,9015
8574,9634
8575,9976
8576,9908
8577,9470
8579,9136
8580,9250
8580,9252
8581,8637
8583,8888
8586,9101
8587,9113
8588,8848
8588,8982
8590,8661
8592,8920
8593,8814
8593,9269
8594,8702
8596,9439
8597,9502
8597,9950
8599,9960
8602,9209
8603,8704
8604,8993
8604,9829
8605,9150
8605,9922
8607,9284
8607,9534
8610,9303
8611,9518
8611,9678
8613,8775
8617,8945
8619,9622
8620,9363
8622,9973
8624,8975
8626,9364
8626,9572
8627,9108
8627,9738
8628,9092
8629,9668
8629,9988
8630,9003
8631,8763
8632,9903
8633,9941
8634,8636
8635,9140
8637,9201
8638,9784
8639,9245
8639,9389
8639,9832
8641,8765
8642,9371
8649,9167
8649,9824
8650,9728
8652,9352
8652,9552
8656,9017
8656,9067
8658,9781
8659,8715
8659,9706
8660,8692
8663,9588
8663,9939
8665,9380
8667,9020
8673,9426
8674,9503
8677,9199
8677,9451
8677,9806
8679,9834
8684,8850
8684,8998
8684,9819
8685,8707
8685,9553
8686,9212
8687,9673
8687,9763
8691,8789
8691,9217
8692,8774
8693,8703
8697,8802
8700,9578
8700,9955
8706,9521
8709,9925
8710,8743
8711,9203
8713,9231
8715,8842
8715,9706
8718,9343
8718,9768
8723,9319
8723,9619
8723,9635
8724,9741
8727,9080
8728,9046
8729,9539
8730,8876
8730,9145
8730,9235
8736,9607
8739,9187
8739,9623
8741,9108
8741,9738
8742,9572
8744,9087
8746,9418
8749,9584
8750,9309
8751,9966
8753,9617
8754,9477
8755,9537
8756,9532
8759,9416
8760,9707
8764,9971
8766,9009
8768,9782
8769,9650
8770,9535
8770,9744
8770,9861
8772,9808
8777,9805
8782,9379
8784,9045
8785,8853
8786,9636
8787,9971
8788,9342
8790,9664
8791,9375
8794,9771
8795,8835
8796,9742
8798,9418
8799,9930
8800,9928
8806,9436
8809,9513
8811,9335
8812,9650
8813,9679
8817,9685
8818,9590
8820,8977
8821,9213
8821,9339
8824,8977
8825,9960
8829,9322
8829,9531
8831,9179
8833,9498
8836,9200
8839,9070
8839,9454
8839,9727
8842,9706
8845,8863
8850,8998
8851,9441
8852,9060
8852,9651
8858,9234
8861,9810
8862,9575
8865,8907
8865,9256
8867,9786
8869,8912
8870,8939
8871,9109
8871,9938
8873,9046
8873,9082
8876,9145
8876,9235
8883,9085
8884,9694
8887,9162
8887,9238
8888,9270
8888,9978
8889,9128
8892,9907
8899,9033
8899,9286
8900,9091
8902,9291
8902,9564
8902,9658
8910,9028
8914,9461
8917,9214
8917,9762
8918,9358
8919,9074
8924,9238
8927,9899
8929,9277
8930,9335
8934,9391
8936,9645
8937,9411
8937,9495
8937,9986
8940,9261
8941,9745
8943,9813
8944,8981
8947,9545
8948,9757
8955,9142
8956,9933
8960,8967
8961,9543
8961,9882
8962,9194
8962,9471
8964,9274
8964,9717
8964,9835
8966,9467
8968,9242
8970,9118
8983,9898
8988,9328
8992,9103
8993,9829
8995,9323
8995,9728
8998,9178
8998,9819
8999,9585
9000,9427
9005,9992
9007,9825
9008,9435
9012,9029
9012,9147
9013,9239
9013,9297
9020,9942
9021,9320
9022,9270
9022,9978
9023,9055
9024,9499
9026,9462
9027,9577
9029,9780
9032,9236
9034,9049
9035,9592
9036,9224
9037,9965
9038,9094
9039,9185
9039,9796
9040,9305
9043,9499
9044,9689
9048,9935
9055,9659
9058,9405
9058,9533
9060,9651
9062,9172
9062,9844
9063,9860
9064,9846
9070,9454
9071,9430
9076,9146
9088,9222
9093,9954
9099,9986
9105,9491
9108,9738
9109,9938
9110,9763
9113,9219
9113,9532
9117,9894
9118,9424
9125,9229
9131,9794
9131,9946
9132,9377
9134,9613
9135,9656
9137,9346
9138,9453
9140,9384
9142,9368
9143,9244
9145,9235
9152,9272
9153,9652
9154,9436
9155,9246
9158,9821
9158,9985
9167,9824
9170,9486
9173,9309
9177,9525
9185,9454
9185,9796
9187,9623
9190,9469
9191,9307
9194,9471
9195,9520
9196,9547
9198,9351
9198,9729
9199,9806
9203,9268
9206,9428
9213,9339
9214,9762
9216,9297
9219,9532
9223,9272
9224,9999
9226,9496
9228,9943
9229,9455
9241,9325
9245,9389
9245,9832
9246,9741
9248,9323
9253,9468
9254,9602
9255,9605
9256,9806
9261,9653
9265,9541
9270,9978
9273,9648
9274,9690
9274,9717
9274,9892
9280,9313
9288,9700
9289,9990
9290,9451
9293,9300
9295,9341
9296,9796
9302,9926
9303,9742
9306,9529
9312,9912
9316,9423
9318,9547
9321,9647
9322,9531
9325,9710
9331,9969
9336,9440
9337,9429
9338,9714
9340,9577
9342,9710
9343,9768
9344,9413
9347,9680
9348,9371
9350,9489
9352,9552
9355,9963
9359,9827
9367,9736
9367,9944
9370,9392
9381,9474
9381,9672
9381,9972
9385,9579
9387,9961
9389,9832
9391,9484
9393,9473
9397,9734
9398,9432
9399,9772
9400,9797
9401,9669
9405,9533
9417,9612
9417,9727
9422,9612
9427,9667
9442,9639
9454,9727
9464,9659
9469,9599
9474,9672
9474,9972
9476,9688
9479,9565
9479,9863
9484,9598
9484,9703
9495,9986
9505,9904
9508,9965
9513,9855
9518,9678
9520,9747
9524,9570
9543,9882
9554,9748
9556,9790
9560,9816
9561,9576
9562,9910
9563,9670
9564,9658
9569,9919
9577,9828
9579,9682
9582,9683
9588,9939
9597,9615
9598,9779
9603,9780
9610,9630
9610,9868
9611,9858
9612,9727
9627,9992
9630,9868
9638,9708
9641,9716
9646,9750
9661,9753
9671,9785
9672,9972
9676,9981
9690,9892
9695,9697
9698,9845
9699,9812
9702,9897
9715,9977
9717,9835
9731,9826
9732,9926
9735,9766
9736,9944
9758,9789
9776,9780
9777,9952
9785,9881
9785,9890
9786,9893
9786,9900
9798,9948
9802,9998
9821,9985
9881,9890
9893,9900
9910,9957
9931,9964
